
> urban-warriors-2.0.0-rc13@2.0.0-rc.13 build
> npm test && node scripts/build.mjs


> urban-warriors-2.0.0-rc13@2.0.0-rc.13 pretest
> node scripts/test-kombax-20069-global-admin-moderation.mjs && node scripts/test-kombax-20070-pilot-readiness.mjs && node scripts/test-kombax-20071-security-privacy-hardening.mjs && node scripts/test-kombax-20072-legal-child-safety-ops.mjs && node scripts/test-kombax-20072-verifier-storage.mjs && node scripts/test-kombax-20077-backup-export-gateway.mjs && node scripts/test-disaster-recovery-20072.mjs && node scripts/test-kombax-20077-backup-ops.mjs && node scripts/test-health-20072.mjs && node scripts/test-auth-email-templates-20072.mjs && node scripts/test-auth-email-templates-20073.mjs && node scripts/test-kombax-20073-email-ux-polish.mjs && node scripts/test-kombax-20072-platform-legal.mjs && node scripts/test-kombax-20074-team-email-invitations.mjs && node scripts/test-kombax-20075-student-email-invitations.mjs && node scripts/test-kombax-20076-banner-positioning.mjs && node scripts/test-kombax-20077-data-lifecycle.mjs && node scripts/test-kombax-20077-owner-password-critical-otp.mjs && node scripts/test-kombax-20077-owner-support.mjs

KOMBAX 20069 GLOBAL ADMIN + MODERATION: PASS
OK build 20070 · permisos privados, readiness, telemetría, headers y cron hardening
KOMBAX 20071 security/privacy hardening: PASS
KOMBAX 20072 legal/child-safety operational closure: PASS
KOMBAX 20072 verifier Storage least-privilege: PASS
PASS KOMBAX 20077 backup export/verify hardening
OK backup completo incluye PostgreSQL
OK backup completo incluye todos los buckets Storage
OK backup completo genera manifiesto de integridad
OK script no incrusta secreto
OK restore DB exige destino aislado y credencial separada
OK restore DB usa pg_restore controlado
OK tooling Storage admite backup total y bloquea restore live
KOMBAX 20072 disaster recovery tooling: PASS
KOMBAX 20077 backup/verify operational controls: PASS
KOMBAX health endpoint contract (>=20072, current 20101): PASS
KOMBAX 20072 auth email templates: PASS
KOMBAX 20073 premium auth email templates: PASS
KOMBAX 20073 email UX polish/build identity: PASS
KOMBAX 20072 platform legal acceptance: PASS
KOMBAX 20074 team email invitations: PASS
KOMBAX 20075 student email invitations: PASS
KOMBAX 20076 banner positioning: PASS
PASS KOMBAX 20101 · data lifecycle & history hardening
KOMBAX 20077 Owner password + critical OTP: PASS
PASS support helper
PASS no fake membership
PASS club central guards
PASS professional support
PASS showcase support
PASS support audit
PASS admin support button
PASS app support handler
PASS support banner
PASS repository audit

> urban-warriors-2.0.0-rc13@2.0.0-rc.13 test
> node scripts/test-architecture.mjs && node scripts/test-contract.mjs && node scripts/test-rc4.mjs && node scripts/test-rc5.mjs && node scripts/test-rc6.mjs && node scripts/test-rc7.mjs && node scripts/test-rc8.mjs && node scripts/test-rc9.mjs && node scripts/test-rc10.mjs && node scripts/test-recovery-023.mjs && node scripts/test-release-b-safe-areas.mjs && node scripts/test-release-c-firebase-safe.mjs && node scripts/test-release-d-reminders.mjs && node scripts/test-release-e-finance.mjs && node scripts/test-release-f-material.mjs && node scripts/test-release-g-community.mjs && node scripts/test-release-h-images.mjs && node scripts/test-release-i-video.mjs && node scripts/test-release-j-multiclub.mjs && node scripts/test-rc12-finance-receipts.mjs && node scripts/test-rc13-finance-math.mjs && node scripts/test-rc13-backend-gate.mjs && node scripts/test-rc13-social-profiles.mjs && node scripts/test-rc13-events.mjs && node scripts/test-rc13-responsive.mjs && node scripts/test-rc13-sql-chain.mjs && node scripts/test-rc13-notifications-actionable.mjs && node scripts/test-rc13-club-public-profile.mjs && node scripts/test-rc13-social-access-safety.mjs && node scripts/test-rc13-android-play-readiness.mjs && node scripts/test-rc13-final-polish.mjs && node scripts/test-kombax-20022.mjs && node scripts/test-kombax-20023.mjs && node scripts/test-kombax-20024.mjs && node scripts/test-kombax-20025.mjs && node scripts/test-kombax-20026-premium.mjs && node scripts/test-kombax-20027-implementation.mjs && node scripts/test-kombax-20028-implementation.mjs && node scripts/test-kombax-20029-social-showcase.mjs && node scripts/test-kombax-20030-monitor-scopes.mjs && node scripts/test-kombax-20031-social-profile-avatar.mjs && node scripts/test-kombax-20033-club-access-codes.mjs && node scripts/test-kombax-20034-premium-neon-global.mjs && node scripts/test-kombax-20035-social-showcase-audit.mjs && node scripts/test-kombax-20036-interactive-club-manual.mjs && node scripts/test-kombax-20037-release-hardening.mjs && node scripts/test-kombax-20038-identity-album-media.mjs && node scripts/test-kombax-20039-member-manual.mjs && node scripts/test-kombax-20040-social-affiliation-contact.mjs && node scripts/test-kombax-20041-content-lifecycle-media.mjs && node scripts/test-kombax-20042-gateway-brand.mjs && node scripts/test-kombax-20043-relations-privacy.mjs && node scripts/test-kombax-20044-verified-profiles.mjs && node scripts/test-kombax-20045-public-profiles-audiences.mjs && node scripts/test-kombax-20046-security.mjs && node scripts/test-kombax-20047-member-profile.mjs && node scripts/test-kombax-20048-prefreeze.mjs && node scripts/test-kombax-20049-auth-receipts.mjs && node scripts/test-kombax-20050-account-security.mjs && node scripts/test-kombax-20051-security-ui-transversal.mjs && node scripts/test-kombax-20052-club-onboarding.mjs && node scripts/test-kombax-20053-club-verification.mjs && node scripts/test-kombax-20054-social-product-limits.mjs && node scripts/test-kombax-20055-mvp-profile-scope.mjs && node scripts/test-kombax-20056-club-navigation-branding.mjs && node scripts/test-kombax-20057-supabase-consolidation.mjs && node scripts/test-kombax-20057-rls-policy-consolidation.mjs && node scripts/test-kombax-20057-relational-fk-indexes.mjs && node scripts/test-kombax-20058-navigation-session-ux.mjs && node scripts/test-kombax-20058-header-activity.mjs && node scripts/test-kombax-20059-unlimited-chat.mjs && node scripts/test-kombax-20059-read-receipts.mjs && node scripts/test-kombax-20060-performance-scale.mjs && node scripts/test-kombax-20061-10k-scale.mjs && node scripts/test-kombax-20062-competitor-reopen-promo.mjs && node scripts/test-kombax-20063-social-messaging-final.mjs && node scripts/test-kombax-20064-master-admin-cleanup.mjs && node scripts/test-kombax-20065-role-invitations.mjs && node scripts/test-kombax-20066-qa-fixes.mjs && node scripts/test-kombax-20068-showcase-profiles.mjs && node scripts/test-kombax-20071-security-privacy-hardening.mjs && node scripts/test-backup-storage-20071.mjs && node scripts/test-kombax-20072-legal-child-safety-ops.mjs && node scripts/test-kombax-20072-verifier-storage.mjs && node scripts/test-disaster-recovery-20072.mjs && node scripts/test-health-20072.mjs && node scripts/test-auth-email-templates-20072.mjs && node scripts/test-auth-email-templates-20073.mjs && node scripts/test-kombax-20073-email-ux-polish.mjs && node scripts/test-kombax-20072-platform-legal.mjs && node scripts/test-kombax-20074-team-email-invitations.mjs && node scripts/test-kombax-20075-student-email-invitations.mjs && node scripts/test-kombax-20076-banner-positioning.mjs && node scripts/test-kombax-20077-data-lifecycle.mjs && node scripts/test-kombax-20077-backup-export-gateway.mjs && node scripts/test-kombax-20078-public-product-overview.mjs && node scripts/test-kombax-20079-finance-premium-foundation.mjs && node scripts/test-kombax-20080-finance-premium.mjs && node scripts/test-kombax-20081-finance-reports.mjs && node scripts/test-kombax-20082-finance-qa.mjs && node scripts/test-kombax-20082-finance-regression-matrix.mjs && node scripts/test-kombax-20083-finance-final.mjs && node scripts/test-kombax-20083-context-isolation.mjs && node scripts/test-kombax-20083-release.mjs && node scripts/test-kombax-20084-context-regression.mjs && node scripts/test-kombax-20084-security-go-live.mjs && node scripts/test-kombax-20084-pilot-release.mjs && node scripts/test-kombax-20084-cumulative-release.mjs && node scripts/test-kombax-20085-premium-finance-social.mjs && node scripts/test-kombax-20086-finance-receipts-reports-visuals.mjs && node scripts/test-kombax-20087-finance-explorer-stability.mjs && node scripts/test-kombax-20088-finance-mobile-responsive.mjs && node scripts/test-kombax-20089-finance-user-language.mjs && node scripts/test-kombax-20090-events-foundation.mjs && node scripts/test-kombax-20091-events-organizations.mjs && node scripts/test-kombax-20092-fighters-fight-cards.mjs && node scripts/test-kombax-20093-events-social-viral.mjs && node scripts/test-kombax-20094-live-results-highlights-history.mjs && node scripts/test-kombax-20095-integration-hardening.mjs && node scripts/test-kombax-20096-events-premium-visual.mjs && node scripts/test-kombax-20097-events-workspace-isolation.mjs && node scripts/test-kombax-20098-events-large-format.mjs && node scripts/test-kombax-20099-events-official-album-media.mjs && node scripts/test-kombax-20100-brand-heroes.mjs && node scripts/test-kombax-20101-demo-event-showcase.mjs && node scripts/test-kombax-20101-event-visual-editor-hardening.mjs && node scripts/test-kombax-20101-events-filter-create-r6.mjs && node scripts/test-kombax-20101-gateway-atmospheric-r7.mjs && node scripts/test-kombax-20101-urban-warriors-jiujitsu-r8.mjs && node scripts/test-kombax-20101-real-alpha-smoke-r11.mjs && node scripts/test-kombax-20101-gateway-reframe-r12.mjs && node scripts/test-kombax-20101-mobile-events-fightcards-r13.mjs && node scripts/test-kombax-20101-event-creator-r14.mjs && node scripts/test-kombax-20101-responsive-visual-tuning-r15.mjs && node scripts/test-kombax-20101-event-management-r16.mjs && node scripts/test-kombax-20101-android-fighter-images-r17.mjs && node scripts/test-kombax-20101-demo-event-image-routing-r18.mjs && node scripts/test-kombax-20101-single-main-event-r18.mjs && node scripts/test-kombax-20101-urban-realism-r18.mjs && node scripts/test-kombax-20101-showcase-urban-products-r19.mjs && node scripts/test-kombax-20101-urban-warriors-muay-thai-seminar-r20.mjs && node scripts/test-kombax-20101-global-media-framing-r21.mjs && node scripts/test-kombax-20101-performance-scale-r22.mjs && node scripts/test-kombax-20101-urban-fighter-images-r23.mjs && node scripts/test-kombax-20101-pilot-stabilization-r25.mjs && node scripts/test-kombax-20101-privacy-support-events-nav-r26.mjs && node scripts/test-kombax-20101-support-email-frontend-r27.mjs && node scripts/test-kombax-20101-profile-capability-r28.mjs && node scripts/test-kombax-20101-managed-profile-hubs-r29.mjs && node scripts/test-kombax-20101-professional-relations-r30.mjs && node scripts/test-kombax-20101-professional-finance-r31.mjs && node scripts/test-kombax-20101-profile-matrix-r32.mjs && node scripts/test-kombax-20101-federation-licenses-r33.mjs && node scripts/test-kombax-20101-r33-1-federation-ux.mjs && node scripts/test-kombax-20101-r34-assist-preparation.mjs && node scripts/test-kombax-20101-r35-event-centric-preparation.mjs && node scripts/test-kombax-20101-r36-event-links-fighter-discovery.mjs && node scripts/test-kombax-20101-r37-brand-business-hub.mjs && node scripts/test-kombax-20101-r38-assist-chat-migration-economy.mjs && node scripts/test-kombax-20101-r39-club-navigation-migrations.mjs && node scripts/test-kombax-20101-r40-social-events-visibility.mjs

OK: frontend 2.0 no reutiliza UW_STORE
OK: sin vía demo paralela
OK: gateway versionado referenciado
OK: js/core/adaptive-poller.js no hace fetch directo
OK: js/core/backend.js no hace fetch directo
OK: js/core/capability-resolver.js no hace fetch directo
OK: js/core/context-isolation-20083.js no hace fetch directo
OK: js/core/demo-directory.js no hace fetch directo
OK: js/core/demo-showcase.js no hace fetch directo
OK: js/core/finance-adapter.js no hace fetch directo
OK: js/core/finance-math.js no hace fetch directo
OK: js/core/identity-context.js no hace fetch directo
OK: js/core/invitations.js no hace fetch directo
OK: js/core/media.js no hace fetch directo
OK: js/core/permissions.js no hace fetch directo
OK: js/core/platform.js no hace fetch directo
OK: js/core/profile-registry.js no hace fetch directo
OK: js/core/query-cache.js no hace fetch directo
OK: js/core/repositories.js no hace fetch directo
OK: js/core/security-go-live-20084.js no hace fetch directo
OK: js/core/state.js no hace fetch directo
OK: js/core/telemetry.js no hace fetch directo
OK: js/core/utils.js no hace fetch directo
OK: js/delete-account.js no hace fetch directo
OK: js/modules/account-security.js no hace fetch directo
OK: js/modules/admin.js no hace fetch directo
OK: js/modules/auth-recovery.js no hace fetch directo
OK: js/modules/brand-business.js no hace fetch directo
OK: js/modules/brand-hub.js no hace fetch directo
OK: js/modules/club-kombax-hub.js no hace fetch directo
OK: js/modules/club-profile.js no hace fetch directo
OK: js/modules/comms-material.js no hace fetch directo
OK: js/modules/community.js no hace fetch directo
OK: js/modules/competition-preparation.js no hace fetch directo
OK: js/modules/competitor-hub.js no hace fetch directo
OK: js/modules/customer-operations.js no hace fetch directo
OK: js/modules/dashboard-catalog.js no hace fetch directo
OK: js/modules/documents.js no hace fetch directo
OK: js/modules/event-connections.js no hace fetch directo
OK: js/modules/events.js no hace fetch directo
OK: js/modules/federation-hub.js no hace fetch directo
OK: js/modules/federation-licenses.js no hace fetch directo
OK: js/modules/fighter-discovery.js no hace fetch directo
OK: js/modules/finance-premium-bootstrap.js no hace fetch directo
OK: js/modules/finance-premium.js no hace fetch directo
OK: js/modules/finance.js no hace fetch directo
OK: js/modules/gateway.js no hace fetch directo
OK: js/modules/groups-members.js no hace fetch directo
OK: js/modules/help-legal.js no hace fetch directo
OK: js/modules/kombax-event-visuals.js no hace fetch directo
OK: js/modules/kombax-events.js no hace fetch directo
OK: js/modules/kombax-social.js no hace fetch directo
OK: js/modules/lifecycle.js no hace fetch directo
OK: js/modules/managed-profile-hub.js no hace fetch directo
OK: js/modules/platform-admin-access.js no hace fetch directo
OK: js/modules/platform-admin.js no hace fetch directo
OK: js/modules/platform-legal.js no hace fetch directo
OK: js/modules/portal.js no hace fetch directo
OK: js/modules/professional-finance.js no hace fetch directo
OK: js/modules/professional-hub.js no hace fetch directo
OK: js/modules/professional-operations.js no hace fetch directo
OK: js/modules/public-profile.js no hace fetch directo
OK: js/modules/showcase.js no hace fetch directo
OK: js/modules/social-post-management.js no hace fetch directo
OK: js/modules/spectator-hub.js no hace fetch directo
OK: js/modules/sports-profile.js no hace fetch directo
OK: js/modules/support-privacy.js no hace fetch directo
OK: js/modules/training.js no hace fetch directo
OK: js/modules/work-scopes.js no hace fetch directo
OK: js/public-product-overview.js no hace fetch directo
OK: js/ui/brand-hero.js no hace fetch directo
OK: js/ui/components.js no hace fetch directo
OK: js/ui/icons.js no hace fetch directo
OK: js/ui/media-framing.js no hace fetch directo
OK: mutación valida contrato antes de escribir
OK: respuesta de mutación valida versión backend
OK: respuesta valida request_id
OK: service worker no cachea runtime JS/CSS
OK: todas las operaciones repository pertenecen al contrato (94)
OK: cobertura funcional de operaciones: 84
OK: formularios tienen listener submit directo
OK: estado visual Guardando y bloqueo doble envío
OK: UI espera confirmación backend antes de cerrar formulario
OK: formularios no se cierran al volver del selector Android
OK: el mismo botón móvil abre y cierra el menú lateral
OK: menú lateral permite desplazamiento táctil vertical
ARQUITECTURA RC10: PASS
OK: E2E usa código de sesión único por ejecución
OK: E2E no reutiliza código fijo de sesión
OK: grafo de imports relativo resuelto
OK: Android RC13 mantiene versionCode monótono desde 20021
OK: Android sirve ES modules desde origen HTTPS virtual
OK: User-Agent Android identifica KOMBAX y la build RC13
OK contrato RC13/Finance Premium: 98 operaciones frontend dentro de 103 permitidas; legado completo 90
OK RC4: migraciones 001→017 permanecen idénticas a RC3
OK RC4: familia/alumno tiene navegación de producto y Comunidad sin diagnóstico
OK RC4: navegación final de usuario no expone diagnóstico
OK RC4: monitor conserva acceso gobernado a alumnos, grupos, sesiones y asistencia
OK RC4: economía conserva acceso gobernado a finanzas y avisos de cobro
OK RC4: portal familiar recupera check-in, menor y multideporte
OK RC4: portal familiar incluye selector y KPIs deportivos
OK RC4: acciones familiares usan repositories y gateway gobernado
OK RC4: audiencias de comunicaciones coinciden con backend SQL
OK RC4: design system premium cubre móvil, portal, pipeline y feed
OK RC4: tablas se convierten en cards etiquetadas en móvil
OK RC4: login/onboarding recupera identidad del club y accesos públicos KOMBAX
RC4 PREMIUM: PASS
OK RC5: shell cotidiano no expone versión/backend
OK RC5: login no muestra versión técnica
OK RC5: Gestor/Coordinación no tienen diagnóstico en navegación cotidiana
OK RC5: herramientas técnicas no se exponen en Configuración del club
OK RC5: sistema de iconos SVG profesional disponible
OK RC5: navegación usa el sistema SVG
OK RC5: topbar y sesión usan SVG coherentes
OK RC5: design system estiliza iconos, badge y subida de archivos
OK RC5: repositorio sube multimedia y obtiene URL pública
OK RC5: cliente aplica límite y MIME del bucket
OK RC5: publicaciones permiten subida directa de imagen
OK RC5: material permite subida directa de imagen
OK RC5: cliente Storage soporta URL pública sin DML nuevo
OK RC5: backend existente tiene bucket y policy de escritura pública autorizada
OK RC5: publicar genera notificación transaccional en SQL
OK RC5: SQL segmenta avisos por audiencia
OK RC5: lectura individual de avisos compartidos se fusiona correctamente
OK RC5: entrada y sesión activa muestran pendientes agrupados/nuevas notificaciones
OK RC5: publicar refresca centro de notificaciones y confirma al editor
OK RC5: infraestructura existente contempla programadas y push FCM cuando está configurado
OK RC5: migraciones 001→017 permanecen idénticas a la base certificada
RC5 MEDIA + ICONOS + NOTIFICACIONES: PASS
OK RC6: RC13 conserva capa funcional RC6 y compatibilidad epoch 160
OK RC6: operación gobernada grupo.eliminar
OK RC6: operación gobernada alumno.archivar
OK RC6: operación gobernada alumno.eliminar
OK RC6: operación gobernada preinscripcion.cancelar
OK RC6: operación gobernada preinscripcion.eliminar
OK RC6: operación gobernada sesion.eliminar
OK RC6: operación gobernada disciplina.eliminar
OK RC6: operación gobernada grado.eliminar
OK RC6: operación gobernada tarifa.eliminar
OK RC6: operación gobernada material.eliminar
OK RC6: operación gobernada publicacion.eliminar
OK RC6: operación gobernada recibo.anular
OK RC6: operación gobernada documento.actualizar
OK RC6: operación gobernada documento.archivar
OK RC6: operación gobernada documento.eliminar
OK RC6: expediente documental con trazabilidad
OK RC6: UI de archivo documental completa
OK RC6: familia/alumno puede aportar documentación a su expediente
OK RC6: ciclo de vida de grupos y alumnos visible sin borrado profundo en UX
OK RC6: recibos se anulan con trazabilidad
OK RC6: sesiones conservan borrado seguro y reservan borrado profundo fuera de la UX ordinaria
OK RC6: publicaciones y tienda premium completas
OK RC6: personalización versionada con logo y portada subida a Storage
OK RC6: branding premium usa color, logo y fondos
OK RC6: runner final verifica Storage y lifecycle
OK RC6: migraciones 001→017 conservadas byte a byte
RC6 FINAL PRODUCT: PASS
OK RC7: RC13 conserva regresión RC7 / v166
OK RC7: operación grupo.eliminar_forzado
OK RC7: operación alumno.eliminar_forzado
OK RC7: operación sesion.eliminar_forzado
OK RC7: operación disciplina.eliminar_forzado
OK RC7: operación grado.eliminar_forzado
OK RC7: operación tarifa.eliminar_forzado
OK RC7: operación material.eliminar_forzado
OK RC7: operación publicacion.limpiar_antiguas
OK RC7: Secretaría entra en gestión editorial
OK RC7: borrado de publicación limpia avisos y devuelve imagen
OK RC7: limpieza física de multimedia integrada sin limpieza masiva en UX
OK RC7: reemplazar/quitar imagen elimina archivo anterior
OK RC7: borrado profundo reservado fuera de la UX de alumnos y grupos
OK RC7: borrado profundo retirado del ciclo operativo normal
OK RC7: certificación final limpia sus propios datos
OK RC7: borrado directo conservado y limpieza masiva retirada de la UX
OK RC7: branding reemplazable sin dejar imágenes huérfanas
OK RC7: limpieza masiva puede incluir publicaciones publicadas por decisión explícita
RC7 DELETION + MEDIA CLEANUP: PASS
OK RC8: regresión RC8 preservada en RC13 / v166
OK RC8: tabla y operaciones de reserva gobernadas
OK RC8: aforo protegido frente a concurrencia
OK RC8: reserva limitada al alumno/familia autorizado y matrícula activa
OK RC8: reserva notifica al equipo operativo
OK RC8: repositories integran confirmación/cancelación
OK RC8: portal alumno/familia permite RSVP previo
OK RC8: Dirección/Secretaría/Monitor ven confirmaciones por sesión
OK RC8: archivo documental dispone de descarga real
OK RC8: familia/alumno puede descargar documentos visibles
OK RC8: E2E RC8 verifica reserva real
RC8 SESSION RSVP + DOCUMENT DOWNLOAD: PASS
OK RC9: RC13 conserva Gestor/Coordinación de RC9 y diagnóstico v166
OK RC9: nombres de rol definitivos
OK RC9: invitaciones y E2E reservados al Gestor de la app
OK RC9: Coordinación recibe permiso operativo discipline
OK RC9: Coordinación recibe permiso operativo member
OK RC9: Coordinación recibe permiso operativo tariff
OK RC9: Coordinación recibe permiso operativo communication
OK RC9: Coordinación recibe permiso operativo session
OK RC9: Coordinación recibe permiso operativo document
OK RC9: Coordinación recibe permiso operativo paymentAdmin
OK RC9: Coordinación recibe permiso operativo clubConfig
OK RC9: sesión colapsa permisos auxiliares bajo Coordinación
OK RC9: Gestor/Coordinación comparten navegación operativa sin herramientas técnicas en el shell de club
OK RC9: equipo representa Coordinación como un único rol y solo Gestor puede concederla
OK RC9: herramientas técnicas quedan fuera del frontend ordinario del club
OK RC9: dashboard distingue Gestor y Coordinación
OK RC9: Coordinación usa permisos operativos compuestos certificados
OK RC9: Coordinación nunca recibe dirección ni puede autoelevarse
OK RC9: RC8 encapsulado y gateway RC9 activo
OK RC9: regresión RC9 incluida; Android conserva actualización desde 20021
RC9 GESTOR + COORDINACIÓN: PASS
OK RC10: versionado RC13 sobre base RC10 / diagnóstico v166
OK RC10: operación RC10 gobernada notificacion.leer_grupo
OK RC10: operación RC10 gobernada notificacion.leer_todas
OK RC10: operación RC10 gobernada notificaciones.preferencias
OK RC10: operación RC10 gobernada sesion.serie.guardar
OK RC10: operación RC10 gobernada sesion.excepcion.guardar
OK RC10: operación RC10 gobernada sesion.serie.finalizar
OK RC10: operación RC10 gobernada sesiones.recurrentes.generar
OK RC10: operación RC10 gobernada comunidad.publicar
OK RC10: operación RC10 gobernada comunidad.eliminar
OK RC10: operación RC10 gobernada comunidad.moderar
OK RC10: operación RC10 gobernada perfil.avatar
OK RC10: operación RC10 gobernada legal.aceptar
OK RC10: Comunidad: 3/5 publicaciones, vídeo 15 s y retención 30 días
OK RC10: UI Comunidad muestra cuota mensual
OK RC10: cliente conserva por defecto vídeo máximo 15 segundos
OK RC10: Edge Function elimina Comunidad caducada y su media
OK RC10: sesiones recurrentes y excepciones instaladas
OK RC10: edición/finalización de series preserva histórico y limpia futuro seguro
OK RC10: UI de recurrencias y excepciones activa
OK RC10: notificaciones agrupadas y acciones masivas preservadas con protección de tareas accionables
OK RC10: tabla histórica de preferencias preservada sin destrucción
OK RC10: Tesorería conserva estado de cuenta y amplía métricas operativas
OK RC10: foto privada RC10 preservada como capa separada del perfil KOMBAX
OK RC10: textos legales versionados, aceptación persistida y alta futura de clubes cubierta
OK RC10: registro muestra y conserva aceptación legal
OK RC10: Ayuda interactiva y recursos restringen cartel al equipo autorizado
OK RC10: cartel genérico KOMBAX existe y tiene contenido
OK RC10: manual antiguo Urban Warriors retirado del frontend
OK RC10: dispatcher mantiene horizonte recurrente y FCM
OK RC10: Android resincroniza token FCM y abre la ruta de una push al tocarla
OK RC10: worker de cobros solo despacha notificaciones financieras
OK RC10: SQL 022 termina con diagnóstico seguro para SQL Editor
OK RC10: E2E del navegador cubre recurrencia y Comunidad
OK RC10: tests base RC10 preservan la cadena y versionado monótono
RC10 FINAL MVP: PASS
OK 023: recuperación RC10 aislada, verificable y reversible
OK RELEASE B: viewport permite safe areas
OK RELEASE B: variables compartidas superior e inferior
OK RELEASE B: cabecera reserva barra de estado
OK RELEASE B: contenido reserva navegación inferior
OK RELEASE B: acciones de modal quedan accesibles
OK RELEASE B: Android obtiene barras y recorte
OK RELEASE B: Android comunica insets al frontend
OK RELEASE B: WebView usa edge-to-edge controlado
RELEASE B SAFE AREAS: PASS
OK RELEASE C: Firebase se inicializa explícitamente
OK RELEASE C: fallo Firebase no bloquea arranque
OK RELEASE C: token solo después de inicialización segura
OK RELEASE C: token asíncrono y tolerante a fallos
OK RELEASE C: estado de permiso distingue solicitud y bloqueo
OK RELEASE C: apertura directa de ajustes con fallback
OK RELEASE C: puente Android expone onboarding
OK RELEASE C: renovación queda persistida y registrada
OK RELEASE C: notificación bloqueada no causa crash
OK RELEASE C: experiencia explica permiso y ajustes
OK RELEASE C: frontend registra token cuando llega
RELEASE C FIREBASE SAFE: PASS
OK RELEASE D: la experiencia elimina categorías push personales
OK RELEASE D: la bandeja usa solo el permiso global Android
OK RELEASE D: las Edge Functions no filtran categorías personales
OK RELEASE D: solo se usan dispositivos push activos
OK RELEASE D: los dos circuitos desactivan tokens FCM inválidos
OK RELEASE D: el formulario conserva cinco días válidos
OK RELEASE D: base de datos conserva cinco avisos e idempotencia
OK RELEASE D: procesamiento manual e historial siguen disponibles
RELEASE D REMINDERS: PASS
OK RELEASE E: origen financiero extensible y no destructivo
OK RELEASE E: vistas derivadas conservan RLS del llamante
OK RELEASE E: pagos se agregan una vez por cargo y solo validados
OK RELEASE E: métricas mensuales y anuales derivadas
OK RELEASE E: índice multiclub para filtros financieros
OK RELEASE E: rollback no destruye datos financieros
OK RELEASE E: filtros se ejecutan en Supabase
OK RELEASE E: panel interno anual completo
OK RELEASE E: portal alumno/familia deliberadamente simple
OK RELEASE E: filtros adaptados a escritorio y móvil
OK RELEASE E: portal no recibe notas administrativas
OK RELEASE E: totales visibles respetan origen, alumno, mes y estado
OK RELEASE E: cargos filtrados conservan su saldo específico
RELEASE E FINANCE: PASS
OK RELEASE F: pedido conserva estado, validador y fecha
OK RELEASE F: validación bloquea filas y evita stock negativo
OK RELEASE F: cargo financiero queda vinculado a origen material
OK RELEASE F: validación repetida no duplica cargo
OK RELEASE F: alumno no puede autoaprobar la deuda
OK RELEASE F: gateway intercepta solo material y preserva RC10
OK RELEASE F: escritura directa de pedidos y entregas queda cerrada
OK RELEASE F: 025 preserva contratos de vistas existentes
OK RELEASE F: interfaz presenta concepto de material sin sufijo técnico
OK RELEASE F: un solo motor genera avisos individuales y agrupados
OK RELEASE F: avisos conservan historial e idempotencia
OK RELEASE F: los dos cambios tienen punto de retorno
OK RELEASE F: frontend comunica validación directa autorizada
OK RELEASE F: interfaz separa solicitud y validación
OK RELEASE F: avisos de material entran en los workers push existentes
OK RELEASE F: material se separa en cargos, saldos y recibos
RELEASE F MATERIAL: PASS
OK RELEASE G: índice multiclub coincide con el cursor
OK RELEASE G: índice tiene rollback
OK RELEASE G: consulta usa cursor estable de fecha e id
OK RELEASE G: repositorio impide páginas mayores de 20
OK RELEASE G: feed carga bloques de veinte
OK RELEASE G: scroll progresivo conserva alternativa manual
OK RELEASE G: Comunidad deja de descargar el histórico completo
RELEASE G COMMUNITY: PASS
OK RELEASE H: optimización limita resolución y peso final
OK RELEASE H: WebP usa calidad progresiva
OK RELEASE H: decodificación tiene fallback compatible
OK RELEASE H: recursos de imagen se liberan
OK RELEASE H: imágenes públicas también se optimizan antes de Storage
OK RELEASE H: Comunidad informa optimización y envía metadatos
OK RELEASE H: Storage termina esperas indefinidas con un error comprensible
OK RELEASE H: PostgreSQL guarda metadatos, no binarios
OK RELEASE H: wrapper preserva operaciones RC10
OK RELEASE H: rollback es conservador
RELEASE H IMAGES: PASS
OK RELEASE I: cliente conserva por defecto 50 MB y 15 segundos
OK RELEASE I: cliente conserva por defecto máximo 1080p en horizontal o vertical
OK RELEASE I: portada automática se extrae del vídeo
OK RELEASE I: feed no precarga vídeo y usa miniatura
OK RELEASE I: Gestor/Coordinación puede elegir y cambiar portada
OK RELEASE I: repositorio admite vídeo 50 MB y persiste paths
OK RELEASE I: bucket y esquema soportan el requisito
OK RELEASE I: backend restringe portada manual al equipo autorizado
OK RELEASE I: wrapper preserva el resto del contrato RC10
OK RELEASE I: caducidad limpia vídeo y ambas portadas
OK RELEASE I: Release I tiene punto de retorno
RELEASE I VIDEO: PASS
OK RELEASE J: índice multiclub idx_socios_club_nombre
OK RELEASE J: índice multiclub idx_sesiones_club_fecha
OK RELEASE J: índice multiclub idx_comunicaciones_club_feed
OK RELEASE J: índice multiclub idx_material_catalogo_club_activo
OK RELEASE J: índice multiclub idx_dispositivos_push_club_activos
OK RELEASE J: índice multiclub idx_notificaciones_dispatch_pendiente
OK RELEASE J: token push exige usuario y pertenencia al club
OK RELEASE J: preferencias y lecturas quedan ligadas a tenant visible
OK RELEASE J: DML crítico pasa exclusivamente por gateway
OK RELEASE J: rollback restaura privilegios efectivos previos
OK RELEASE J: migración entrega diagnóstico auditable
OK RELEASE J: publicaciones_comunidad forma parte del control tenant
OK RELEASE J: comunicaciones forma parte del control tenant
OK RELEASE J: cuotas forma parte del control tenant
OK RELEASE J: material_catalogo forma parte del control tenant
OK RELEASE J: dispositivos_push forma parte del control tenant
OK RELEASE J: preferencias_notificacion forma parte del control tenant
OK RELEASE J: repositorios filtran el club en backend
OK RELEASE J: matriz documenta SELECT
OK RELEASE J: matriz documenta INSERT
OK RELEASE J: matriz documenta UPDATE
OK RELEASE J: matriz documenta DELETE
RELEASE J MULTICLUB: PASS
OK RC12 FINANCE: recibos conservan origen y concepto
OK RC12 FINANCE: emisión existente y clasificación RC12 quedan auditadas
OK RC12 FINANCE: recibo de material muestra el artículo y no la disciplina
OK RC12 FINANCE: auditor detecta cargos cobrados sin recibo
OK RC12 FINANCE: auditor impide recibos prematuros o duplicados
OK RC12 FINANCE: preflight y verificación posterior diferenciados
OK RC12 FINANCE: prueba funcional SQL revierte todos sus datos
OK RC12 FINANCE: prueba transaccional cubre cuota y material
OK RC12 FINANCE: rollback preserva la clasificación histórica
OK RC12 FINANCE: indicadores y desglose respetan el filtro seleccionado
OK RC12 FINANCE: cargos visibles se separan por origen
OK RC12 FINANCE: cobro propone el saldo específico y admite pago parcial
OK RC12 FINANCE: recibos muestran concepto y origen
OK RC12 FINANCE: alertas e historial mantienen el mismo origen visible
OK RC12 FINANCE: la interfaz mantiene el gateway gobernado de pagos
RC12 FINANCE + RECEIPTS: PASS
OK RC13 FINANCE MATH: total generado suma cuota + material + otros una sola vez
OK RC13 FINANCE MATH: cobrado se limita al importe de cada cargo y no sobrecuenta sobrepagos
OK RC13 FINANCE MATH: pendiente suma únicamente saldos restantes
OK RC13 FINANCE MATH: vencido suma el saldo de cargos vencidos
OK RC13 FINANCE MATH: alumnos con deuda se cuentan sin duplicados
OK RC13 FINANCE MATH: porcentaje de cobro deriva del mismo conjunto filtrado
OK RC13 FINANCE MATH: desglose de cuotas cuadra
OK RC13 FINANCE MATH: desglose de material cuadra
OK RC13 FINANCE MATH: desglose de otros cuadra
OK RC13 FINANCE MATH: suma de orígenes coincide con total general
RC13 FINANCE FILTER MATH: PASS
OK RC13 BACKEND GATE: build 20024 exige las 18 capacidades vigentes del gateway principal
OK RC13 BACKEND GATE: contrato cliente exige perfil_deportivo.guardar
OK RC13 BACKEND GATE: contrato cliente exige perfil_deportivo.foto
OK RC13 BACKEND GATE: contrato cliente exige perfil_deportivo.moderar
OK RC13 BACKEND GATE: contrato cliente exige comunidad.like
OK RC13 BACKEND GATE: contrato cliente exige evento.guardar
OK RC13 BACKEND GATE: contrato cliente exige evento.estado
OK RC13 BACKEND GATE: contrato cliente exige evento.participante.externo
OK RC13 BACKEND GATE: contrato cliente exige evento.inscripcion.solicitar
OK RC13 BACKEND GATE: contrato cliente exige evento.inscripcion.estado
OK RC13 BACKEND GATE: contrato cliente exige evento.inscripcion.baja
OK RC13 BACKEND GATE: contrato cliente exige evento.combate.guardar
OK RC13 BACKEND GATE: contrato cliente exige evento.combate.eliminar
OK RC13 BACKEND GATE: contrato cliente exige notificacion.revisar
OK RC13 BACKEND GATE: contrato cliente exige club_publico.guardar
OK RC13 BACKEND GATE: contrato cliente exige comunidad.denunciar
OK RC13 BACKEND GATE: contrato cliente exige comunidad.bloquear
OK RC13 BACKEND GATE: contrato cliente exige comunidad.denuncia.estado
OK RC13 BACKEND GATE: contrato cliente exige comunidad_general.moderar_acceso
OK RC13 BACKEND GATE: cliente retira la activación legal 1.0 sustituida por el gateway social 041
OK RC13 BACKEND GATE: login/restauración falla de forma explícita si Supabase no tiene RC13 completo
OK RC13 BACKEND GATE: 032 publica perfil_deportivo.guardar en contrato runtime
OK RC13 BACKEND GATE: 032 publica perfil_deportivo.foto en contrato runtime
OK RC13 BACKEND GATE: 032 publica perfil_deportivo.moderar en contrato runtime
OK RC13 BACKEND GATE: 032 publica comunidad.like en contrato runtime
OK RC13 BACKEND GATE: 033 publica evento.guardar en contrato runtime
OK RC13 BACKEND GATE: 033 publica evento.estado en contrato runtime
OK RC13 BACKEND GATE: 033 publica evento.participante.externo en contrato runtime
OK RC13 BACKEND GATE: 033 publica evento.inscripcion.solicitar en contrato runtime
OK RC13 BACKEND GATE: 033 publica evento.inscripcion.estado en contrato runtime
OK RC13 BACKEND GATE: 033 publica evento.inscripcion.baja en contrato runtime
OK RC13 BACKEND GATE: 033 publica evento.combate.guardar en contrato runtime
OK RC13 BACKEND GATE: 033 publica evento.combate.eliminar en contrato runtime
OK RC13 BACKEND GATE: 034 publica notificacion.revisar en contrato runtime
OK RC13 BACKEND GATE: 035 publica club_publico.guardar en contrato runtime
OK RC13 BACKEND GATE: 036 publica comunidad_general.activar en contrato runtime
OK RC13 BACKEND GATE: 036 publica comunidad.denunciar en contrato runtime
OK RC13 BACKEND GATE: 036 publica comunidad.bloquear en contrato runtime
OK RC13 BACKEND GATE: 036 publica comunidad.denuncia.estado en contrato runtime
OK RC13 BACKEND GATE: 036 publica comunidad_general.moderar_acceso en contrato runtime
RC13 BUILD 20020 BACKEND CAPABILITY GATE: PASS
OK RC13 SOCIAL: perfil deportivo está separado del perfil administrativo
OK RC13 SOCIAL: privacidad del alumno y bloqueo de moderación son estados independientes
OK RC13 SOCIAL: titular y tutor vinculado pueden editar
OK RC13 SOCIAL: visibilidad exige membresía del mismo club
OK RC13 SOCIAL: moderación no crea pseudo-perfiles para socios sin perfil deportivo
OK RC13 SOCIAL: tabla de perfil no ofrece SELECT directo al cliente
OK RC13 SOCIAL: foto deportiva privada respeta visibilidad del perfil
OK RC13 SOCIAL: subir solo una foto no publica el perfil accidentalmente
OK RC13 SOCIAL: lectura pública exige consentimiento y ausencia de bloqueo de moderación
OK RC13 SOCIAL: moderación no puede sobrescribir la preferencia de privacidad del alumno
OK RC13 SOCIAL: RPC pública no expone telefono
OK RC13 SOCIAL: RPC pública no expone email
OK RC13 SOCIAL: RPC pública no expone fecha_nacimiento
OK RC13 SOCIAL: RPC pública no expone direccion
OK RC13 SOCIAL: RPC pública no expone contacto_emergencia
OK RC13 SOCIAL: RPC pública no expone iban
OK RC13 SOCIAL: RPC pública no expone documento
OK RC13 SOCIAL: disciplina/grado oficiales se derivan del club
OK RC13 SOCIAL: borrar un socio puede desacoplar el autor sin intentar anular club_id
OK RC13 SOCIAL: likes tienen tabla propia
OK RC13 SOCIAL: un usuario solo puede dar un like por publicación
OK RC13 SOCIAL: cada usuario solo puede leer su propia fila de like
OK RC13 SOCIAL: mutación devuelve solo estado propio y contador
OK RC13 SOCIAL: frontend consulta únicamente likes propios
OK RC13 SOCIAL: no existe API frontend para listar identidades de likes
OK RC13 SOCIAL: Comunidad muestra y permite alternar el contador de likes
OK RC13 SOCIAL: 20.048 Comunidad enlaza al directorio y perfil KOMBAX canónico
OK RC13 SOCIAL: editor advierte y limita el contenido compartido
OK RC13 SOCIAL: frontend distingue privacidad voluntaria de moderación
OK RC13 SOCIAL: 20.048 portal unifica perfil público y conserva expediente privado separado
OK RC13 SOCIAL: 032 no debe aplicarse antes de certificar Finanzas 031 y hardening multiclub 030
OK RC13 SOCIAL: verificación cubre privacidad y consistencia de contador
OK RC13 SOCIAL: rollback cierra las nuevas lecturas seguras sin destruir datos
RC13 SOCIAL + SPORTS PROFILES: PASS
OK RC13 EVENTS: eventos tienen entidad propia
OK RC13 EVENTS: inscritos tienen entidad propia
OK RC13 EVENTS: combates manuales tienen entidad propia
OK RC13 EVENTS: participante puede ser socio o externo
OK RC13 EVENTS: participante externo no almacena telefono
OK RC13 EVENTS: participante externo no almacena email
OK RC13 EVENTS: participante externo no almacena direccion
OK RC13 EVENTS: participante externo no almacena documento_identidad
OK RC13 EVENTS: modelo impide mezclar externo con socio interno
OK RC13 EVENTS: eliminar una disciplina no intenta poner club_id a NULL
OK RC13 EVENTS: eliminar un participante no intenta poner club_id del combate a NULL
OK RC13 EVENTS: gestión de eventos queda restringida a equipo autorizado
OK RC13 EVENTS: borradores no son visibles para miembros ordinarios
OK RC13 EVENTS: lectura operativa usa RPCs seguras
OK RC13 EVENTS: participantes no tienen SELECT directo
OK RC13 EVENTS: combates no tienen SELECT directo
OK RC13 EVENTS: miembros ven confirmados y cada familia conserva sus propias solicitudes
OK RC13 EVENTS: peso y edad de terceros quedan enmascarados
OK RC13 EVENTS: inscripción normal exige evento abierto
OK RC13 EVENTS: fecha límite se hace cumplir para inscripciones normales
OK RC13 EVENTS: el equipo puede completar inscritos tras el cierre, pero no en eventos finalizados/cancelados
OK RC13 EVENTS: familia/alumno solo puede inscribir alumnos vinculados
OK RC13 EVENTS: solo confirmados pueden entrar en un combate
OK RC13 EVENTS: estado de combate se valida explícitamente
OK RC13 EVENTS: no se puede invalidar un participante que mantiene combate activo
OK RC13 EVENTS: ganador debe pertenecer al enfrentamiento
OK RC13 EVENTS: editar evento conserva también su estado seleccionado
OK RC13 EVENTS: repositorio consume RPCs seguras
OK RC13 EVENTS: repositorio enruta evento.guardar por gateway
OK RC13 EVENTS: repositorio enruta evento.participante.externo por gateway
OK RC13 EVENTS: repositorio enruta evento.inscripcion.solicitar por gateway
OK RC13 EVENTS: repositorio enruta evento.inscripcion.estado por gateway
OK RC13 EVENTS: repositorio enruta evento.inscripcion.baja por gateway
OK RC13 EVENTS: repositorio enruta evento.combate.guardar por gateway
OK RC13 EVENTS: repositorio enruta evento.combate.eliminar por gateway
OK RC13 EVENTS: externos no necesitan cuenta ni instalar la app
OK RC13 EVENTS: alta de alumno por el equipo usa un único formulario sin temporizadores frágiles
OK RC13 EVENTS: autoinscripción se limita a familia/alumno con evento abierto
OK RC13 EVENTS: MVP mantiene combates manuales sin bracket automático
OK RC13 EVENTS: ficha de evento organiza requisitos, inscritos y combates
OK RC13 EVENTS: Eventos está conectado al router
OK RC13 EVENTS: navegación conserva rol esperado
OK RC13 EVENTS: navegación conserva rol esperado
OK RC13 EVENTS: navegación conserva rol esperado
OK RC13 EVENTS: navegación conserva rol esperado
OK RC13 EVENTS: navegación conserva rol esperado
OK RC13 EVENTS: permiso frontend coincide con gestión del MVP
OK RC13 EVENTS: preflight/verificación cubren cadena y privacidad
OK RC13 EVENTS: rollback cierra RPCs seguras sin borrar datos
RC13 EVENTS + COMPETITIONS: PASS
OK RC13 RESPONSIVE: existe guardia explícita de escritorio
OK RC13 RESPONSIVE: escritorio restaura .sidebar
OK RC13 RESPONSIVE: escritorio restaura transform:none!important
OK RC13 RESPONSIVE: escritorio restaura .bottom-nav
OK RC13 RESPONSIVE: escritorio restaura .table-wrap table
OK RC13 RESPONSIVE: escritorio restaura .form-grid
OK RC13 RESPONSIVE: reglas móviles continúan aisladas
OK RC13 RESPONSIVE: fondo escritorio compacto respeta sidebar de 250px
OK RC13 RESPONSIVE: fondo escritorio ancho respeta sidebar de 280px
OK RC13 RESPONSIVE: móvil elimina desplazamiento lateral del fondo
OK RC13 RESPONSIVE: navegación móvil no supera cinco accesos (0)
OK RC13 RESPONSIVE: CSS mantiene llaves equilibradas (1578/1578)
RC13 RESPONSIVE DESKTOP/MOBILE: PASS
OK RC13 SQL CHAIN: migración 31 existe
OK RC13 SQL CHAIN: rollback 31 existe
OK RC13 SQL CHAIN: preflight_031_finance_receipts.sql existe
OK RC13 SQL CHAIN: verify_031_finance_receipts.sql existe
OK RC13 SQL CHAIN: test_031_receipts_transactional.sql existe
OK RC13 SQL CHAIN: migración 32 existe
OK RC13 SQL CHAIN: rollback 32 existe
OK RC13 SQL CHAIN: preflight_032_social.sql existe
OK RC13 SQL CHAIN: verify_032_social.sql existe
OK RC13 SQL CHAIN: migración 33 existe
OK RC13 SQL CHAIN: rollback 33 existe
OK RC13 SQL CHAIN: preflight_033_events.sql existe
OK RC13 SQL CHAIN: verify_033_events.sql existe
OK RC13 SQL CHAIN: migración 34 existe
OK RC13 SQL CHAIN: rollback 34 existe
OK RC13 SQL CHAIN: preflight_034_notifications.sql existe
OK RC13 SQL CHAIN: verify_034_notifications.sql existe
OK RC13 SQL CHAIN: test_034_notifications_transactional.sql existe
OK RC13 SQL CHAIN: migración 35 existe
OK RC13 SQL CHAIN: rollback 35 existe
OK RC13 SQL CHAIN: preflight_035_club_public_profile.sql existe
OK RC13 SQL CHAIN: verify_035_club_public_profile.sql existe
OK RC13 SQL CHAIN: migración 36 existe
OK RC13 SQL CHAIN: rollback 36 existe
OK RC13 SQL CHAIN: preflight_036_social_access.sql existe
OK RC13 SQL CHAIN: verify_036_social_access.sql existe
OK RC13 SQL CHAIN: 031 separa estado de cuenta y auditoría de recibos
OK RC13 SQL CHAIN: preflight 032 obliga a resolver 031 primero
OK RC13 SQL CHAIN: 032 encadena y delega gateway anterior
OK RC13 SQL CHAIN: 033 exige cadena 032
OK RC13 SQL CHAIN: 033 encadena y delega gateway 032
OK RC13 SQL CHAIN: 034 exige cadena 033
OK RC13 SQL CHAIN: 034 encadena y delega gateway 033
OK RC13 SQL CHAIN: 035 exige cadena 034
OK RC13 SQL CHAIN: 035 encadena y delega gateway 034
OK RC13 SQL CHAIN: 036 exige cadena 035
OK RC13 SQL CHAIN: 036 encadena y delega gateway 035
OK RC13 SQL CHAIN: extensión runtime 32 preserva contrato anterior
OK RC13 SQL CHAIN: extensión runtime 33 preserva contrato anterior
OK RC13 SQL CHAIN: extensión runtime 34 preserva contrato anterior
OK RC13 SQL CHAIN: extensión runtime 35 preserva contrato anterior
OK RC13 SQL CHAIN: extensión runtime 36 preserva contrato anterior
OK RC13 SQL CHAIN: migración 31 empieza en transacción
OK RC13 SQL CHAIN: migración 31 termina con reload + commit
OK RC13 SQL CHAIN: migración 31 mantiene delimitadores $$ equilibrados (6)
OK RC13 SQL CHAIN: rollback 31 mantiene delimitadores $$ equilibrados (0)
OK RC13 SQL CHAIN: migración 32 empieza en transacción
OK RC13 SQL CHAIN: migración 32 termina con reload + commit
OK RC13 SQL CHAIN: migración 32 mantiene delimitador $contract$ equilibrado (2)
OK RC13 SQL CHAIN: migración 32 mantiene delimitador $migration$ equilibrado (2)
OK RC13 SQL CHAIN: migración 32 mantiene delimitadores $$ equilibrados (18)
OK RC13 SQL CHAIN: rollback 32 mantiene delimitador $rollback$ equilibrado (2)
OK RC13 SQL CHAIN: rollback 32 mantiene delimitador $rollback_contract$ equilibrado (2)
OK RC13 SQL CHAIN: rollback 32 mantiene delimitadores $$ equilibrados (0)
OK RC13 SQL CHAIN: migración 33 empieza en transacción
OK RC13 SQL CHAIN: migración 33 termina con reload + commit
OK RC13 SQL CHAIN: migración 33 mantiene delimitador $contract$ equilibrado (2)
OK RC13 SQL CHAIN: migración 33 mantiene delimitador $migration$ equilibrado (2)
OK RC13 SQL CHAIN: migración 33 mantiene delimitadores $$ equilibrados (10)
OK RC13 SQL CHAIN: rollback 33 mantiene delimitador $rollback$ equilibrado (2)
OK RC13 SQL CHAIN: rollback 33 mantiene delimitador $rollback_contract$ equilibrado (2)
OK RC13 SQL CHAIN: rollback 33 mantiene delimitadores $$ equilibrados (0)
OK RC13 SQL CHAIN: migración 34 empieza en transacción
OK RC13 SQL CHAIN: migración 34 termina con reload + commit
OK RC13 SQL CHAIN: migración 34 mantiene delimitador $contract$ equilibrado (2)
OK RC13 SQL CHAIN: migración 34 mantiene delimitador $migration$ equilibrado (2)
OK RC13 SQL CHAIN: migración 34 mantiene delimitador $audit$ equilibrado (2)
OK RC13 SQL CHAIN: migración 34 mantiene delimitadores $$ equilibrados (8)
OK RC13 SQL CHAIN: rollback 34 mantiene delimitadores $$ equilibrados (4)
OK RC13 SQL CHAIN: migración 35 empieza en transacción
OK RC13 SQL CHAIN: migración 35 termina con reload + commit
OK RC13 SQL CHAIN: migración 35 mantiene delimitador $contract$ equilibrado (2)
OK RC13 SQL CHAIN: migración 35 mantiene delimitador $migration$ equilibrado (2)
OK RC13 SQL CHAIN: migración 35 mantiene delimitador $audit$ equilibrado (2)
OK RC13 SQL CHAIN: migración 35 mantiene delimitadores $$ equilibrados (12)
OK RC13 SQL CHAIN: rollback 35 mantiene delimitadores $$ equilibrados (4)
OK RC13 SQL CHAIN: migración 36 empieza en transacción
OK RC13 SQL CHAIN: migración 36 termina con reload + commit
OK RC13 SQL CHAIN: migración 36 mantiene delimitador $contract$ equilibrado (2)
OK RC13 SQL CHAIN: migración 36 mantiene delimitador $migration$ equilibrado (2)
OK RC13 SQL CHAIN: migración 36 mantiene delimitador $audit$ equilibrado (2)
OK RC13 SQL CHAIN: migración 36 mantiene delimitadores $$ equilibrados (16)
OK RC13 SQL CHAIN: rollback 36 mantiene delimitadores $$ equilibrados (4)
OK RC13 SQL CHAIN: 034 excluye tareas accionables de lectura masiva
OK RC13 SQL CHAIN: 035 separa perfil público y normaliza identidad
OK RC13 SQL CHAIN: 036 aplica edades y seguridad UGC
RC13 BUILD 20020 SQL MIGRATION CHAIN: PASS
OK RC13 NOTIFICATIONS 20020: 034 guarda revisión y calcula acción con estado real
OK RC13 NOTIFICATIONS 20020: clasificador revisa estados vivos de inscripción, material y pagos
OK RC13 NOTIFICATIONS 20020: lectura masiva/grupal y flags propios excluyen tareas accionables
OK RC13 NOTIFICATIONS 20020: revisar es operación gateway auditable
OK RC13 NOTIFICATIONS 20020: preflight y verificación 034 están encadenados
OK RC13 NOTIFICATIONS 20020: cliente obtiene accionabilidad del backend y usa revisar con persistencia optimista
OK RC13 NOTIFICATIONS 20020: UI nunca ofrece lectura masiva en Requiere acción
OK RC13 NOTIFICATIONS 20020: la bandeja mantiene acceso progresivo a avisos antiguos sin descargar miles de registros
OK RC13 NOTIFICATIONS 20020: contador/categoría global usa resumen clasificado por backend
OK RC13 NOTIFICATIONS 20020: notificaciones accionables tienen tratamiento responsive para APK
OK RC13 NOTIFICATIONS 20020: preflight 034 comprueba dependencias y columnas usadas por el clasificador
OK RC13 NOTIFICATIONS 20020: prueba transaccional cubre lectura masiva por grupo además de lectura global
RC13 BUILD 20020 NOTIFICACIONES ACCIONABLES: PASS
OK RC13 CLUB PUBLIC 20020: perfil público está separado y ligado al club
OK RC13 CLUB PUBLIC 20020: tabla pública no expone SELECT directo
OK RC13 CLUB PUBLIC 20020: lectura usa RPC segura y capa común de identidad
OK RC13 CLUB PUBLIC 20020: búsqueda pública permite localizar por disciplina y grupo sin exponer tablas administrativas
OK RC13 CLUB PUBLIC 20020: un club futuro recibe estructura pública sin hardcodear Urban Warriors
OK RC13 CLUB PUBLIC 20020: seed evita duplicar nombre como alias y lema como descripción
OK RC13 CLUB PUBLIC 20020: seed no copia c.cif administrativo
OK RC13 CLUB PUBLIC 20020: seed no copia c.email administrativo
OK RC13 CLUB PUBLIC 20020: seed no copia c.telefono administrativo
OK RC13 CLUB PUBLIC 20020: seed no copia c.direccion administrativo
OK RC13 CLUB PUBLIC 20020: edición limitada a Gestor/Dirección o Coordinación
OK RC13 CLUB PUBLIC 20020: URLs de la ficha pública se limitan a HTTPS también frente a esquemas ejecutables
OK RC13 CLUB PUBLIC 20020: la propia tabla rechaza URLs públicas no HTTPS
OK RC13 CLUB PUBLIC 20020: seed actual y futuro descartan URLs administrativas no HTTPS
OK RC13 CLUB PUBLIC 20020: repositorios separan perfil de club e identidad normalizada
OK RC13 CLUB PUBLIC 20020: frontend distingue datos públicos voluntarios, incluido el lema
OK RC13 CLUB PUBLIC 20020: el NOMBRE del club en Comunidad interna abre su perfil
OK RC13 CLUB PUBLIC 20020: perfil/directorio tienen estilos desktop y móvil
OK RC13 CLUB PUBLIC 20020: preflight 035 valida las columnas de las que depende el seed y la identidad normalizada
RC13 BUILD 20020 PERFIL PÚBLICO DE CLUB: PASS
OK RC13 SOCIAL ACCESS 20020: backend impide autorregistro autónomo de alumno menor de 16
OK RC13 SOCIAL ACCESS 20020: Comunidad General exige socio activo validado, rol alumno y umbral social configurable con suelo 14
OK RC13 SOCIAL ACCESS 20020: identidad social actual se limita al miembro y no publica la fecha de nacimiento
OK RC13 SOCIAL ACCESS 20020: baja operativa de un socio no queda bloqueada por la identidad social histórica
OK RC13 SOCIAL ACCESS 20020: bloqueos de la Comunidad interna quedan contextualizados por club para una evolución multiclub segura
OK RC13 SOCIAL ACCESS 20020: plantilla social futura no hardcodea la marca Urban Warriors como regla de negocio
OK RC13 SOCIAL ACCESS 20020: 036 incorpora denuncia y bloqueo desde el gateway
OK RC13 SOCIAL ACCESS 20020: denuncia normaliza tipo/ámbito y no inserta NULL si el tipo se omite
OK RC13 SOCIAL ACCESS 20020: moderación contempla seguridad de menores y resolución trazable
OK RC13 SOCIAL ACCESS 20020: suspensión/reactivación social queda auditada y separada del acceso administrativo
OK RC13 SOCIAL ACCESS 20020: la plantilla social queda preparada para un tenant futuro sin desplegar multiclub
OK RC13 SOCIAL ACCESS 20020: el umbral social vive en configuración tenant, se lee defensivamente y mantiene un suelo 14 en backend
OK RC13 SOCIAL ACCESS 20020: el texto legal sigue la configuración social y no promete un umbral fijo distinto
OK RC13 SOCIAL ACCESS 20020: una identidad suspendida o cerrada no puede auto-reactivarse
OK RC13 SOCIAL ACCESS 20020: activación social registra aceptación legal versionada y auditable
OK RC13 SOCIAL ACCESS 20020: publicar UGC interno exige aceptación explícita y vigente de las normas en backend
OK RC13 SOCIAL ACCESS 20020: guard UGC conserva idempotencia de reintentos ya completados
OK RC13 SOCIAL ACCESS 20020: slug social usa UUID completo para evitar colisiones truncadas
OK RC13 SOCIAL ACCESS 20020: repositorios exponen alta social auditable, seguridad UGC y moderación de acceso
OK RC13 SOCIAL ACCESS 20020: Comunidad ofrece denuncia, bloqueo, ocultación y suspensión social desde moderación
OK RC13 SOCIAL ACCESS 20020: frontend obliga a revisar/aceptar Normas de Comunidad antes de abrir el publicador
OK RC13 SOCIAL ACCESS 20020: solo cuenta alumno ve activación opcional social
OK RC13 SOCIAL ACCESS 20020: registro explica y valida 16+ también en frontend
OK RC13 SOCIAL ACCESS 20020: el registro del club no acepta silenciosamente las Normas de Comunidad
OK RC13 SOCIAL ACCESS 20020: seguridad y alta social tienen UI responsive
OK RC13 SOCIAL ACCESS 20020: preflight 036 valida dependencias legales, edad y moderación antes de migrar
OK RC13 SOCIAL ACCESS 20020: verify 036 valida que el umbral social de todos los clubes sea numérico y permanezca entre 14 y 99
RC13 BUILD 20020 ACCESO SOCIAL / UGC: PASS
OK RC13 ANDROID PLAY 20021: applicationId estable para continuidad de actualizaciones
OK RC13 ANDROID PLAY 20021: Android 16 / API 36 configurado para Google Play
OK RC13 ANDROID PLAY 20021: AGP compatible con API 36 configurado
OK RC13 ANDROID PLAY 20021: build Android RC13 conserva versionCode monótono
OK RC13 ANDROID PLAY 20021: firma release admite configuración local o entorno sin incrustar claves
OK RC13 ANDROID PLAY 20021: credenciales y almacenes de firma quedan excluidos
OK RC13 ANDROID PLAY 20021: paquete incluye plantilla y preflight sin revelar secretos
OK RC13 ANDROID PLAY 20021: manifiesto conserva transporte seguro y permiso push explícito
OK RC13 ANDROID PLAY 20021: WebView conserva safe areas al orientar a API 36
OK RC13 ANDROID PLAY 20021: insets físicos se convierten a píxeles CSS y evitan márgenes sobredimensionados
RC13 BUILD 20021 ANDROID / PLAY STATIC READINESS: PASS
OK RC13 FINAL POLISH 20020: semana natural se calcula de lunes a domingo
OK RC13 FINAL POLISH 20020: navegación a semana siguiente conserva rango natural
OK RC13 FINAL POLISH 20020: esta semana muestra primero la próxima sesión y después las siguientes; el histórico queda detrás
OK RC13 FINAL POLISH 20020: gestión de Sesiones trabaja por semana con navegación anterior/actual/siguiente
OK RC13 FINAL POLISH 20020: portal de alumno/familia consulta sesiones por semana sin descargar visualmente todo el horizonte
OK RC13 FINAL POLISH 20020: portal no permite confirmar/cancelar una sesión que ya pasó
OK RC13 FINAL POLISH 20020: portal mantiene visible y accionable la próxima sesión aunque pertenezca a la semana siguiente
OK RC13 FINAL POLISH 20020: dashboard permite confirmar o cancelar asistencia directamente sobre la próxima clase
OK RC13 FINAL POLISH 20020: navegación distingue Comunidad del Club
OK RC13 FINAL POLISH 20020: feed interno se identifica explícitamente como Comunidad del Club
OK RC13 FINAL POLISH 20020: privacidad/ayuda identifica las normas del feed interno
OK RC13 FINAL POLISH 20020: servicio social conserva la presentación correspondiente a su fase
OK RC13 FINAL POLISH 20020: logos de club se recortan en marco circular y ocupan el área visual
OK RC13 FINAL POLISH 20020: PWA incluye iconos maskable para evitar el recuadro dentro del marco del launcher
OK RC13 FINAL POLISH 20020: Android usa adaptive icon con fondo y foreground propios
OK RC13 FINAL POLISH 20020: runtime web y Android mantienen versionado RC13 monótono
RC13 FINAL POLISH REGRESSION: PASS
OK KOMBAX 20022: las builds posteriores conservan íntegra la base 20022
OK KOMBAX 20022: co-branding mantiene club principal y símbolo KOMBAX separado
OK KOMBAX 20022: cuatro temas cerrados usan tokens compartidos
OK KOMBAX 20022: branding es previsualizable, versionado y reversible
OK KOMBAX 20022: lectura de notificaciones es optimista, reversible y persistente
OK KOMBAX 20022: nombre y apellidos se componen con separación normalizada
OK KOMBAX 20022: recibo profesional contiene branding, vista, impresión/PDF y compartición
OK KOMBAX 20022: ciclo de vida incluye publicacion
OK KOMBAX 20022: ciclo de vida incluye comunicacion
OK KOMBAX 20022: ciclo de vida incluye evento
OK KOMBAX 20022: ciclo de vida incluye notificacion
OK KOMBAX 20022: ciclo de vida incluye material
OK KOMBAX 20022: ciclo de vida incluye documento
OK KOMBAX 20022: ciclo de vida incluye seguimiento
OK KOMBAX 20022: ciclo de vida incluye asistencia
OK KOMBAX 20022: ciclo de vida incluye sesion
OK KOMBAX 20022: papelera conserva 30 días, auditoría y protege acciones pendientes
OK KOMBAX 20022: UI ofrece filtros, selección múltiple y restauración
OK KOMBAX 20022: ciclo genérico no borra ni altera registros financieros
OK KOMBAX 20022: caché tenant-safe y diagnóstico de latencia están visibles
OK KOMBAX 20022: preflight_037_notifications disponible
OK KOMBAX 20022: verify_037_notifications disponible
OK KOMBAX 20022: preflight_038_lifecycle disponible
OK KOMBAX 20022: verify_038_lifecycle disponible
OK KOMBAX 20022: preflight_039_branding disponible
OK KOMBAX 20022: verify_039_branding disponible
OK KOMBAX 20022: rollback 037_notification_read_consistency disponible
OK KOMBAX 20022: rollback 038_content_lifecycle disponible
OK KOMBAX 20022: rollback 039_club_branding_themes disponible
OK KOMBAX 20022: pruebas transaccionales 037–039 disponibles
OK KOMBAX 20022: migración 037 transaccional y delimitadores equilibrados
OK KOMBAX 20022: migración 038 transaccional y delimitadores equilibrados
OK KOMBAX 20022: migración 039 transaccional y delimitadores equilibrados
OK KOMBAX 20022: RPCs nuevas conservan traza de escritura
KOMBAX / URBAN WARRIORS BUILD 20022 STATIC: PASS
OK KOMBAX 20023: web y Android conservan o superan build 20023
OK KOMBAX 20023: identidad Android y ruta de actualización permanecen estables
OK KOMBAX 20023: feature flags conservan puerta y base de perfiles directos
OK KOMBAX 20023: puerta contiene “LA PLATAFORMA PROFESIONAL DE LOS DEPORTES DE CONTACTO”
OK KOMBAX 20023: puerta contiene “Entrar con mi club”
OK KOMBAX 20023: puerta contiene “Crear o acceder a un perfil KOMBAX”
OK KOMBAX 20023: puerta contiene “CONNECT · COMPETE · GROW”
OK KOMBAX 20023: directorio busca por datos públicos y admite deep link/QR
OK KOMBAX 20023: directorio local define seis perfiles, cinco marcados DEMO
OK KOMBAX 20023: fixtures multiclub están separados y advertidos
OK KOMBAX 20023: perfil directo competidor está modelado y encajado en UI
OK KOMBAX 20023: perfil directo marca está modelado y encajado en UI
OK KOMBAX 20023: perfil directo federacion está modelado y encajado en UI
OK KOMBAX 20023: perfil directo espectador está modelado y encajado en UI
OK KOMBAX 20023: perfil directo profesional está modelado y encajado en UI
OK KOMBAX 20023: evolución conserva perfiles sin checkout ni precios inventados y exige alta/verificación
OK KOMBAX 20023: identidad, suscripción y capacidades están separadas
OK KOMBAX 20023: directorio no expone cif
OK KOMBAX 20023: directorio no expone telefono
OK KOMBAX 20023: directorio no expone email
OK KOMBAX 20023: directorio no expone direccion
OK KOMBAX 20023: directorio no expone referencia_externa
OK KOMBAX 20023: directorio es público limitado y contextos directos son propios
OK KOMBAX 20023: cambio de tenant limpia estado/caché y exige membresía
OK KOMBAX 20023: selección y deep link conservan contexto y branding
OK KOMBAX 20023: clubs de ejemplo no abren login real
OK KOMBAX 20023: supabase/rollbacks/040_kombax_gateway_multiclub.sql disponible
OK KOMBAX 20023: supabase/verification/preflight_040_gateway.sql disponible
OK KOMBAX 20023: supabase/verification/verify_040_gateway.sql disponible
OK KOMBAX 20023: supabase/verification/test_040_gateway_transactional.sql disponible
OK KOMBAX 20023: migración 040 es transaccional y delimitada
OK KOMBAX 20023: puerta y directorio incluyen responsive móvil
KOMBAX BUILD 20023 STATIC: PASS
OK KOMBAX 20024: build conserva o supera KOMBAX Social 20024
OK KOMBAX 20024: identidad Android permanece actualizable con el JKS existente
OK KOMBAX 20024: ruta social está separada y protegida por feature flag
OK KOMBAX 20024: navegación identifica Social como capa global fuera del acordeón Mi Club
OK KOMBAX 20024: migración modela kombax_social_perfiles
OK KOMBAX 20024: migración modela kombax_social_publicaciones
OK KOMBAX 20024: migración modela kombax_social_likes
OK KOMBAX 20024: migración modela kombax_social_bloqueos
OK KOMBAX 20024: migración modela kombax_social_contactos
OK KOMBAX 20024: migración modela kombax_social_reportes
OK KOMBAX 20024: migración modela kombax_social_moderacion
OK KOMBAX 20024: no existen tablas de seguidores, amistades, conversaciones ni mensajes
OK KOMBAX 20024: contacto con menores se bloquea en backend, no solo en UI
OK KOMBAX 20024: contacto es solicitud única acotada y no hilo de chat
OK KOMBAX 20024: feed global tiene cursor y página máxima de 20
OK KOMBAX 20024: activación exige texto legal específico vigente
OK KOMBAX 20024: tablas sociales quedan tras RPC, RLS y revocación directa
OK KOMBAX 20024: moderación global y auditoría son explícitas
OK KOMBAX 20024: contrato retira la activación legal 1.0 y declara el gateway social 041
OK KOMBAX 20024: interfaz incluye “Actualidad profesional”
OK KOMBAX 20024: interfaz incluye “Perfiles públicos”
OK KOMBAX 20024: interfaz incluye “Protección de menores”
OK KOMBAX 20024: evolución de Contacto KOMBAX conserva su identidad
OK KOMBAX 20024: evolución de Contacto KOMBAX conserva chat solo texto
OK KOMBAX 20024: evolución 20059 refleja chat abierto sin límite artificial
OK KOMBAX 20024: evolución 20040 mantiene mensajería sin multimedia
OK KOMBAX 20024: UI consume repositorio y no consulta tablas directamente
OK KOMBAX 20024: repositorio valida gateway social vigente, idempotencia y lecturas seguras
OK KOMBAX 20024: perfil de alumno ya no contradice el feed habilitado
OK KOMBAX 20024: tema global rojo/negro/blanco tiene adaptación móvil
OK KOMBAX 20024: rollback conserva datos y verificación comprueba funciones excluidas
OK KOMBAX 20024: supabase/verification/preflight_041_kombax_social.sql disponible
OK KOMBAX 20024: supabase/verification/test_041_kombax_social_transactional.sql disponible
OK KOMBAX 20024: migración 041 es transaccional y delimitada
KOMBAX BUILD 20024 STATIC: PASS
OK KOMBAX 20025: build 20025+ conserva Showcase y control explícito del modo de ejemplo
OK KOMBAX 20025: identidad Android permanece compatible con la ruta de firma existente
OK KOMBAX 20025: Showcase tiene ruta propia protegida por feature flag
OK KOMBAX 20025: Showcase se mantiene en la navegación global KOMBAX y fuera del acordeón Mi Club
OK KOMBAX 20025: migración modela kombax_showcase_marcas
OK KOMBAX 20025: migración modela kombax_showcase_gestores
OK KOMBAX 20025: migración modela kombax_showcase_categorias
OK KOMBAX 20025: migración modela kombax_showcase_elementos
OK KOMBAX 20025: Showcase no crea tablas de operaciones comerciales o logística
OK KOMBAX 20025: modelo informativo incluye precio_orientativo
OK KOMBAX 20025: modelo informativo incluye visitar_url
OK KOMBAX 20025: modelo informativo incluye donde_encontrar_url
OK KOMBAX 20025: modelo informativo incluye contacto_url
OK KOMBAX 20025: catálogo público tiene cursor y página máxima de 24
OK KOMBAX 20025: backend exige HTTPS en enlaces y galería
OK KOMBAX 20025: tablas Showcase quedan tras RPC y RLS sin acceso directo
OK KOMBAX 20025: publicación exige gestor o entitlement explícito
OK KOMBAX 20025: seis fichas sintéticas quedan marcadas como DEMO
OK KOMBAX 20025: fallback de ejemplo está controlado y no se confunde con contenido real
OK KOMBAX 20025: interfaz incluye “Escaparate profesional”
OK KOMBAX 20025: interfaz incluye “Visitar web”
OK KOMBAX 20025: interfaz incluye “Dónde encontrar”
OK KOMBAX 20025: interfaz conserva ficha informativa y aclara que la contratación es externa
OK KOMBAX 20025: interfaz conserva contacto estructurado o externo para Marca/Club sin fingir mensajería interna
OK KOMBAX 20025: UI consume repositorio sin lectura directa
OK KOMBAX 20025: mutaciones Showcase validan gateway vigente y request_id
OK KOMBAX 20025: tema KOMBAX Showcase tiene adaptación móvil
OK KOMBAX 20025: rollback conserva datos y verificación rechaza dominio comercial
OK KOMBAX 20025: generador conserva guard local/QA y admite perfiles históricos o escala ampliada
OK KOMBAX 20025: fixture 10 es determinista, protegido y sintético
OK KOMBAX 20025: fixture 50 es determinista, protegido y sintético
OK KOMBAX 20025: fixture 100 es determinista, protegido y sintético
OK KOMBAX 20025: harness K6 mide perfiles, percentiles, errores y lecturas críticas
OK KOMBAX 20025: runbook no confunde preparación con certificación real
OK KOMBAX 20025: supabase/verification/preflight_042_showcase.sql disponible
OK KOMBAX 20025: supabase/verification/test_042_showcase_transactional.sql disponible
OK KOMBAX 20025: migración 042 es transaccional y delimitada
KOMBAX BUILD 20025 STATIC: PASS
OK KOMBAX 20026 PREMIUM: web y Android conservan la foundation premium desde build 20026
OK KOMBAX 20026 PREMIUM: applicationId permanece intacto y launcher se presenta como KOMBAX
OK KOMBAX 20026 PREMIUM: PWA se instala con identidad KOMBAX
OK KOMBAX 20026 PREMIUM: entrada carga la foundation premium versionada sin lenguaje técnico de plataforma
OK KOMBAX 20026 PREMIUM: service worker invalida caché para el build vigente
OK KOMBAX 20026 PREMIUM: foundation contiene --kx-black:#050608
OK KOMBAX 20026 PREMIUM: foundation contiene --kx-red:
OK KOMBAX 20026 PREMIUM: foundation contiene --kx-red-deep:
OK KOMBAX 20026 PREMIUM: foundation contiene --kx-white:#f7f7f5
OK KOMBAX 20026 PREMIUM: Impact deja de ser identidad tipográfica KOMBAX
OK KOMBAX 20026 PREMIUM: movimiento reducido y safe areas están contemplados
OK KOMBAX 20026 PREMIUM: gateway, navegación móvil y login tienen composición premium propia
OK KOMBAX 20026 PREMIUM: iconografía incluye fighter
OK KOMBAX 20026 PREMIUM: iconografía incluye brandMark
OK KOMBAX 20026 PREMIUM: iconografía incluye federation
OK KOMBAX 20026 PREMIUM: iconografía incluye spectator
OK KOMBAX 20026 PREMIUM: iconografía incluye professional
OK KOMBAX 20026 PREMIUM: iconografía incluye dojo
OK KOMBAX 20026 PREMIUM: iconografía incluye idCard
OK KOMBAX 20026 PREMIUM: iconografía incluye network
OK KOMBAX 20026 PREMIUM: iconografía incluye spotlight
OK KOMBAX 20026 PREMIUM: iconos protagonistas se dibujan como SVG vectorial consistente
OK KOMBAX 20026 PREMIUM: puerta utiliza iconografía protagonista propia
OK KOMBAX 20026 PREMIUM: no usa abreviaturas provisionales como iconos de perfil
OK KOMBAX 20026 PREMIUM: perfil KOMBAX Competidor permanece representado
OK KOMBAX 20026 PREMIUM: perfil KOMBAX Marca permanece representado
OK KOMBAX 20026 PREMIUM: perfil KOMBAX Federación permanece representado
OK KOMBAX 20026 PREMIUM: perfil KOMBAX Espectador permanece representado
OK KOMBAX 20026 PREMIUM: perfil KOMBAX Profesional / Representante permanece representado
OK KOMBAX 20026 PREMIUM: la evolución conserva alta/verificación controlada y Club dentro del selector oficial
OK KOMBAX 20026 PREMIUM: Espectador sigue cerrado hasta certificación
OK KOMBAX 20026 PREMIUM: brand kit usa derivados deterministas del símbolo KOMBAX
OK KOMBAX 20026 PREMIUM: login incorpora mostrar/ocultar contraseña accesible
OK KOMBAX 20026 PREMIUM: rediseño conserva flujo de autenticación existente
OK KOMBAX 20026 PREMIUM: web/assets/icons/icon-192.png disponible
OK KOMBAX 20026 PREMIUM: web/assets/icons/icon-512.png disponible
OK KOMBAX 20026 PREMIUM: web/assets/icons/icon-maskable-512.png disponible
OK KOMBAX 20026 PREMIUM: android/app/src/main/res/mipmap-xxxhdpi/ic_launcher.png disponible
OK KOMBAX 20026 PREMIUM: migración 037 sigue empaquetada
OK KOMBAX 20026 PREMIUM: migración 038 sigue empaquetada
OK KOMBAX 20026 PREMIUM: migración 039 sigue empaquetada
OK KOMBAX 20026 PREMIUM: migración 040 sigue empaquetada
OK KOMBAX 20026 PREMIUM: migración 041 sigue empaquetada
OK KOMBAX 20026 PREMIUM: migración 042 sigue empaquetada
OK KOMBAX 20026 PREMIUM: .env no se incrusta en la raíz del paquete
OK KOMBAX 20026 PREMIUM: keystore.properties no se incrusta en la raíz del paquete
KOMBAX BUILD 20026 PREMIUM STATIC: PASS
OK KOMBAX 20027: web y Android conservan o superan build 20027
OK KOMBAX 20027: applicationId histórico se conserva
OK KOMBAX 20027: assets y service worker invalidan caché con el build actual
OK KOMBAX 20027: hub global incluye selector oficial con alta Club y eliminación
OK KOMBAX 20027: hub global abre Social y Showcase sin entrar artificialmente en un Club
OK KOMBAX 20027: activación Social global es voluntaria y separada por perfil directo
OK KOMBAX 20027: Espectador continúa deshabilitado
OK KOMBAX 20027: repositorios conservan perfiles/relaciones y una mutación Social compatible o superior a 050
OK KOMBAX 20027: Club dispone de álbum 10/3/15s
OK KOMBAX 20027: Social expone guardados, comentarios y relaciones
OK KOMBAX 20027: comentarios admiten denuncia desde la interfaz
OK KOMBAX 20027: moderadores disponen de cola y acciones auditadas 050 o superior
OK KOMBAX 20027: Showcase comunica límites Club/Marca y galería
OK KOMBAX 20027: Showcase global conserva mutación segura desacoplada y espacios 048
OK KOMBAX 20027: eliminación existe en app y recurso web público
OK KOMBAX 20027: recurso web delete-account existe
OK KOMBAX 20027: recurso web carga flujo autenticado de eliminación
OK KOMBAX 20027: recurso web registra y cancela solicitudes reales
OK KOMBAX 20027: migración 43 presente
OK KOMBAX 20027: rollback 43 presente
OK KOMBAX 20027: preflight 43 presente
OK KOMBAX 20027: verify 43 presente
OK KOMBAX 20027: test transaccional 43 presente
OK KOMBAX 20027: migración 44 presente
OK KOMBAX 20027: rollback 44 presente
OK KOMBAX 20027: preflight 44 presente
OK KOMBAX 20027: verify 44 presente
OK KOMBAX 20027: test transaccional 44 presente
OK KOMBAX 20027: migración 45 presente
OK KOMBAX 20027: rollback 45 presente
OK KOMBAX 20027: preflight 45 presente
OK KOMBAX 20027: verify 45 presente
OK KOMBAX 20027: test transaccional 45 presente
OK KOMBAX 20027: migración 46 presente
OK KOMBAX 20027: rollback 46 presente
OK KOMBAX 20027: preflight 46 presente
OK KOMBAX 20027: verify 46 presente
OK KOMBAX 20027: test transaccional 46 presente
OK KOMBAX 20027: migración 47 presente
OK KOMBAX 20027: rollback 47 presente
OK KOMBAX 20027: preflight 47 presente
OK KOMBAX 20027: verify 47 presente
OK KOMBAX 20027: test transaccional 47 presente
OK KOMBAX 20027: migración 48 presente
OK KOMBAX 20027: rollback 48 presente
OK KOMBAX 20027: preflight 48 presente
OK KOMBAX 20027: verify 48 presente
OK KOMBAX 20027: test transaccional 48 presente
OK KOMBAX 20027: migración 49 presente
OK KOMBAX 20027: rollback 49 presente
OK KOMBAX 20027: preflight 49 presente
OK KOMBAX 20027: verify 49 presente
OK KOMBAX 20027: test transaccional 49 presente
OK KOMBAX 20027: migración 50 presente
OK KOMBAX 20027: rollback 50 presente
OK KOMBAX 20027: preflight 50 presente
OK KOMBAX 20027: verify 50 presente
OK KOMBAX 20027: test transaccional 50 presente
OK KOMBAX 20027: SQL nuevo 43 abre transacción
OK KOMBAX 20027: SQL nuevo 43 cierra con reload + commit
OK KOMBAX 20027: SQL nuevo 43 mantiene $$ equilibrados
OK KOMBAX 20027: SQL nuevo 44 abre transacción
OK KOMBAX 20027: SQL nuevo 44 cierra con reload + commit
OK KOMBAX 20027: SQL nuevo 44 mantiene $$ equilibrados
OK KOMBAX 20027: SQL nuevo 45 abre transacción
OK KOMBAX 20027: SQL nuevo 45 cierra con reload + commit
OK KOMBAX 20027: SQL nuevo 45 mantiene $$ equilibrados
OK KOMBAX 20027: SQL nuevo 46 abre transacción
OK KOMBAX 20027: SQL nuevo 46 cierra con reload + commit
OK KOMBAX 20027: SQL nuevo 46 mantiene $$ equilibrados
OK KOMBAX 20027: SQL nuevo 47 abre transacción
OK KOMBAX 20027: SQL nuevo 47 cierra con reload + commit
OK KOMBAX 20027: SQL nuevo 47 mantiene $$ equilibrados
OK KOMBAX 20027: SQL nuevo 48 abre transacción
OK KOMBAX 20027: SQL nuevo 48 cierra con reload + commit
OK KOMBAX 20027: SQL nuevo 48 mantiene $$ equilibrados
OK KOMBAX 20027: SQL nuevo 49 abre transacción
OK KOMBAX 20027: SQL nuevo 49 cierra con reload + commit
OK KOMBAX 20027: SQL nuevo 49 mantiene $$ equilibrados
OK KOMBAX 20027: SQL nuevo 50 abre transacción
OK KOMBAX 20027: SQL nuevo 50 cierra con reload + commit
OK KOMBAX 20027: SQL nuevo 50 mantiene $$ equilibrados
OK KOMBAX 20027: Social directo de perfiles personales exige edad verificada por club
OK KOMBAX 20027: estilos incluyen kx-profile-owned-grid
OK KOMBAX 20027: estilos incluyen kx-album-grid
OK KOMBAX 20027: estilos incluyen kx-deletion-center
OK KOMBAX 20027: estilos incluyen kx-delete-web-grid
OK KOMBAX 20027: estilos incluyen kx-moderation-list
OK KOMBAX 20027: estilos incluyen kombax-post-media
OK KOMBAX 20027: estilos incluyen showcase-detail-gallery
OK KOMBAX 20027: .env no se incrusta en raíz
OK KOMBAX 20027: keystore.properties no se incrusta en raíz
OK KOMBAX 20027: google-services.json no se incrusta en raíz
KOMBAX BUILD 20027 IMPLEMENTATION STATIC: PASS
OK KOMBAX 20028: web y Android conservan o superan build 20028
OK KOMBAX 20028: runtime y assets invalidan caché con el build actual
OK KOMBAX 20028: Gateway no expone etiquetas técnicas/comerciales internas
OK KOMBAX 20028: fixtures visuales quedan desactivados en la release normal
OK KOMBAX 20028: Miembro Social permanece Miembro y no se convierte en Competidor
OK KOMBAX 20028: equipo autorizado puede actuar como Club con permisos y auditoría
OK KOMBAX 20028: contexto de identidad es reutilizable y el Club puede ser identidad predeterminada
OK KOMBAX 20028: Social permite elegir identidad y subir/reutilizar multimedia
OK KOMBAX 20028: tarjetas/autores navegan a un perfil público completo, respetando privacidad de Relaciones en builds posteriores
OK KOMBAX 20028: 20.048 conserva edición Social y la integra en la única ficha pública del Miembro
OK KOMBAX 20028: backfill 051 conserva la fuente de logo/portada del Club más reciente
OK KOMBAX 20028: Mi perfil de Gestor/Coordinación abre el Hub completo del Club
OK KOMBAX 20028: perfil del Club y perfil personal están separados por contexto
OK KOMBAX 20028: backend publica directorio y ficha completa sin reutilizar perfil deportivo como identidad
OK KOMBAX 20028: multimedia Social y límites de publicación se aplican en backend
OK KOMBAX 20028: Showcase incorpora CTA, guardados y edición de CTA
OK KOMBAX 20028: Showcase ofrece contacto/información accionable
OK KOMBAX 20028: Showcase ofrece guardar, compartir, tienda/web y ubicación sin checkout KOMBAX
OK KOMBAX 20028: Showcase 20028 no introduce dominio de comercio transaccional
OK KOMBAX 20028: administrador global existe, se valida en backend y dispone de búsqueda global de perfiles
OK KOMBAX 20028: administrador global no se autoriza por email hardcodeado
OK KOMBAX 20028: la autorización global se separa del shell ordinario y la consola conserva estados reales de moderación
OK KOMBAX 20028: platform_admin integra moderación/verificación y consola operativa global
OK KOMBAX 20028: diagnóstico técnico queda reservado a Administración KOMBAX
OK KOMBAX 20028: navegación y design system cubren las nuevas superficies
OK KOMBAX 20028: migración 051 presente
OK KOMBAX 20028: rollback 051 presente
OK KOMBAX 20028: preflight 051 presente
OK KOMBAX 20028: verify 051 presente
OK KOMBAX 20028: test transaccional 051 presente
OK KOMBAX 20028: SQL 051 es transaccional y recarga esquema
OK KOMBAX 20028: SQL 051 mantiene $$ equilibrados
OK KOMBAX 20028: SQL 051 no reintroduce el conflicto reservado position
OK KOMBAX 20028: migración 052 presente
OK KOMBAX 20028: rollback 052 presente
OK KOMBAX 20028: preflight 052 presente
OK KOMBAX 20028: verify 052 presente
OK KOMBAX 20028: test transaccional 052 presente
OK KOMBAX 20028: SQL 052 es transaccional y recarga esquema
OK KOMBAX 20028: SQL 052 mantiene $$ equilibrados
OK KOMBAX 20028: SQL 052 no reintroduce el conflicto reservado position
OK KOMBAX 20028: migración 053 presente
OK KOMBAX 20028: rollback 053 presente
OK KOMBAX 20028: preflight 053 presente
OK KOMBAX 20028: verify 053 presente
OK KOMBAX 20028: test transaccional 053 presente
OK KOMBAX 20028: SQL 053 es transaccional y recarga esquema
OK KOMBAX 20028: SQL 053 mantiene $$ equilibrados
OK KOMBAX 20028: SQL 053 no reintroduce el conflicto reservado position
OK KOMBAX 20028: migración 054 presente
OK KOMBAX 20028: rollback 054 presente
OK KOMBAX 20028: preflight 054 presente
OK KOMBAX 20028: verify 054 presente
OK KOMBAX 20028: test transaccional 054 presente
OK KOMBAX 20028: SQL 054 es transaccional y recarga esquema
OK KOMBAX 20028: SQL 054 mantiene $$ equilibrados
OK KOMBAX 20028: SQL 054 no reintroduce el conflicto reservado position
OK KOMBAX 20028: migración 055 presente
OK KOMBAX 20028: rollback 055 presente
OK KOMBAX 20028: preflight 055 presente
OK KOMBAX 20028: verify 055 presente
OK KOMBAX 20028: test transaccional 055 presente
OK KOMBAX 20028: SQL 055 es transaccional y recarga esquema
OK KOMBAX 20028: SQL 055 mantiene $$ equilibrados
OK KOMBAX 20028: SQL 055 no reintroduce el conflicto reservado position
OK KOMBAX 20028: migración 056 presente
OK KOMBAX 20028: rollback 056 presente
OK KOMBAX 20028: preflight 056 presente
OK KOMBAX 20028: verify 056 presente
OK KOMBAX 20028: test transaccional 056 presente
OK KOMBAX 20028: SQL 056 es transaccional y recarga esquema
OK KOMBAX 20028: SQL 056 mantiene $$ equilibrados
OK KOMBAX 20028: SQL 056 no reintroduce el conflicto reservado position
OK KOMBAX 20028: existe setup explícito para conceder la llave global por UUID
KOMBAX BUILD 20028 IMPLEMENTATION STATIC: PASS
OK KOMBAX 20029: build 20029 o posterior invalida caché y mantiene Android monótono
OK KOMBAX 20029: Social expone publicación inmediata de texto
OK KOMBAX 20029: Social mantiene subida directa de foto/vídeo y compositor visible
OK KOMBAX 20029: feed Social dispone de scroll progresivo automático
OK KOMBAX 20029: paleta rojo sangre y microanimaciones están activas
OK KOMBAX 20029: Showcase permite subir imagen principal y galería desde dispositivo
OK KOMBAX 20029: repositorio sube imágenes Showcase a Storage segmentado
OK KOMBAX 20029: Storage Showcase queda protegido por propietario/gestor
OK KOMBAX 20029: rollback 054 revierte las políticas Storage de Showcase
OK KOMBAX 20029: verify 054 comprueba políticas de subida/borrado Showcase
OK KOMBAX 20029: Comunidad interna diferencia explícitamente el destino y enlaza Social público
OK KOMBAX 20029: Hub del Club separa Comunidad interna y Social público
KOMBAX BUILD 20029 SOCIAL + SHOWCASE FIX STATIC: PASS
OK KOMBAX 20030: Web y Android conservan o superan build 20030
OK KOMBAX 20030: runtime, service worker y release contract conservan versionado 20030+
OK KOMBAX 20030: supabase/migrations/057_club_work_scopes_finance_privacy.sql presente
OK KOMBAX 20030: supabase/verification/preflight_057_work_scopes.sql presente
OK KOMBAX 20030: supabase/verification/verify_057_work_scopes.sql presente
OK KOMBAX 20030: supabase/verification/test_057_work_scopes_transactional.sql presente
OK KOMBAX 20030: supabase/rollbacks/057_club_work_scopes_finance_privacy_rollback.sql presente
OK KOMBAX 20030: 057 crea/usa club_ambitos_trabajo
OK KOMBAX 20030: 057 crea/usa club_ambito_equipo
OK KOMBAX 20030: 057 crea/usa club_ambito_socios
OK KOMBAX 20030: 057 crea/usa club_ambito_grupos
OK KOMBAX 20030: un alumno tiene como máximo un ámbito principal activo
OK KOMBAX 20030: niveles financieros son explícitos y de mínimo privilegio
OK KOMBAX 20030: 057 separa administración de ámbitos y monitor restringido
OK KOMBAX 20030: asignación multi-monitor se resuelve en backend
OK KOMBAX 20030: asistencia y seguimiento tienen guards granulares
OK KOMBAX 20030: monitor usa proyecciones seguras de alumnos, cartera y progreso
OK KOMBAX 20030: registro de cobros exige permiso financiero específico
OK KOMBAX 20030: Gestor/Coordinación administran equipo, alumnos y grupos por RPC
OK KOMBAX 20030: al cambiar ámbito principal se limpia el principal anterior
OK KOMBAX 20030: puede_ver_socio queda reservado a acceso administrativo/familiar, no monitor
OK KOMBAX 20030: monitor no obtiene SELECT de la fila administrativa completa de socios
OK KOMBAX 20030: Storage de documentos privados no hereda el acceso deportivo del monitor
OK KOMBAX 20030: recibos no heredan acceso operativo del monitor
OK KOMBAX 20030: reservas quedan limitadas al ámbito del monitor
OK KOMBAX 20030: series de sesiones quedan limitadas a grupos asignados
OK KOMBAX 20030: escritura de asistencia exige sesión/alumno dentro del ámbito
OK KOMBAX 20030: seguimiento exige permiso específico del ámbito
OK KOMBAX 20030: gateway de sesiones bloquea operaciones fuera del ámbito y conserva wrapper anterior
OK KOMBAX 20030: generación recurrente distingue service_role/elevados de monitor restringido
OK KOMBAX 20030: preflight 057 exige 056 y evita doble aplicación
OK KOMBAX 20030: verify 057 certifica privacidad de socios, documentos, recibos y gateway
OK KOMBAX 20030: test 057 exige separación real entre dos monitores y revierte la prueba
OK KOMBAX 20030: rollback 057 restaura gateway previo y elimina tablas nuevas
OK KOMBAX 20030: navegación expone administración de ámbitos
OK KOMBAX 20030: monitor ve navegación contextual Mis alumnos / Mi cartera
OK KOMBAX 20030: editor de ámbitos permite configurar privacidad operativa y financiera
OK KOMBAX 20030: asignación de ámbito filtra personal operativo y no alumnos
OK KOMBAX 20030: vista de monitor usa RPC segura y explica aislamiento de datos
OK KOMBAX 20030: Mi cartera respeta nivel financiero y cobro controlado
OK KOMBAX 20030: repositorio utiliza RPC 057 en lugar de tablas administrativas para monitor
OK KOMBAX 20030: dashboard del monitor mantiene navegación operativa propia
OK KOMBAX 20030: UI incluye iconografía y estilos de ámbitos
OK KOMBAX 20030: permisos de ámbitos no dependen de email hardcodeado
OK KOMBAX 20030: 057 es transaccional y recarga schema
OK KOMBAX 20030: 057 mantiene $$ equilibrados
OK KOMBAX 20030: 057 no reintroduce conflicto SQL con position
KOMBAX BUILD 20030 MONITOR SCOPES + FINANCE PRIVACY STATIC: PASS
OK KOMBAX 20031: web, caché y Android conservan o superan build 20031
OK KOMBAX 20031: Mi perfil ofrece sincronización pública explícita y acceso al perfil KOMBAX
OK KOMBAX 20031: autor de publicación abre perfil público con affordance y teclado
OK KOMBAX 20031: editor público notifica cambios de avatar/banner
OK KOMBAX 20031: 058 corrige Storage y consolida avatar canónico
OK KOMBAX 20031: 058 evita referencias id ambiguas
OK KOMBAX 20031: contrato backend declara build 20031
OK KOMBAX 20031: suite incluye regresión 20031
KOMBAX BUILD 20031 SOCIAL PROFILE + AVATAR: PASS
KOMBAX 20033 CLUB ACCESS CODES: PASS
KOMBAX 20034 PREMIUM NEON GLOBAL: PASS
PASS heart icon
PASS comment profile links
PASS comments repository
PASS social publish media
PASS showcase upload path
PASS showcase RLS depth fixed
PASS comment parent guard
PASS build 20035+
KOMBAX 20035 SOCIAL + SHOWCASE AUDIT: PASS
PASS 22+ audited manual topics
PASS interactive search and group filter
PASS how-it-works modal
PASS deep links to real functions
PASS roles and access explained
PASS social documented
PASS finance groups sessions documented
PASS showcase non-ecommerce documented
PASS club access codes documented
PASS generic poster packaged
PASS legacy visual manuals removed
PASS manual has no hardcoded Urban Warriors tenant
PASS install copy generic KOMBAX
PASS manual premium responsive CSS
PASS route label updated
PASS build 20036+
KOMBAX 20036 INTERACTIVE CLUB MANUAL: PASS · 41 topics
KOMBAX 20037 RELEASE HARDENING: PASS
OK 20038: trace 20038+ coherente en web/PWA/Android
OK 20038: select renderer tolera objetos y tuplas legacy
OK 20038: selector del álbum muestra Tipo legible y valores válidos
OK 20038: no quedan selectores tuple defectuosos en superficies auditadas
OK 20038: upload de álbum normaliza/valida tipo antes del backend
OK 20038: self-heal de avatar solo desde sesión propietaria hacia copia pública
OK 20038: Mi perfil ofrece reparación explícita del avatar social histórico
OK 20038: avatar Social explícito tiene prioridad sobre URL heredada
OK 20038: publicador revierte media nueva si falla la publicación
OK 20038: reutilizar álbum evita duplicar adjuntos sociales ya existentes
OK 20038: rollback elimina adjunto Social recién creado aunque la fuente viniera de un álbum existente
OK 20038: feed y visor conservan proporción y permiten vista completa
OK 20038: feed no recorta por zoom hover
OK 20038: álbum de club y perfil público abren fotografía completa
OK 20038: migración corrige RLS, fuente canónica y backfill de Club
OK 20038: RPC app_kombax_social_directorio_v052 usa identidad visual efectiva
OK 20038: RPC app_kombax_social_feed_v053 usa identidad visual efectiva
OK 20038: RPC app_kombax_social_mis_perfiles_v051 usa identidad visual efectiva
OK 20038: RPC app_kombax_social_comentarios_v053 usa identidad visual efectiva
OK 20038: RPC app_kombax_perfil_publico_v053 usa identidad visual efectiva
OK 20038: verificación SQL 063 presente
OK 20038: helpers internos 063 quedan sin EXECUTE directo y con verificación 064
OK 20038: suite principal incluye regresión 20038
KOMBAX BUILD 20038 IDENTITY + ALBUM + MEDIA: PASS
OK 20039: manual Miembro breve (13 temas)
OK 20039: selección de manual depende explícitamente del rol alumno
OK 20039: identidad del manual Miembro separada del manual del Club
OK 20039: accesos rápidos del Miembro presentes
OK 20039: funciones nucleares del alumno documentadas
OK 20039: servicios de comunidad y club documentados
OK 20039: manual Miembro no expone rutas administrativas: 
OK 20039: Social/Showcase respetan feature flags futuros
OK 20039: límites de identidad y privacidad Social explicados
OK 20039: buscador y modales usan el catálogo activo, no el Club hardcodeado
OK 20039: estilo responsive específico de Miembro presente
OK 20039: traza 20039+ coherente en web/PWA/Android
OK 20039: manual Miembro se apoya solo en rutas realmente disponibles del portal
OK 20039: navegación del alumno diferencia su manual del manual del Club
OK 20039: suite principal incluye regresión 20039
KOMBAX BUILD 20039 MEMBER INTERACTIVE MANUAL: PASS
KOMBAX BUILD 20040 SOCIAL AFFILIATION + CONTACT: PASS
KOMBAX BUILD 20041 CONTENT LIFECYCLE + ADAPTIVE MEDIA: PASS
KOMBAX BUILD 20042 GATEWAY BRAND STAGE: PASS
KOMBAX BUILD 20043 RELATIONS PRIVACY: PASS
KOMBAX BUILD 20044 VERIFIED PROFILES: PASS
KOMBAX BUILD 20045 PUBLIC PROFILES + POST AUDIENCES: PASS
KOMBAX BUILD 20046 SECURITY · legacy Social RPC shutdown: PASS
KOMBAX BUILD 20046 SECURITY · restricted Social media: PASS
KOMBAX BUILD 20046 SECURITY · access-code anti brute-force: PASS
KOMBAX BUILD 20046 SECURITY · API surface + multiclub RLS: PASS
KOMBAX BUILD 20046 SECURITY · superseded RPC shutdown: PASS
KOMBAX BUILD 20046 SECURITY · internal helpers + deny-by-default: PASS
KOMBAX BUILD 20046 SECURITY · complete default privileges: PASS
KOMBAX BUILD 20046 SECURITY · preserved media implementations internal-only: PASS
KOMBAX BUILD 20046 SECURITY · additional internal helpers: PASS
KOMBAX BUILD 20046 SECURITY · release metadata: PASS
KOMBAX BUILD 20047 · member enriched public profile + legal routing: PASS
KOMBAX BUILD 20048 · canonical profile + club visual prefreeze: PASS
KOMBAX BUILD 20049 · password recovery OTP + multi-club receipts: PASS
KOMBAX BUILD 20049 · behavioral auth REST contract: PASS
KOMBAX BUILD 20050 · authenticated password change: PASS
KOMBAX BUILD 20051 · security UI transversal: PASS
KOMBAX BUILD 20052 · Club onboarding: PASS
KOMBAX BUILD 20053 · Club verification: PASS
OK normas visibles en la entrada de KOMBAX Social
OK compositor muestra cupo y acceso a gestión
OK gestión propia: reciente→antigua, 10 por bloque y acceso a la más antigua
OK perfil público muestra 10 y carga anteriores
OK perfil propio muestra gestión y cupo
OK repositorios apuntan a RPC v099
OK backend conserva límites 30/3/10
OK límite diario resiste borrado físico mediante auditoría
OK perfil usa keyset pagination, no OFFSET
OK migración no usa OFFSET
OK v099 es única fachada autenticada de escritura Social
OK rollback restaura fachada anterior
OK estilos 20.054 incluidos
OK web/PWA/Android mantienen build 20054 o superior sincronizado
KOMBAX BUILD 20054 · Social product limits: PASS
OK modelo de Competidor se conserva; su disponibilidad puede evolucionar después de 20055
OK Club, Marca y Federación permanecen disponibles
OK selector autenticado excluye cualquier identidad deshabilitada
OK entrada global conserva el acceso a identidades KOMBAX
OK selector público conserva identidades todavía reservadas
OK código de Competidor se conserva para reactivación futura
OK web/PWA/Android mantienen coherencia desde build 20055
KOMBAX BUILD 20055 · MVP profile scope: PASS
OK el shell de club no usa KOMBAX como fallback de logo
OK el tenant principal puede usar su logo configurado si la sesión aún no trae logo_url
OK otros clubes sin logo usan identidad neutra, no marca KOMBAX
OK la marca de agua del club desaparece si no existe logo real
OK KOMBAX se conserva como marca tecnológica separada en la barra superior
OK web/PWA/Android conservan branding 20056 y mantienen build sincronizado
KOMBAX BUILD 20056 · Club navigation branding: PASS
OK cierra RPC superseded: app_kombax_social_mutate_v083(text,jsonb,uuid)
OK cierra RPC superseded: app_kombax_identity_mutate_v065(text,jsonb,uuid)
OK cierra RPC superseded: app_kombax_social_feed_v083(timestamptz,uuid,integer)
OK cierra RPC superseded: app_kombax_social_media_v053(uuid)
OK cierra RPC superseded: app_kombax_perfil_publico_v083(uuid)
OK frontend usa mutaciones vigentes v099/v094 o wrapper endurecido posterior
OK frontend usa lecturas Social vigentes
OK policies históricas no públicas se estrechan a authenticated
OK RLS usa initplan estable para Auth
OK migración 100 no reintroduce auth.uid directo en USING nuevos
OK retira índice material_pedidos duplicado
OK índice FK consolidación: idx_socios_perfil_fk_v100
OK índice FK consolidación: idx_dispositivos_push_perfil_fk_v100
OK índice FK consolidación: idx_kombax_social_posts_social_media_fk_v100
OK índice FK consolidación: idx_asistencias_club_socio_fk_v100
OK índice FK consolidación: idx_material_pedidos_club_socio_fk_v100
OK rollback restaura RPC/policies/índice previo
OK rollback elimina índices v100 y recarga schema
OK web/PWA/Android conservan la consolidación 20057 y mantienen el build sincronizado
KOMBAX BUILD 20057 · Supabase consolidation: PASS
OK asistencias: retira ALL de gestión
OK asistencias: gestión separada ins_v101
OK asistencias: gestión separada upd_v101
OK asistencias: gestión separada del_v101
OK asistencias: una sola SELECT consolidada
OK asistencias: rollback restaura ALL
OK club_ambito_equipo: retira ALL de gestión
OK club_ambito_equipo: gestión separada ins_v101
OK club_ambito_equipo: gestión separada upd_v101
OK club_ambito_equipo: gestión separada del_v101
OK club_ambito_equipo: una sola SELECT consolidada
OK club_ambito_equipo: rollback restaura ALL
OK club_ambito_grupos: retira ALL de gestión
OK club_ambito_grupos: gestión separada ins_v101
OK club_ambito_grupos: gestión separada upd_v101
OK club_ambito_grupos: gestión separada del_v101
OK club_ambito_grupos: una sola SELECT consolidada
OK club_ambito_grupos: rollback restaura ALL
OK club_ambito_socios: retira ALL de gestión
OK club_ambito_socios: gestión separada ins_v101
OK club_ambito_socios: gestión separada upd_v101
OK club_ambito_socios: gestión separada del_v101
OK club_ambito_socios: una sola SELECT consolidada
OK club_ambito_socios: rollback restaura ALL
OK club_ambitos_trabajo: retira ALL de gestión
OK club_ambitos_trabajo: gestión separada ins_v101
OK club_ambitos_trabajo: gestión separada upd_v101
OK club_ambitos_trabajo: gestión separada del_v101
OK club_ambitos_trabajo: una sola SELECT consolidada
OK club_ambitos_trabajo: rollback restaura ALL
OK comunicaciones: retira ALL de gestión
OK comunicaciones: gestión separada ins_v101
OK comunicaciones: gestión separada upd_v101
OK comunicaciones: gestión separada del_v101
OK comunicaciones: una sola SELECT consolidada
OK comunicaciones: rollback restaura ALL
OK config_club: retira ALL de gestión
OK config_club: gestión separada ins_v101
OK config_club: gestión separada upd_v101
OK config_club: gestión separada del_v101
OK config_club: una sola SELECT consolidada
OK config_club: rollback restaura ALL
OK configuracion_avisos_cuota: retira ALL de gestión
OK configuracion_avisos_cuota: gestión separada ins_v101
OK configuracion_avisos_cuota: gestión separada upd_v101
OK configuracion_avisos_cuota: gestión separada del_v101
OK configuracion_avisos_cuota: una sola SELECT consolidada
OK configuracion_avisos_cuota: rollback restaura ALL
OK cuotas: retira ALL de gestión
OK cuotas: gestión separada ins_v101
OK cuotas: gestión separada upd_v101
OK cuotas: gestión separada del_v101
OK cuotas: una sola SELECT consolidada
OK cuotas: rollback restaura ALL
OK disciplinas: retira ALL de gestión
OK disciplinas: gestión separada ins_v101
OK disciplinas: gestión separada upd_v101
OK disciplinas: gestión separada del_v101
OK disciplinas: una sola SELECT consolidada
OK disciplinas: rollback restaura ALL
OK grados: retira ALL de gestión
OK grados: gestión separada ins_v101
OK grados: gestión separada upd_v101
OK grados: gestión separada del_v101
OK grados: una sola SELECT consolidada
OK grados: rollback restaura ALL
OK grupos: retira ALL de gestión
OK grupos: gestión separada ins_v101
OK grupos: gestión separada upd_v101
OK grupos: gestión separada del_v101
OK grupos: una sola SELECT consolidada
OK grupos: rollback restaura ALL
OK horarios_grupo: retira ALL de gestión
OK horarios_grupo: gestión separada ins_v101
OK horarios_grupo: gestión separada upd_v101
OK horarios_grupo: gestión separada del_v101
OK horarios_grupo: una sola SELECT consolidada
OK horarios_grupo: rollback restaura ALL
OK invitaciones_club: retira ALL de gestión
OK invitaciones_club: gestión separada ins_v101
OK invitaciones_club: gestión separada upd_v101
OK invitaciones_club: gestión separada del_v101
OK invitaciones_club: una sola SELECT consolidada
OK invitaciones_club: rollback restaura ALL
OK material_catalogo: retira ALL de gestión
OK material_catalogo: gestión separada ins_v101
OK material_catalogo: gestión separada upd_v101
OK material_catalogo: gestión separada del_v101
OK material_catalogo: una sola SELECT consolidada
OK material_catalogo: rollback restaura ALL
OK material_entregas: retira ALL de gestión
OK material_entregas: gestión separada ins_v101
OK material_entregas: gestión separada upd_v101
OK material_entregas: gestión separada del_v101
OK material_entregas: una sola SELECT consolidada
OK material_entregas: rollback restaura ALL
OK material_variantes: retira ALL de gestión
OK material_variantes: gestión separada ins_v101
OK material_variantes: gestión separada upd_v101
OK material_variantes: gestión separada del_v101
OK material_variantes: una sola SELECT consolidada
OK material_variantes: rollback restaura ALL
OK miembros_club: retira ALL de gestión
OK miembros_club: gestión separada ins_v101
OK miembros_club: gestión separada upd_v101
OK miembros_club: gestión separada del_v101
OK miembros_club: una sola SELECT consolidada
OK miembros_club: rollback restaura ALL
OK seguimiento: retira ALL de gestión
OK seguimiento: gestión separada ins_v101
OK seguimiento: gestión separada upd_v101
OK seguimiento: gestión separada del_v101
OK seguimiento: una sola SELECT consolidada
OK seguimiento: rollback restaura ALL
OK sesiones_entrenamiento: retira ALL de gestión
OK sesiones_entrenamiento: gestión separada ins_v101
OK sesiones_entrenamiento: gestión separada upd_v101
OK sesiones_entrenamiento: gestión separada del_v101
OK sesiones_entrenamiento: una sola SELECT consolidada
OK sesiones_entrenamiento: rollback restaura ALL
OK socio_disciplinas: retira ALL de gestión
OK socio_disciplinas: gestión separada ins_v101
OK socio_disciplinas: gestión separada upd_v101
OK socio_disciplinas: gestión separada del_v101
OK socio_disciplinas: una sola SELECT consolidada
OK socio_disciplinas: rollback restaura ALL
OK socios: retira ALL de gestión
OK socios: gestión separada ins_v101
OK socios: gestión separada upd_v101
OK socios: gestión separada del_v101
OK socios: una sola SELECT consolidada
OK socios: rollback restaura ALL
OK tarifas: retira ALL de gestión
OK tarifas: gestión separada ins_v101
OK tarifas: gestión separada upd_v101
OK tarifas: gestión separada del_v101
OK tarifas: una sola SELECT consolidada
OK tarifas: rollback restaura ALL
OK textos_legales: retira ALL de gestión
OK textos_legales: gestión separada ins_v101
OK textos_legales: gestión separada upd_v101
OK textos_legales: gestión separada del_v101
OK textos_legales: una sola SELECT consolidada
OK textos_legales: rollback restaura ALL
OK tutores_socios: retira ALL de gestión
OK tutores_socios: gestión separada ins_v101
OK tutores_socios: gestión separada upd_v101
OK tutores_socios: gestión separada del_v101
OK tutores_socios: una sola SELECT consolidada
OK tutores_socios: rollback restaura ALL
OK clubes: registro público queda solo anon
OK disciplinas: registro público queda solo anon
OK grupos: registro público queda solo anon
OK tarifas: registro público queda solo anon
OK textos_legales: registro público queda solo anon
OK horarios: rama de registro se integra en SELECT autenticada
OK notificaciones: SELECT/UPDATE quedan sin policies permisivas duplicadas
OK accesos: combina INSERT usuario/equipo sin perder ramas
OK preinscripciones: OR por acción y una sola policy
OK perfiles: elimina policy redundante contenida en lectura de equipo
OK 101 mantiene initplan estable para Auth
OK 101 no reintroduce llamadas Auth por fila
OK rollback restaura excepciones originales
OK rollback restaura roles públicos previos
OK migración y rollback recargan schema PostgREST
KOMBAX BUILD 20057 · RLS policy consolidation 101: PASS
PASS KOMBAX 20.057 relational FK indexes
OK Dirección/Coordinación separan Mi perfil personal del Perfil del club
OK navegación móvil prioriza Mi perfil, Social, Showcase y Mi Club
OK sidebar implementa jerarquía global + acordeón Mi Club
OK Notificaciones del Club salen del menú lateral sin perder su ruta
OK cabecera identifica explícitamente el centro de avisos del Club
OK acordeón recuerda estado, abre Mi Club móvil y no oculta la ruta activa
OK Mi perfil personal conserva iconografía específica
OK capa visual 20.058 añade jerarquía, affordance y áreas táctiles
OK refresh token inválido limpia sesión y se convierte en expiración controlada
OK errores de sesión/red se traducen a mensajes humanos
OK sesión caducada vuelve al login con mensaje humano
OK una pérdida puntual de red conserva la sesión local en vez de expulsar al usuario
OK web/PWA/Android conservan 20.058 y permanecen sincronizados en el build actual
KOMBAX BUILD 20058 · Navigation + session UX: PASS
OK cabecera contiene tres accesos independientes KOMBAX / Club / Mensajes
OK badges KOMBAX y Mensajes tienen estado independiente
OK frontend consume un RPC agregado para la cabecera
OK actividad Club/KOMBAX se consolida sin depender de cargar el centro completo
OK fallo transitorio conserva badges y solo limpia al expirar sesión
OK monitor de cabecera usa contadores reales separados
OK acciones de cabecera llevan a la actividad correspondiente
OK estado mantiene contadores independientes
OK diseño responsive específico para la nueva cabecera
OK RPC diferencia solicitudes KOMBAX de mensajes de chats aceptados
OK RPC aplica cierre explícito y search_path fijado
OK rollback 103 disponible
KOMBAX BUILD 20058 · Header activity split: PASS
OK build web y Android mantienen versión 20059 o superior
OK se elimina el CHECK histórico 1–20 sin perder el límite inferior
OK ordinal escala a integer
OK Normas Social 1.3 describen chat abierto
OK contratos v104 completos
OK mutación v104 no conserva cierre o límite 20
OK ordinal siguiente se serializa por conversación
OK Contact Gate y bloqueo permanecen obligatorios
OK historial y sincronización usan cursores, no carga total
OK frontend conserva mutación v104 y usa lecturas chat v104+ compatibles
OK chat actualiza automáticamente y pagina histórico
OK chat resincroniza al recuperar conexión o volver a primer plano
OK compositor usa interacción estándar de chat
OK Contactar reutiliza hilo abierto o pendiente en Social
OK perfil público ya no anuncia límite obsoleto
OK rollback y verificación 104 disponibles
OK migración 104 empaquetada
KOMBAX BUILD 20059 · UNLIMITED CHAT: PASS
OK mensajes propios distinguen Enviado y Leído
OK estado de lectura solo se representa en mensajes propios
OK autosync refresca recibos de lectura sin recargar toda la conversación
OK cambio de leido_en actualiza el DOM del mensaje existente
OK abrir/recibir conversación conserva marcado automático de lectura
OK estilo de recibos incluido en la UI premium
OK contrato v104 conserva timestamp de lectura
KOMBAX BUILD 20059 · CHAT READ RECEIPTS: PASS
OK build web y Android mantienen línea 20060+
OK scheduler adaptativo aplica reconexión, segundo plano, backoff y jitter
OK cabecera consume resumen agregado v105+
OK monitor de cabecera no descarga el centro completo ni usa intervalo fijo
OK monitor Club mantiene frecuencia controlada y backoff
OK chat conserva baja latencia visible y pausa/backoff fuera de primer plano
OK lecturas idénticas simultáneas se coalescen por usuario/club
OK dashboard evita consultas no consumidas y reutiliza snapshot corto
OK dashboard usa resumen de avisos, no centro completo
OK portal carga solo los dominios de cada pantalla
OK migración añade índice y resumen de cabecera
OK RPC v105 mantiene cierre explícito y search_path fijo
OK rollback y verificación 105 disponibles
OK presupuesto de rendimiento documenta objetivos y carga staging
KOMBAX BUILD 20060 · PLATFORM PERFORMANCE & SCALE HARDENING: PASS
OK build web/PWA/Android mantiene coherencia desde 20061
OK poller soporta idle backoff, actividad y visibilidad
OK cliente limita concurrencia de lecturas y cachea contrato
OK cabecera se pausa en background y reduce frecuencia en reposo
OK chat mantiene hot path y backoff idle con reactivación inmediata
OK frontend conserva compatibilidad v106 y admite wrappers v107 de cabecera/chat
OK migración v106 incluye índice, actor scope y contratos escalables
OK v106 conserva privilegios explícitos y search_path fijo
OK rollback y verificación v106 disponibles
OK harness k6 cubre escalado hasta 10k y endpoints v106
OK fixture permite dataset configurable hasta 50k miembros sintéticos
OK runbook exige escalado progresivo hasta 10k
OK documentación no confunde preparación con certificación de carga
KOMBAX BUILD 20061 · 10K CONCURRENT SCALE READINESS: PASS
OK Competidor vuelve a estar disponible en selector de identidad
OK alta Competidor continúa tras autenticación
OK copy público refleja reapertura de Competidor
OK Competidor conserva alta independiente y continuidad Miembro
OK backend mantiene unicidad y ownership de Competidor
OK validación canónica Competidor conserva control de edad
OK continuidad Social Miembro↔Competidor sigue preservada
OK guardas Social Competidor permanecen activas
OK Combat Social muestra campaña primeros 20 competidores
OK Showcase muestra campaña primeros 20 clubes
OK campañas no anuncian precio, descuento ni porcentaje concreto
OK promociones están insertadas en feed Social y catálogo Showcase
OK promoción tiene tratamiento responsive compartido
OK web/PWA/Android conservan 20062+ y permanecen alineados
KOMBAX BUILD 20062 · COMPETITOR REOPEN + FOUNDERS PROMO: PASS
OK web/PWA/Android conservan 20063+ y permanecen alineados
OK X conserva el hilo y Cerrar chat desaparece de la UI
OK comentarios se escriben inline sin segundo modal
OK terminología visible normalizada a Mi red
OK Contact Gate aplica 10–500 caracteres desde frontend
OK bandeja diferencia Social y Showcase y muestra contexto de producto
OK Showcase inicia consulta comercial ligada a ficha
OK repositorio prioriza lector acotado v133, conserva fallback v107→v106→v104 y bloquea Showcase si backend 107 aún no está activo
OK schema separa canal y un hilo por pareja+producto
OK badge superior cuenta conversaciones no leídas, no mensajes individuales
OK notificaciones KOMBAX no duplican el contenido del chat
OK tratamiento visual Social/Showcase e inline comments disponible
OK verificación SQL v107 incluida
KOMBAX BUILD 20063 · SOCIAL MESSAGING FINAL QA: PASS
KOMBAX 20064 master admin + frontend cleanup: PASS
KOMBAX 20065 role invitations + team filter: PASS
KOMBAX 20066 QA registration + profile submission fixes: PASS
KOMBAX 20068 Showcase perfiles: PASS
KOMBAX 20071 security/privacy hardening: PASS
OK backup no incrusta service role
OK backup exporta privados por defecto y genera hashes
OK backup lista y descarga objetos reales
OK restore exige confirmación de destino aislado
OK restore separa credencial de destino
OK restore verifica hash antes de subir
KOMBAX 20071 storage backup/restore tooling: PASS
KOMBAX 20072 legal/child-safety operational closure: PASS
KOMBAX 20072 verifier Storage least-privilege: PASS
OK backup completo incluye PostgreSQL
OK backup completo incluye todos los buckets Storage
OK backup completo genera manifiesto de integridad
OK script no incrusta secreto
OK restore DB exige destino aislado y credencial separada
OK restore DB usa pg_restore controlado
OK tooling Storage admite backup total y bloquea restore live
KOMBAX 20072 disaster recovery tooling: PASS
KOMBAX health endpoint contract (>=20072, current 20101): PASS
KOMBAX 20072 auth email templates: PASS
KOMBAX 20073 premium auth email templates: PASS
KOMBAX 20073 email UX polish/build identity: PASS
KOMBAX 20072 platform legal acceptance: PASS
KOMBAX 20074 team email invitations: PASS
KOMBAX 20075 student email invitations: PASS
KOMBAX 20076 banner positioning: PASS
PASS KOMBAX 20101 · data lifecycle & history hardening
PASS KOMBAX 20077 backup export/verify hardening
KOMBAX 20101 public product overview: PASS
OK 20079 finance premium foundation invariants
OK 20080 finance premium dashboard/manual-charge invariants
OK 20081 finance premium reports/snapshots/PDF invariants
OK 20082 finance premium QA/shadow gate invariants
OK 20082 regression matrix · 17/17 invariants
OK 20083 Finance Premium final pilot gate invariants
OK 20083 workspace/private Social context isolation invariants
OK 20101 cumulative release contract retaining 20083 invariants
OK 20084 regression · 20083 workspace/private Social context isolation invariants
OK 20084 Security Go-Live + Owner AAL2 invariants
OK 20084 pilot release matrix
OK 20084 Android/Netlify hardening contract
OK 20084 cumulative release contract
KOMBAX 20085 · Premium Finance visual analytics + Social backend sync guard: PASS
PASS KOMBAX 20086 · receipts + PDF reports + premium visuals
PASS KOMBAX 20087 · finance explorer + lifecycle + stability guards
PASS mobile KPI grid is vertical/reflow, not horizontal carousel
PASS mobile charts remove forced min width
PASS mobile chart wrapper does not force page horizontal scrolling
PASS mobile compact histogram exists
PASS desktop 12 month histogram retained
PASS landscape phone/tablet reflow exists
PASS landscape dashboard uses responsive columns
PASS explorer controls stack on mobile
PASS financial tabs reflow on mobile
PASS android rotation is not portrait locked
PASS android versionCode >= 20088
PASS web build >= 20088
PASS cache busting current
PASS service worker current
PASS KOMBAX 20088 finance mobile responsive + rotation
PASS 20089 finance user-language audit
OK 20090: módulo interno no contiene acceso directo a tablas (continúa vía repositorio)
OK 20090: repositorios interno y público son distintos
OK 20090: router global KOMBAX Eventos independiente
OK 20090: Eventos públicos vive en navegación global KOMBAX
OK 20090: shell mantiene Eventos internos bajo Mi Club
OK 20090: feature flag específico existe
OK 20090: UI declara y usa dominio público separado
OK 20090: tabla pública nueva sin migración/copia de eventos internos
OK 20090: lectura pública usa RPC segura sin SELECT directo
OK 20090: RPC pública jamás consulta eventos internos
OK 20090: motion system incluye kxEventsBackgroundDrift
OK 20090: motion system incluye kxEventsRingBreathe
OK 20090: motion system incluye kxEventsLive
OK 20090: motion system incluye prefers-reduced-motion
OK 20090: plantilla offline event-poster-fight
OK 20090: plantilla offline event-poster-arena
OK 20090: plantilla offline event-poster-federation
OK 20090: plantilla offline event-poster-seminar
OK 20090: plantilla offline fight-card-frame
OK 20090: config mantiene Foundation desde 20090
OK 20090: Android mantiene Foundation desde versionCode 20090
OK 20090: service worker mantiene Foundation desde 20090
PASS 20090 KOMBAX Events Foundation
OK 20091: modelo y gateway Fase 2 presentes
OK 20091: Fase 2 no lee eventos internos
OK 20091: federación institucional preparada y reconciliada para organizar
OK 20091: entitlements diferenciados y sin promoción automática de Club Básico
OK 20091: repositorio mantiene Fase 2 integrado en versión actual o superior
OK 20091: UI enlaza organización y perfiles públicos
OK 20091: colaboración sigue visible y separación con Mi Club permanece explícita
OK 20091: identidad motion Fase 2 accesible
OK 20091: Mi Club > Eventos permanece en repositorio interno
OK 20091: assets visuales locales Fase 2 incluidos
OK 20091: versionado mantiene Fase 2 desde 20.091
PASS 20091 KOMBAX Public Events & Organizations
OK 20092: modelo público separado de participantes y combates presente
OK 20092: Fase 3 no lee ni referencia eventos internos de Mi Club
OK 20092: RPC seguras Fase 3 presentes
OK 20092: participación pública protege identidad y evita suplantación básica
OK 20092: lectura pública solo expone participantes aceptados y combates visibles
OK 20092: repositorio Fase 3 integrado
OK 20092: UX Fighters & Fight Cards integrada
OK 20092: UI explicita privacidad y separación de dominio
OK 20092: motion/visual system incluye kx-fight-card
OK 20092: motion/visual system incluye kx-fight-vs
OK 20092: motion/visual system incluye kxFightVsLive
OK 20092: motion/visual system incluye kxFightAura
OK 20092: motion/visual system incluye prefers-reduced-motion
OK 20092: manifest local incluye fight-card-square
OK 20092: manifest local incluye fight-card-story
OK 20092: manifest local incluye fighter-placeholder
OK 20092: assets SVG locales válidos y brand-safe
OK 20092: Mi Club > Eventos sigue usando repositorio interno separado
OK 20092: versionado 20.092 o superior consistente
PASS 20092 KOMBAX Fighters & Fight Cards
OK 20093: engagement y puente Social presentes
OK 20093: deep-link público y gateway v162 presentes
OK 20093: Fase 4 no lee eventos internos de Mi Club
OK 20093: tablas Fase 4 RPC-only con RLS
OK 20093: repositorio mantiene gateway Social/Viral v162 o superior
OK 20093: Social hidrata referencias de Eventos sin duplicar fuente
OK 20093: landing pública por deep-link integrada antes del login
OK 20093: Visual Engine local incluye generateEventGraphic
OK 20093: Visual Engine local incluye qrMatrix
OK 20093: Visual Engine local incluye qrSvg
OK 20093: Visual Engine local incluye shareGraphic
OK 20093: Visual Engine local incluye 1080
OK 20093: Visual Engine local incluye 1920
OK 20093: Visual Engine/QR no depende de API externa
OK 20093: asset local event-share-square registrado
OK 20093: asset local event-share-story registrado
OK 20093: asset local fight-share-square registrado
OK 20093: asset local fight-share-story registrado
OK 20093: asset local result-share-square registrado
OK 20093: asset local result-share-story registrado
OK 20093: UX viral animada y accesible incluida
OK 20093: Espectador sigue cerrado hasta su gate de edad/privacidad
OK 20093: corrección PostgreSQL real de migración 160 incorporada al ZIP
OK 20093: versionado conserva Fase 4 desde 20.093
PASS 20093 KOMBAX Events Social & Viral
OK 20094: lifecycle live/resultados explícito
OK 20094: resultado oficial usa mutación dedicada e idempotente
OK 20094: bucket y catálogo de media privados presentes
OK 20094: media permanece RPC-only
OK 20094: detalle público e histórico oficial presentes
OK 20094: Fight Card genérica no puede saltarse lifecycle de resultados
OK 20094: índices FK de rendimiento incluidos
OK 20094: asset resolver interno queda service_role-only
OK 20094: 20.094 no lee históricos/eventos privados de Mi Club
OK 20094: repositorio conserva contratos públicos v166+ y gateway 20.094 o superior
OK 20094: deep-link y media pública no exigen sesión
OK 20094: media visible usa URL firmada de 15 minutos
OK 20094: Edge Function resuelve asset server-side sin clave hardcodeada
OK 20094: módulo UI Eventos no introduce fetch directo
OK 20094: UI Eventos incluye AHORA
OK 20094: UI Eventos incluye Publicar resultado
OK 20094: UI Eventos incluye openResultEditor
OK 20094: UI Eventos incluye openMediaManager
OK 20094: UI Eventos incluye fase_temporal
OK 20094: UI Eventos conserva Álbum/Highlights como evolución oficial
OK 20094: perfil Competidor muestra historial oficial público
OK 20094: estilos live/resultados/media presentes
OK 20094: Espectador sigue cerrado hasta gate edad/privacidad
OK 20094: versionado conserva Fase 5 desde 20.094
PASS 20094 KOMBAX Live + Results + Highlights + History
OK 20095: identidad 20095 o superior consistente en web/PWA/Android/health local
OK 20095: cache-busting principal conserva 20095 o superior
OK 20095: Android conserva event/fight de enlaces KOMBAX
OK 20095: event slug y fight UUID se validan antes de entrar al WebView
OK 20095: Android restringe deep-links a hosts KOMBAX
OK 20095: landing pública de Evento se resuelve antes de restaurar sesión
OK 20095: deep-link público sigue sin exigir login
OK 20095: media firmada renueva URL ante error y al descargar
OK 20095: UI Eventos mantiene transporte centralizado sin fetch directo
OK 20095: service worker no persiste URLs firmadas externas
OK 20095: Netlify mantiene fallback SPA para deep-links con query
OK 20095: CSP permite backend/media HTTPS sin abrir object/frame
OK 20095: Android prohíbe tráfico cleartext
OK 20095: WebView mantiene aislamiento de archivos y mixed-content
OK 20095: App Links verificados quedan deliberadamente pendientes del fingerprint Play/Digital Asset Links
OK 20095: perfil Espectador continúa cerrado
OK 20095: UX de degradación de media tiene estado explícito
PASS 20095 KOMBAX Integration / Hardening Final Candidate
OK 20096: identidad 20096 o superior consistente en web/PWA/Android/health local
OK 20096: cache-busting de Eventos conserva versión 20096 o superior
OK 20096: KOMBAX Eventos usa icono de arena propio
OK 20096: categorías usan iconografía semántica específica
OK 20096: hero conserva identidad visual premium propia o evoluciona al Brand Hero compartido
OK 20096: paleta premium añade neón cian/violeta sobre rojo KOMBAX
OK 20096: motion premium tiene animaciones ambientales dedicadas
OK 20096: motion respeta prefers-reduced-motion
OK 20096: interacciones táctiles están optimizadas para móvil
OK 20096: asset local de fondo contiene malla neón multicolor
OK 20096: fight-square adopta lenguaje rojo + neón local
OK 20096: fight-story adopta lenguaje rojo + neón local
OK 20096: event-square adopta lenguaje rojo + neón local
OK 20096: event-story adopta lenguaje rojo + neón local
OK 20096: fight-share-square adopta lenguaje rojo + neón local
OK 20096: fight-share-story adopta lenguaje rojo + neón local
OK 20096: result-square adopta lenguaje rojo + neón local
OK 20096: result-story adopta lenguaje rojo + neón local
OK 20096: UI Eventos mantiene transporte centralizado sin fetch directo
OK 20096: User-Agent Android identifica build 20096 o superior
PASS 20096 KOMBAX Events Premium Visual Identity
OK 20097: identidad 20097 o superior consistente en web/PWA/Android/health local
OK 20097: organizador se resuelve por club activo
OK 20097: invitaciones se resuelven por club activo
OK 20097: mutaciones usan gateway 171+ y transportan workspace_club_id explícito
OK 20097: detalle revalida permisos de gestión dentro del workspace, directa o mediante bundle actual
OK 20097: editor y detalle mantienen señal contextual/separación explícita
OK 20097: gateway bloquea cruces club ↔ perfil directo
OK 20097: RPC contextual devuelve solo el perfil Club del workspace
OK 20097: migración contextual no consulta Eventos internos de Mi Club
OK 20097: invitaciones quedan filtradas al perfil público del club
OK 20097: activación piloto Urban Warriors está preparada como post-deploy explícito
OK 20097: migraciones de aislamiento son genéricas y no hardcodean el piloto
OK 20097: Android identifica build 20097 o superior
PASS 20097 KOMBAX Events Workspace Isolation
OK 20098: identidad local conserva 20098 o superior en web/PWA/Android/health source
OK 20098: cache-busting Eventos conserva 20098 o superior
OK 20098: repositorio consume lectores públicos v173 o superiores
OK 20098: gateway 173+ conserva workspace_club_id explícito
OK 20098: mutación v173 delega primero en aislamiento v171
OK 20098: backend incluye venue, ventanas, entradas, streaming y aforo
OK 20098: backend valida HTTPS y coherencia temporal
OK 20098: discovery v173 expone teaser real de Main Event
OK 20098: migración 173 no consulta Eventos internos de Mi Club
OK 20098: hardening 174 oculta helpers standalone
OK 20098: verificación 174 distingue helpers internos de lectores públicos
OK 20098: Eventos conserva encabezado propio o evoluciona al Brand Hero oficial
OK 20098: portada usa anuncios grandes con teaser de Main Event
OK 20098: evento, inscripción y entradas son estados independientes
OK 20098: CTA públicos cubren entradas, registro y ubicación
OK 20098: segundo nivel contiene navegación completa del evento
OK 20098: detalle incluye experiencia logística y Main Event broadcast
OK 20098: editor/payload conserva direccion
OK 20098: editor/payload conserva codigo_postal
OK 20098: editor/payload conserva tickets_url
OK 20098: editor/payload conserva tickets_proveedor
OK 20098: editor/payload conserva tickets_abren_en
OK 20098: editor/payload conserva tickets_cierran_en
OK 20098: editor/payload conserva ticket_precio_desde
OK 20098: editor/payload conserva inscripcion_url
OK 20098: editor/payload conserva inscripciones_abren_en
OK 20098: editor/payload conserva inscripciones_cierran_en
OK 20098: editor/payload conserva inscripcion_precio_desde
OK 20098: editor/payload conserva streaming_url
OK 20098: editor/payload conserva web_oficial_url
OK 20098: editor/payload conserva aforo
OK 20098: editor/payload conserva acceso_info
OK 20098: venta/registro se delegan a enlaces externos seguros
OK 20098: UI Eventos no implementa pasarela de pago interna
OK 20098: Eventos fuerza formato grande de una columna, distinto de Showcase
OK 20098: CSS cubre gran anuncio, segundo nivel y Main Event
OK 20098: responsive, reduced-motion y touch quedan protegidos
OK 20098: Android identifica build 20098 o superior
PASS 20098 KOMBAX Events Large Format Experience
OK 20099: identidad local conserva 20099 o superior en web/PWA/Android/health source
OK 20099: cache-busting Eventos conserva 20099 o superior
OK 20099: frontend usa gateway, lector y cuota v175
OK 20099: subida de vídeo admite 100 MB, 60 s y HD 1080p
OK 20099: cliente envía metadatos verificables y momento del álbum
OK 20099: prepareVideo conserva por defecto los límites históricos de otros módulos
OK 20099: gestor comunica cuota de fotos vigente (15 histórica o 30 ampliada) y 5 vídeos de 60 segundos
OK 20099: gestor permite selección múltiple de fotos y vídeos
OK 20099: álbum soporta previo/evento/postevento y filtros
OK 20099: fotos se muestran en cuadrícula seleccionable con visor grande
OK 20099: visor permite teclado anterior/siguiente/cerrar
OK 20099: retirar contenido comunica liberación de cuota
OK 20099: CSS contiene cuadrícula compacta responsive
OK 20099: CSS contiene lightbox oficial
OK 20099: bucket permanece privado y admite hasta 100 MB por archivo
OK 20099: backend impone 15 fotos y 5 vídeos
OK 20099: cuotas se serializan para evitar carreras concurrentes
OK 20099: hardening 176 resuelve idempotencia antes de recalcular cuota
OK 20099: backend valida metadatos de duración y resolución
OK 20099: backend persiste fase previa/evento/postevento e indexa el álbum
OK 20099: lector v175 conserva aislamiento por workspace 20.097
OK 20099: gateway v175 conserva contratos y aislamiento previos por delegación
OK 20099: verificación cubre ACL y bucket
OK 20099: Android identifica build 20099 o superior
PASS 20099 KOMBAX Events Official Album + HD Media
OK 20100: identidad Brand Heroes 20100+ consistente
OK 20100: CSS de Brand Heroes permanece versionado en builds posteriores
OK 20100: se conserva el símbolo oficial existente de KOMBAX
OK 20100: componente no inventa lobo ni logo alternativo
OK 20100: un único componente comparte el logo oficial en las tres capas
OK 20100: Events conserva el claim aprobado FROM HYPE TO HISTORY
OK 20100: Social integra hero definitivo
OK 20100: Events integra el slogan visual aprobado
OK 20100: Showcase integra hero definitivo
OK 20100: Events conserva acciones funcionales Explorar/Crear
OK 20100: hero-social.webp es un asset real y no placeholder
OK 20100: hero-events.webp es un asset real y no placeholder
OK 20100: hero-showcase.webp es un asset real y no placeholder
OK 20100: Brand Heroes tienen motion ambiental propio
OK 20100: motion respeta accesibilidad reduced-motion
OK 20100: hero tiene encuadre móvil específico
OK 20100: fotografía queda bajo máscara de legibilidad para copy HTML
OK 20100: Android conserva identidad Brand Heroes 20100+
PASS 20100 KOMBAX Brand Heroes
OK 20101: identidad local 20101 consistente
OK 20101: cache-busting web actualizado a 20101
OK 20101: Android identifica 20101
OK 20101: seed y rollback Owner existen
OK 20101: demo usa tablas reales de KOMBAX Events
OK 20101: no se crea un dominio/tablas paralelas de demo
OK 20101: evento y organizaciones demo quedan identificados
OK 20101: bootstrap protegido por Owner
OK 20101: UI incluye instalador idempotente del evento real
OK 20101: instalador crea backend y sube álbum al bucket real
OK 20101: tras instalar se abre por el mismo detalle normal
OK 20101: repos usa seed Owner y registro multimedia real 20.099
OK 20101: álbum demo se sube al bucket privado oficial
OK 20101: álbum demo tiene manifiesto de contenido
OK 20101: poster.webp incluido
OK 20101: poster.webp no es placeholder
OK 20101: banner.webp incluido
OK 20101: banner.webp no es placeholder
OK 20101: main-event.webp incluido
OK 20101: main-event.webp no es placeholder
OK 20101: co-main.webp incluido
OK 20101: co-main.webp no es placeholder
OK 20101: undercard.webp incluido
OK 20101: undercard.webp no es placeholder
OK 20101: press-day.webp incluido
OK 20101: press-day.webp no es placeholder
OK 20101: album-promo.webp incluido
OK 20101: album-promo.webp no es placeholder
OK 20101: results.webp incluido
OK 20101: results.webp no es placeholder
OK 20101: highlights.webp incluido
OK 20101: highlights.webp no es placeholder
OK 20101: club-fenix-logo.webp incluido
OK 20101: club-fenix-logo.webp no es placeholder
OK 20101: nova-combat-logo.webp incluido
OK 20101: nova-combat-logo.webp no es placeholder
OK 20101: 12 retratos ficticios de participantes incluidos
OK 20101: evento demo es público y tiene ciclo temporal real
OK 20101: Main Event y co-main se crean como Fight Cards reales
OK 20101: fotos de perfiles demo usan assets propios KOMBAX HTTPS
PASS 20101 KOMBAX Demo Event Showcase
OK 20101 R3: runtime consume lector público v178 o superior
OK 20101 R3: runtime consume gateway v178 o superior
OK 20101 R3: organizador puede subir cartel/banner desde el editor
OK 20101 R3: organizador puede subir foto pública de participante externo
OK 20101 R3: editor persiste focales de cartel y banner
OK 20101 R3: editor permite reencuadre directo por arrastre
OK 20101 R3: cartelera y detalle respetan encuadre persistente
OK 20101 R3: Main Event usa batalla visual dedicada con peleadores
OK 20101 R3: Main Event deriva de Fight Card real
OK 20101 R3: editor de Fight Card permite seleccionar Main Event
OK 20101 R3: participante externo admite carga de imagen desde archivo
OK 20101 R3: Social muestra peleadores en referencias de combate/evento
OK 20101 R3: fotografía Hero queda en stacking visible no negativo
OK 20101 R3: se elimina el z-index negativo que podía ocultar peleadores
OK 20101 R3: heroes incorporan nube/halo animado detrás del copy
OK 20101 R3: CSS incluye Main Event premium y editor de portada
OK 20101 R3: migración 178 expone focales también en lectura pública
OK 20101 R3: backend garantiza un único Main Event por evento
OK 20101 R3: presentación del evento ejemplo queda sin DEMO visible
PASS 20101 R3 Event Visual Editor Hardening
OK 20101 R6: Events conserva filtros al reentrar en la ruta desde R26 para continuidad de navegación
OK 20101 R6: existe reset explícito de tipo de evento
OK 20101 R6: estado vacío filtrado permite recuperar la cartelera
OK 20101 R6: tab Todos limpia estado, tipo y búsqueda y refresca la fuente vigente
OK 20101 R6: botón Crear evento conserva editor real
OK 20101 R6: identidades sin entitlement reciben explicación en vez de silencio
OK 20101 R6: migración piloto habilita solo Urban Warriors sin ID generado hardcodeado
OK 20101 R6: entitlement piloto queda activo e idempotente
OK 20101 R6: package expone test específico R6
PASS 20101 R6 Events Discovery + Club Create
OK 20101 R7: gateway integra el asset multi-deportista aprobado
OK 20101 R7: composición decorativa queda fuera del árbol accesible
OK 20101 R7: hero principal prioriza carga sin lazy tardío
OK 20101 R7: atmósfera usa dos capas de humo separadas
OK 20101 R7: visual no intercepta navegación ni gestos
OK 20101 R7: humo dispone de movimiento CSS ligero
OK 20101 R7: movimiento se desactiva por preferencia de accesibilidad
OK 20101 R7: encabezado desktop se reduce para equilibrar multimedia
OK 20101 R7: móvil convierte el arte en bloque panorámico estable
OK 20101 R7: móvil estrecho limita altura del hero
OK 20101 R7: asset optimizado dentro de presupuesto (184038 bytes)
OK 20101 R7: acceso de club conserva binding
OK 20101 R7: acceso global conserva binding
OK 20101 R7: claim principal permanece intacto
OK 20101 R7: gateway evita GIF/vídeo/WebGL para la atmósfera
OK 20101 R7: Social/Events/Showcase reciben humo animado compartido
OK 20101 R7: Events usa mayor intensidad y Showcase la más contenida
OK 20101 R7: humo de Brand Heroes también respeta reduced-motion
OK 20101 R7: Showcase alinea micro-claim con el wording aprobado
OK 20101 R7: index conserva cache-busting R7 o superior
OK 20101 R7: service worker conserva separación de cache R7 o superior sin alterar identidad 20101
PASS 20101 R7 Gateway Atmospheric Hero
OK 20101 R8: evento incluye exactamente 15 imágenes (15)
OK 20101 R8: todos los assets del evento usan WEBP optimizado
OK 20101 R8: action-adults-01.webp queda por debajo de 450 KB (92558)
OK 20101 R8: action-adults-02.webp queda por debajo de 450 KB (69068)
OK 20101 R8: action-adults-03.webp queda por debajo de 450 KB (81734)
OK 20101 R8: action-adults-04.webp queda por debajo de 450 KB (86922)
OK 20101 R8: action-adults-05.webp queda por debajo de 450 KB (104648)
OK 20101 R8: action-adults-06.webp queda por debajo de 450 KB (66782)
OK 20101 R8: action-adults-07.webp queda por debajo de 450 KB (75052)
OK 20101 R8: action-adults-08.webp queda por debajo de 450 KB (63738)
OK 20101 R8: album-official.webp queda por debajo de 450 KB (269582)
OK 20101 R8: banner.webp queda por debajo de 450 KB (328244)
OK 20101 R8: main-event.webp queda por debajo de 450 KB (266078)
OK 20101 R8: poster.webp queda por debajo de 450 KB (274504)
OK 20101 R8: registrations.webp queda por debajo de 450 KB (248260)
OK 20101 R8: results-highlights.webp queda por debajo de 450 KB (327982)
OK 20101 R8: youth-division.webp queda por debajo de 450 KB (280170)
OK 20101 R8: batería visual completa queda por debajo de 3.5 MB (2635322)
OK 20101 R8: frontend identifica el segundo demo por slug estable
OK 20101 R8: instalador carga assets desde carpeta dedicada
OK 20101 R8: catálogo frontend cubre 15 piezas ordenadas
OK 20101 R8: owner dispone de instalador independiente no destructivo
OK 20101 R8: evento y álbum se auto-instalan en primer acceso owner y se reparan sin duplicar media
OK 20101 R8: repositorio llama al bootstrap R8 específico
OK 20101 R8: seed crea un Interclub perteneciente al club real
OK 20101 R8: seed resuelve Urban Warriors por identidad estable sin ID hardcodeado
OK 20101 R8: bootstrap exige entitlement real de Events
OK 20101 R8: Fight Card cubre menores desde 8 años, juveniles y adultos
OK 20101 R8: hay dos combates estelares adulto masculino y femenino
OK 20101 R8: evento R8 no incorpora vídeo
OK 20101 R8: cache-busting R8+ evita reutilizar assets anteriores
OK 20101 R8: panel QA del segundo evento mantiene jerarquía visual Events
OK 20101 R8: package expone test específico R8
PASS 20101 R8 Urban Warriors Jiu-Jitsu Event
PASS · four alpha smoke sprites present
PASS · sprites are compact
PASS · brand hero has three independent smoke layers
PASS · gateway has red blue and neutral smoke
PASS · gateway uses real alpha assets
PASS · brand heroes use real alpha assets
PASS · old R10 texture path removed
PASS · no active hue-rotate smoke recoloring
PASS · smoke motion is transform opacity only
PASS · events stronger than showcase
PASS · reduced motion protects smoke
PASS · cache bust r11
PASS · approved social hero remains
PASS · urban warriors event preserved
OK KOMBAX 20.101 R11 real alpha smoke
PASS · gateway visual widened
PASS · gateway image reframed and rescaled
PASS · gateway overlay softened
PASS · gateway smoke reduced for image with built-in atmosphere
PASS · mobile gateway crop updated
PASS · gateway markup still uses three smoke spans
PASS · brand heroes smoke system still present
PASS · social hero preserved
PASS · urban warriors event assets preserved
PASS · cache bust r12
OK KOMBAX 20.101 R12 gateway reframe final
PASS · fight card section sorts and counts fights
PASS · fight cards appear before info blocks
PASS · fight card has no template-image dependency
PASS · fighter image fallback binding exists
PASS · fight grid forced visible
PASS · mobile fight cards are one-column and compact
PASS · mobile brand hero media is shallower to reduce zoom
PASS · mobile Social crop reduced
PASS · mobile Events crop reduced
PASS · mobile Showcase crop reduced
PASS · gateway mobile image blends into copy
PASS · gateway mobile smoke is restrained
PASS · real alpha smoke preserved
PASS · Urban Warriors event assets preserved
PASS · R13 cache bust
OK KOMBAX 20.101 R13 mobile UX + Fight Cards
PASS · R14 builder exists
PASS · creator continues into builder after first save
PASS · builder integrates six operational steps
PASS · manager album nav remains visible when empty
PASS · empty manager album has direct upload CTA
PASS · participant photo replacement UI exists
PASS · participant update repository uses v181
PASS · participant update migration preserves workspace management
PASS · fight card manager exists
PASS · album upload can link to fight
PASS · album upload can link to KOMBAX competitor
PASS · album retains valid photo/video quota after later expansion
PASS · R14 responsive builder CSS exists
PASS · cache bust R14
PASS · Urban Warriors assets preserved
PASS · signing remains externally configured
OK KOMBAX 20.101 R14 Event Creator Complete
PASS · tablet brand hero tuning exists
PASS · mobile brand hero tuning reduces zoom further
PASS · landscape phone hero tuning exists
PASS · tablet gateway tuning exists
PASS · mobile gateway image fuses better with copy
PASS · mobile gateway smoke is even more restrained
PASS · landscape gateway tuning exists
PASS · cache bust R15
PASS · R14 creator preserved
PASS · smoke alpha assets preserved
OK KOMBAX 20.101 R15 Responsive Visual Tuning
PASS · single management launcher exists
PASS · legacy management action wall removed
PASS · all management destinations remain reachable
PASS · management is permission-gated
PASS · desktop popover styling exists
PASS · tablet management styling exists
PASS · mobile bottom sheet exists
PASS · mobile scrim and safe area exist
PASS · accessible toggle and close behavior exist
PASS · public actions stay separate
PASS · R14 creator preserved
PASS · R15 responsive tuning preserved
PASS · cache bust R16
PASS · no backend changes introduced
OK KOMBAX 20.101 R16 Event Management UX Cleanup
PASS · 12 demo fighters have deterministic local mapping
PASS · all mapped assets exist in web
PASS · all mapped assets exist in Android package
PASS · packaged demo portraits keep priority over remote demo URLs
PASS · Fight Cards use hardened resolver
PASS · participant images use fallback binding
PASS · Main Event images use fallback binding
PASS · generic broken-image fallback remains
PASS · fallback asset exists in Android
PASS · cache is R17
OK KOMBAX 20.101 R17 Android Fighter Image Hardening
PASS · demo URL rewrite no longer depends on localhost
PASS · 12 BCN fighter assets present in web
PASS · 12 BCN fighter assets present in Android
PASS · fight cards use resolvedFighterPhoto
PASS · participant cards use fighterPhoto
PASS · main event uses resolved fighter photos
PASS · external non-demo https remains supported
PASS · Urban explicit hardening preserved
PASS · cache bumped to R18
OK KOMBAX 20.101 R18 Demo Event Image Routing Hardening
PASS · strict fight boolean parser exists
PASS · Fight Card featured class uses strictFlag
PASS · Fight Card Main Event label uses strictFlag
PASS · pickMainFight uses strictFlag
PASS · seed normalizes single Main Event
PASS · current demo repair included
PASS · seed reports main_event_count
PASS · seed execute not granted to anon
OK KOMBAX 20.101 R18 single Main Event hardening
PASS · 10 realistic portrait assets exist
PASS · 10 portrait files are unique filenames
PASS · frontend maps the 10 active fighters to realistic portraits
PASS · demo album mirrors fighter bank
PASS · album hydration supports packaged local media
PASS · album lightbox supports packaged local media
PASS · album manager includes the 10 demo portraits
PASS · seed removes two surplus demo fighters
PASS · seed defines five fights
PASS · seed defines exactly one true Main Event
PASS · seed reports 10-photo realism album
OK KOMBAX 20.101 R18 Urban Warriors Realism Pass
PASS · three local Showcase product assets exist
PASS · three local product images are distinct
PASS · three product assets copied to dist and Android
PASS · migration targets the existing Urban Warriors club brand
PASS · migration resolves categories by slug
PASS · exactly three R19 demo slugs are seeded
PASS · prices are the approved reference values
PASS · all three products use in-app contact CTA
PASS · nutrition demo avoids invented label macros and carries legal warning
PASS · Showcase contact CTA remains product-linked
PASS · Showcase remains non-transactional
PASS · verification checks Urban ownership and uniqueness
PASS · cache bumped to R19
PASS · R18 Urban realism preserved
OK KOMBAX 20.101 R19 Urban Warriors Showcase Products
PASS R20 · Urban Warriors Muay Thai seminar seed, Events visuals, internal Community and idempotence guards
PASS · R21 plan has all mandatory protocol sections
PASS · global helper preserves presentation instead of rewriting originals
PASS · migration is additive across Events Social Profile Club Community Showcase Material and communications
PASS · write RPC is authenticated and scope guarded
PASS · repository enriches legacy reads without replacing their contracts
PASS · Events separates training family from competition
PASS · training events do not force Main Event or Fight Card
PASS · Event Creator adapts to formation with presenters and fewer steps
PASS · fighter and album media have editable framing
PASS · Events mobile overflow hardening present
PASS · Showcase defaults to full product visibility and editor
PASS · Material catalogue defaults to full article visibility and editor
PASS · Club communications have framing
PASS · Social feed uses conventional full-image viewer and editor
PASS · Mi Perfil album, avatar and public Showcase use the same framing system
PASS · direct KOMBAX profile content supports avatar banner and album framing
PASS · club album supports adjustable thumbnails
PASS · Community supports full image view and adjustable feed framing
PASS · CSS respects user presentation variables
PASS · R21-or-newer cache bust is explicit
PASS · completion migration covers remaining visible multimedia surfaces
PASS · v188 setter remains authenticated-only and reuses existing authorization guards
PASS · private avatar has visible framing action in both profile entry points
PASS · sports profile photo has visible editor and persistent framing
PASS · club branding logo and cover both expose visible adjustment actions
PASS · public club profile logo and cover both expose visible adjustment actions
PASS · Showcase secondary gallery supports individual slot framing
PASS · session avatar and shell club logo render persisted framing
PASS · document attachments remain outside presentation framing by design
PASS · R20 seed and R19 Showcase migrations remain preserved
OK KOMBAX 20.101 R21 · 30/30
PASS first viewport=24
PASS no 100+120 initial merge
PASS no auto installer on render
PASS detail cache
PASS lazy media observer
PASS main before undercard
PASS undercard excludes main
PASS co-main UI
PASS 30 fights UI
PASS 30 album UI and arithmetic
PASS bundle reader
PASS R22 mutator v191 first
PASS backend 30 photos
PASS backend 30 fights
PASS co-main backend
PASS discovery index
PASS stable non-black placeholder
PASS keyset RPC
PASS frontend keyset append
PASS server-side filters
PASS bounded page size
PASS reference photo type
PASS reference does not duplicate binary
PASS reference unique active
PASS reference counts logical album quota
PASS album reuse UI
PASS participant edit can add album
PASS poster/banner edit can add album
PASS framing editor secondary action
PASS asset reuse responsive UI
R22 30/30
PASS · 10 Urban fighter names remain mapped
PASS · resolver prefers packaged demo portrait before backend URL
PASS · 127.0.0.1 and Android appassets are recognised by runtime helper
PASS · local CMD server serves WEBP with image/webp MIME
PASS · local CMD server serves SVG fallback with image/svg+xml MIME
PASS · all 10 Urban portraits exist in web
PASS · all 10 Urban portraits exist in dist
PASS · all 10 Urban portraits exist in Android assets
PASS · web and Android portrait binaries are identical
PASS · web and dist portrait binaries are identical
PASS · Fight Card uses hardened resolver
PASS · Main Event uses hardened resolver
PASS · participant cards use hardened resolver
PASS · broken-image placeholder fallback remains
PASS · R23-or-later browser cache bust is active
R23 15/15
PASS · R23 audit plan exists
PASS · R23 audit report exists
PASS · R25 implementation plan exists
PASS · interest captures currentTarget before await
PASS · interest never dereferences currentTarget after await
PASS · interest keeps icon and updates dedicated label
PASS · interest prevents duplicate submit
PASS · external media handler captures stable button
PASS · Showcase save handler captures stable button
PASS · modal emits lifecycle close event
PASS · media hydrator subscribes lifecycle cleanup
PASS · media hydrator decodes image before DOM replacement
PASS · media hydrator is idempotent/inflight guarded
PASS · no forced 1400ms album hydrate-all
PASS · viewport prefetch remains bounded by observer
PASS · openEvent media hydration is non-blocking
PASS · event detail cache is bounded
PASS · mobile event detail removes backdrop blur
PASS · mobile Fight Card image filters/transitions disabled
PASS · mobile card animations reduced
PASS · R25 does not introduce R24 backend RPC names
PASS · R22 keyset preserved
PASS · R23 fighter resolver preserved
PASS · package registers R25 test
R25 24/24
PASS · support email canonical
PASS · club settings exposes privacy support
PASS · personal profile exposes account privacy support
PASS · direct profiles expose privacy support
PASS · managed clubs expose privacy support
PASS · support grant is temporal
PASS · support grant is scoped
PASS · support code stored hashed
PASS · plaintext code returned once by create path
PASS · support grants are revocable
PASS · support lifecycle audited
PASS · AI claim restricted to service role
PASS · AI authorization validation checks required scope
PASS · club authorization requires direction or coordination
PASS · direct profile authorization requires owner manager
PASS · authenticated cannot read support tables directly
PASS · Owner support mode remains present and independent
PASS · user copy discloses privileged admin exception
PASS · Events preserves filters across route re-entry
PASS · Events restores prior scroll position
PASS · Events renders cached discovery before revalidation
PASS · Events still refreshes server discovery
PASS · R26+ web cache bust
PASS · R26+ service worker cache bust
R26 24/24
PASS · canonical support email preserved
PASS · support center keeps direct mailto
PASS · profile quick row exposes email address
PASS · profile quick row has Escribir correo CTA
PASS · profile quick row keeps privacy access CTA
PASS · club settings note exposes clickable mailto
PASS · global profile hub imports canonical support email
PASS · global profile hub surfaces support email action
PASS · R27 web cache bust
PASS · R27 service worker cache bust
R27 10/10
PASS · R28 registry exists
PASS · Competidor not professional subtype
PASS · Professional specialties controlled
PASS · Gateway enables professional spectator
PASS · Professional birth date captured
PASS · Spectator private age gate copy
PASS · Spectator cannot request verification
PASS · R196 profiles source
PASS · R196 mutation source
PASS · Capabilities backend resolver
PASS · Capabilities cache subject scoped
PASS · Identity change invalidates cache
PASS · R28 cache bust
R28 13/13
PASS · Five distinct hubs
PASS · Gateway opens managed hub
PASS · Workspace repository v197
PASS · Federation privacy boundary
PASS · Spectator remains non publisher
PASS · Backend authenticates and checks subject
PASS · Backend grants only authenticated
PASS · Responsive managed hub
PASS · R29 cache bust
R29 9/9
PASS · Professional entities isolated by subject
PASS · No clinical health domain introduced
PASS · Specialty capability mapping
PASS · Manager consent state machine
PASS · Manager permission allowlist
PASS · Competitor remains target not professional subtype
PASS · Events assignments limited
PASS · Security definer checks auth and managed subject
PASS · Private tables have RLS and revoked direct access
PASS · Frontend RPC integration
PASS · Competitor can accept reject revoke
PASS · R30-or-newer cache bust
R30 12/12
PASS · No fake Club tenancy
PASS · Dedicated professional finance capabilities
PASS · Services charges payments expenses isolated
PASS · RLS and direct DML revoked
PASS · Runtime auth and capability gates
PASS · Overpayment blocked and state derived
PASS · Cross-subject client/service/assignment blocked
PASS · Represented charge requires active delegation
PASS · Global notification center extended by subject
PASS · No in-app payments or fiscal invoicing claims
PASS · Common finance adapter present
PASS · Repository RPC integration
PASS · Mi actividad finance module capability-gated
PASS · Basic 12-month report
PASS · R31-or-newer cache bust
R31 15/15
PASS 1: Plan Maestro PDF + transcripción Markdown empaquetables
PASS 2: taxonomía contiene Competidor, Profesional y Espectador
PASS 3: Competidor permanece fuera del catálogo Profesional
PASS 4: catálogo Profesional controlado incluye cinco especialidades iniciales
PASS 5: age gate Profesional 18+ visible y persistente
PASS 6: age gate Espectador 16+ visible y persistente
PASS 7: Espectador no publica ni entra al flujo de verificación profesional por defecto
PASS 8: shells gestionados son distintos y coherentes
PASS 9: Mi Federación explicita frontera privada respecto a Club
PASS 10: workspace Federación backend declara no acceso privado Club/cross-profile
PASS 11: identidad activa tiene storage segregado y evento explícito de cambio
PASS 12: resolver central consulta capacidades efectivas del backend
PASS 13: repositories conectan hubs, operaciones y Finanzas por RPC versionada
PASS 14: Manager usa delegación solicitada/aceptada/revocable/expirable
PASS 15: Médico no incorpora expediente/historia clínica
PASS 16: Médico/Árbitro limitados por especialidad y asignación Events
PASS 17: Promotor obtiene Events mediante capacidades específicas
PASS 18: Finanzas Profesionales están detrás de capabilities propias
PASS 19: tablas Finanzas Profesionales no contienen fake club_id
PASS 20: Finanzas Profesionales se aíslan por subject y cierran DML directo
PASS 21: runtime financiero protege sobrepago y edición por debajo de pagos registrados
PASS 22: backend declara no cobro, no facturación fiscal y no fake Club
PASS 23: adapter financiero común mantiene scope Club/Professional explícito
PASS 24: UI profesional no se presenta como pasarela de cobro
PASS 25: avisos profesionales reutilizan notificaciones con subject direct_profile
PASS 26: hardening fusiona direct_profile en la policy histórica de notificaciones
PASS 27: Mi actividad solo muestra Finanzas cuando capabilities lo permiten
PASS 28: servicios globales permanecen compartidos entre shells
PASS 29: Club sigue siendo un scope financiero independiente, no migrado al subject Profesional
PASS 30: migraciones R29–R31 no contienen destrucción masiva de dominios existentes
PASS 31: pruebas históricas de escala/10K siguen incluidas para compatibilidad multi-club
PASS 32: Android conserva applicationId y Firebase
PASS 33: PWA/cache R32 o posterior conservando build 20.101
PASS 34: responsive conserva gates móvil/tablet/desktop
PASS 35: plan R32 prohíbe deploy/push durante este cierre
PASS 36: R32 mantiene fuera de alcance pagos, salud clínica y publicación libre Espectador
R32 PROFILE MATRIX HARDENING: PASS 36/36
PASS 1: plan R33 existe antes del cierre
PASS 2: módulo transversal Federación/Licencias existe
PASS 3: Mi Federación tiene workspace administrativo
PASS 4: Mi Club tiene administración federativa
PASS 5: Mi Competidor tiene Mis licencias
PASS 6: Profesional tiene licencias autorizadas
PASS 7: Mi Cuenta muestra invitaciones federativas pendientes
PASS 8: UX explica privacidad cross-federation
PASS 9: UX no expone otras federaciones del Club
PASS 10: Mi Federación muestra KPIs federativos
PASS 11: Mi Federación limita clubes a relación propia
PASS 12: Mi Federación muestra equipo propio
PASS 13: UI contempla seis roles federativos
PASS 14: UI crea invitación de equipo federativo
PASS 15: UI acepta o rechaza invitación federativa
PASS 16: UI revoca miembro federativo
PASS 17: frontend usa federation_invitation_id compatible con Edge Function v3
PASS 18: Edge Function detecta invitación federativa por ID específico
PASS 19: Edge Function obtiene payload federativo autorizado
PASS 20: correo soporta equipo federativo y etiquetas de rol
PASS 21: Edge Function exige bearer autenticado además de verify_jwt en despliegue
PASS 22: repository conecta contexto Mi Federación v200
PASS 23: repository conecta contexto Mi Club v200
PASS 24: repository conecta Mis licencias v200
PASS 25: repository conecta licencias autorizadas Profesionales
PASS 26: Club puede buscar directorio de Federaciones verificadas
PASS 27: mutaciones federativas pasan por RPC central
PASS 28: documentos usan bucket federativo privado dedicado
PASS 29: frontend limita documentos a PDF/JPEG/PNG
PASS 30: frontend aplica límite de 10 MB
PASS 31: documentos se abren con URL firmada temporal de 5 minutos
PASS 32: subir documento no equivale a compartirlo
PASS 33: compartición con Federación es explícita
PASS 34: Club puede enviar expediente a Federación
PASS 35: Federación puede revisar expediente
PASS 36: flujo de revisión incluye aprobar y solicitar documentación
PASS 37: Competidor visualiza historial de licencias
PASS 38: Profesional solo ve compartición expresa o delegación válida
PASS 39: managed hub enruta módulos federativos
PASS 40: managed hub enruta Competidor y Profesional
PASS 41: Mi Club expone entrada Federaciones y licencias
PASS 42: Gateway integra invitaciones federativas en Mi Cuenta
PASS 43: reconciliación registra versiones live 205–209
PASS 44: trace 205 conserva hash SQL live
PASS 45: trace 206 conserva hash SQL live
PASS 46: trace 207 conserva hash SQL live
PASS 47: trace 208 conserva hash SQL live
PASS 48: 209 incluye hardening de índices FK R33
PASS 49: PWA/cache avanzados a R33
PASS 50: Android conserva applicationId y Firebase
PASS 51: R33 no introduce pasarela de pago federativa
PASS 52: R33 no introduce historia clínica ni datos clínicos
R33 FEDERATION LICENSES ADMIN: PASS 52/52
PASS 1: plan R33.1 documenta cierre UX transversal
PASS 2: Mi Club tiene ruta visible a Federaciones y licencias
PASS 3: Mi Club/Mi Cuenta tiene ruta de Mis licencias personales
PASS 4: administración federativa del Club se limita en navegación a roles autorizados
PASS 5: Mis licencias mantiene acceso de cuenta; R39 puede agruparlo dentro de Federaciones y licencias
PASS 6: sidebar/área federativa mantiene agrupación coherente de licencias
PASS 7: sidebar tiene iconografía para ambos accesos
PASS 8: hub de identidades tiene matriz UX federativa explícita
PASS 9: Mi Federación expone administración, federados, licencias, clubes y equipo
PASS 10: Mi Competidor expone Mis licencias
PASS 11: Mi actividad expone sus propias licencias
PASS 12: licencias de terceros en Profesional siguen condicionadas por capability
PASS 13: Federación, Marca y Espectador reciben herramienta de licencias personales de cuenta
PASS 14: UX aclara que Mis licencias personales no concede poderes a la identidad activa
PASS 15: renderer de licencias soporta identidad o cuenta y modo embebido
PASS 16: Mis licencias preserva el shell de Mi Club cuando se abre desde sidebar
PASS 17: error de Mis licencias embebidas no destruye el shell del Club
PASS 18: Mi Federación acepta foco de navegación por módulo
PASS 19: Mi Federación enfoca Equipo o Clubes relacionados desde tarjetas
PASS 20: Mi Federación enfoca Federados/Licencias desde tarjetas
PASS 21: backend workspace R33.1 anuncia módulos federativos
PASS 22: backend workspace anuncia licencias de Competidor y Profesional
PASS 23: RPC workspace identifica versión R33.1
PASS 24: migración no abre RPC a anon y conserva authenticated
PASS 25: cache R33.1 permanece preservada en la cadena PWA
PASS 26: herramienta transversal de cuenta tiene tratamiento responsive propio
PASS 27: regresión completa incluye el test R33.1
R33.1 FEDERATION UX ALL PROFILES: PASS 27/27
PASS 1: módulo Mi preparación existe
PASS 2: banner R34 de migración sigue disponible, ahora como KOMBAX Migrations directo
PASS 3: banner mantiene revisión y confirmación antes de importar
PASS 4: flujo de migración conserva documentos heterogéneos en el canal Migrations
PASS 5: flujo de migración mantiene confirmación humana bajo la identidad KOMBAX Migrations
PASS 6: archivos seleccionados se suben realmente al staging privado
PASS 7: repositorio enlaza bucket privado y usa el registro de archivo R38 compatible con R34
PASS 8: backend registra metadatos privados de archivos de migración
PASS 9: bucket de migración es privado y limita 10 MB
PASS 10: storage de migración queda ligado al propietario del ticket
PASS 11: backend contiene preparación de competición
PASS 12: backend contiene historial de peso
PASS 13: backend contiene accesos explícitos del equipo
PASS 14: peso privado aplica RLS y deniega acceso directo
PASS 15: foto de báscula usa bucket privado
PASS 16: permisos contemplan equipo/representación existente
PASS 17: pesajes distinguen autoregistro, equipo y oficial
PASS 18: seguimiento admite frecuencia semanal, 3/semana, diaria y personalizada
PASS 19: UI bloquea framing médico o de weight-cut peligroso
PASS 20: UI declara privacidad por defecto
PASS 21: perfil Competidor conserva acceso personal al seguimiento, ahora como Mis competiciones
PASS 22: miembro/alumno conserva acceso personal al seguimiento desde Mis competiciones
PASS 23: Mi Club conserva Assist y R35 retira el acceso independiente de preparación
PASS 24: R34 conserva accesos explícitos del equipo de preparación
PASS 25: KOMBAX Events enlaza el seguimiento privado a una inscripción concreta
PASS 26: frontend usa RPCs estrechos del módulo de preparación
PASS 27: evidencia privada se registra y abre con URL firmada temporal
PASS 28: errores nuevos tienen mensajes de usuario no técnicos
PASS 29: R35 retira la ruta/sidebar independiente sin eliminar el módulo reutilizable
PASS 30: nueva UX tiene estilos responsive propios
PASS 31: cache PWA mantiene continuidad R34 y admite versiones posteriores
PASS 32: package expone test específico R34
PASS 33: regresión completa incorpora R34
R34 ASSIST MIGRATION + COMPETITION PREPARATION: PASS 33/33
PASS 1: migración R35 event-centric existe
PASS 2: hardening de privacidad R35 existe
PASS 3: preparación se ancla a la inscripción pública o interna
PASS 4: solo existe una preparación privada por inscripción
PASS 5: pesaje oficial tiene registro propio bloqueable
PASS 6: pesaje oficial tiene RLS y sin acceso directo
PASS 7: backend expone roster unificado de preparación por evento
PASS 8: backend expone mutación estrecha de inscripción/preparación
PASS 9: backend soporta KOMBAX Events y eventos internos de club
PASS 10: activación privada nace desde una inscripción concreta
PASS 11: fichas externas no reciben histórico privado sin perfil KOMBAX
PASS 12: pesaje oficial se registra una vez y queda bloqueado
PASS 13: organización del evento no hereda acceso al histórico privado
PASS 14: lectura de pesos diarios exige permiso privado
PASS 15: entrenador/monitor necesita autorización explícita para esa preparación
PASS 16: dirección/coordinación conserva administración privada del propio club
PASS 17: equipo autorizado conserva permisos granulares
PASS 18: club que presenta al atleta no abre el histórico a roles genéricos
PASS 19: repositorio consume roster R35
PASS 20: repositorio consume mutación R35
PASS 21: UI privada abre el seguimiento desde la inscripción
PASS 22: UI diferencia y bloquea pesaje oficial
PASS 23: UI explica separación de privacidad para federación/organizador
PASS 24: UI trata participantes externos sin inventar histórico privado
PASS 25: R35 elimina creación independiente de nuevas preparaciones
PASS 26: KOMBAX Events muestra preparación por cada inscripción
PASS 27: KOMBAX Events incorpora pesaje oficial por inscripción
PASS 28: KOMBAX Events retira el acceso global de preparación
PASS 29: Mi Club > Eventos usa el mismo seguimiento por inscripción
PASS 30: eventos internos incorporan pesaje oficial
PASS 31: perfil Competidor accede por Mis competiciones
PASS 32: miembro/alumno accede por Mis competiciones
PASS 33: Mi Club no añade una capa permanente Competidores/Preparación
PASS 34: sidebar/router no contiene la antigua sección independiente
PASS 35: identidad Android y versionado base permanecen intactos
PASS 36: R35 mantiene límite deportivo no médico
PASS 37: cache PWA preserva continuidad R35 y permite versiones posteriores
PASS 38: package expone test específico R35
PASS 39: regresión completa incorpora R35
R35 EVENT-CENTRIC COMPETITION PREPARATION: PASS 39/39
PASS 1: migración de conexión R36 existe
PASS 2: migración Fighter Discovery R36 existe
PASS 3: hardening R36 existe
PASS 4: conexión es explícita y uno-a-uno
PASS 5: conexión es reversible y pausable
PASS 6: publicación nace totalmente opt-in
PASS 7: pesaje oficial no se publica por defecto
PASS 8: organización usa permisos granulares
PASS 9: acciones sensibles conservan auditoría
PASS 10: conectar exige gestionar ambos eventos
PASS 11: no hay auto-fusión ni doble conexión
PASS 12: publicación genera proyección autorizada
PASS 13: conexión pública no consulta historial privado de peso
PASS 14: tablas R36 de conexión tienen RLS y acceso directo revocado
PASS 15: Fighter Discovery tiene estado público separado
PASS 16: competidor no es localizable por defecto
PASS 17: disponibilidad admite short notice
PASS 18: competidor controla vía de contacto
PASS 19: solo se publica rango competitivo declarado
PASS 20: discovery/invitaciones no tocan pesos privados R35
PASS 21: descubrimiento abierto queda restringido a adultos
PASS 22: backend bloquea activación de discovery para menores
PASS 23: backend expone búsqueda deportiva específica
PASS 24: búsqueda ordena compatibilidad y urgencia
PASS 25: invitación tiene ciclo pendiente→aceptación→registro
PASS 26: aceptar no inscribe automáticamente
PASS 27: solo organización autorizada puede invitar/registrar
PASS 28: solo el competidor/representación autorizada responde
PASS 29: hardening deniega DML directo en nuevas tablas
PASS 30: solo proyección pública autorizada es legible por anon
PASS 31: repositorio consume conexión R36
PASS 32: repositorio consume Fighter Discovery
PASS 33: UI comunica conexión sin publicación automática
PASS 34: UI ofrece política granular
PASS 35: Mi Club > Eventos incorpora conexión voluntaria
PASS 36: KOMBAX Events incorpora búsqueda de sustituto/rival
PASS 37: KOMBAX Social incorpora buscador de peleadores
PASS 38: perfil Competidor abre centro de oportunidades, disponibilidad y contacto
PASS 39: UI de búsqueda explica frontera de peso privado
PASS 40: UI exige aceptación antes de inscripción
PASS 41: competidor dispone de bandeja para aceptar o rechazar invitaciones
PASS 42: búsqueda Social permite saltar al perfil público y contacto
PASS 43: editor usa rango público en vez de peso actual
PASS 44: editor mantiene seguimiento privado fuera de discovery
PASS 45: privacidad R35 de pesos se conserva
PASS 46: R36 incluye UI responsive para ambos flujos
PASS 47: cache PWA avanza a R36
PASS 48: package expone test específico R36
PASS 49: regresión completa incorpora R36
R36 EVENT LINKS + FIGHTER DISCOVERY: PASS 49/49
PASS 1: migración foundation R37 existe
PASS 2: migración API R37 existe
PASS 3: hardening R37 existe
PASS 4: proyección pública y opt-in de Club/Event R37 existen
PASS 5: Marca tiene configuración comercial opt-in
PASS 6: campañas soportan privada y abierta
PASS 7: campañas contemplan embajadores, competidores, clubes, eventos y lanzamientos
PASS 8: descubrimiento comercial de competidor nace desactivado
PASS 9: propuestas entrantes requieren opt-in separado
PASS 10: competidor controla vía de contacto comercial
PASS 11: propuestas conectan Marca con perfiles, clubes y eventos
PASS 12: campañas abiertas admiten solicitud entrante
PASS 13: CRM dispone de ciclo completo de colaboración
PASS 14: equipo Marca dispone de roles comerciales
PASS 15: operaciones sensibles tienen auditoría
PASS 16: todas las tablas R37 activan RLS
PASS 17: tablas comerciales no exponen acceso directo
PASS 18: workspace Marca tiene RPC dedicada
PASS 19: Brand Discovery tiene RPC dedicada
PASS 20: Brand Discovery separa competidores, clubes y eventos
PASS 21: competidores solo aparecen tras opt-in explícito
PASS 22: clubes solo aparecen con perfil/contacto público habilitado
PASS 23: patrocinios buscan únicamente Events publicados
PASS 24: discovery declara frontera de datos públicos
PASS 25: Brand Business nunca consulta peso/preparación privada
PASS 26: campañas abiertas son descubribles por perfiles autorizados
PASS 27: solo campañas activas y abiertas aparecen externamente
PASS 28: perfil dispone de preferencias e inbox comercial
PASS 29: mutación cubre configuración, campañas y propuestas
PASS 30: CRM permite respuesta del destinatario y gestión posterior de Marca
PASS 31: interés en campaña abierta exige opt-in del perfil
PASS 32: rol comercial solo se asigna sobre gestores autorizados
PASS 33: base conserva scopes de gestores
PASS 34: asignación de roles de Marca exige permiso admin
PASS 35: hardening niega DML directo por política explícita
PASS 36: hardening fija search_path vacío en RPC R37
PASS 37: anon no ejecuta RPC comerciales privadas
PASS 38: repositorio consume Business Hub y Discovery
PASS 39: Club no entra en Brand Discovery sin opt-in comercial explícito
PASS 40: Evento público no entra en patrocinios sin opt-in explícito
PASS 41: Discovery v224 exige consentimiento comercial por tipo de objetivo
PASS 42: trigger impide saltarse el opt-in al insertar una propuesta
PASS 43: Marca tiene proyección pública comercial limitada
PASS 44: solo la proyección pública de Marca puede ser consultada por anon
PASS 45: Mi Club controla si acepta búsquedas/propuestas de Marca
PASS 46: KOMBAX Events controla si acepta patrocinios de Marca
PASS 47: perfil público Marca muestra posicionamiento y campañas abiertas
PASS 48: repositorio usa discovery opt-in y proyección pública R37
PASS 49: UI implementa Business Hub completo
PASS 50: UI permite crear modelos de campaña
PASS 51: UI permite descubrir los tres públicos objetivo
PASS 52: UI integra propuesta y pipeline CRM
PASS 53: UI integra patrocinios de Events
PASS 54: Mi Marca expone módulos comerciales propios
PASS 55: Competidor/profesional recibe centro de colaboraciones separado
PASS 56: UI declara independencia entre combate y colaboración comercial
PASS 57: perfil controla localización y propuestas entrantes
PASS 58: R37 incluye diseño responsive del Business Hub
PASS 59: PWA avanza a R37 preservando marcador R36
PASS 60: service worker avanza cache R37 preservando R36
PASS 61: package expone test específico R37
PASS 62: regresión completa incorpora R37
R37 BRAND BUSINESS HUB: PASS 62/62
PASS 1: foundation de economía/chat R38 existe
PASS 2: API customer-safe R38 existe
PASS 3: API service-only R38 existe
PASS 4: metering documental R38 existe
PASS 5: hardening R38 existe
PASS 6: separación Assist/Migrations R38 existe
PASS 7: gate customer-safe de activación Assist R38 existe
PASS 8: índices de rendimiento R38 existen
PASS 9: Edge Function KOMBAX Assist R38 existe
PASS 10: economía privada limita coste mensual y por caso
PASS 11: Basic tiene guardrails económicos explícitos
PASS 12: Premium tiene guardrails económicos explícitos
PASS 13: Federation tiene guardrails económicos explícitos
PASS 14: router privado contempla modelo económico y escalado
PASS 15: procesamiento limita archivos, visuales y MB por lote
PASS 16: visión restringida a detalle low/auto
PASS 17: chat y ledger de turnos son persistentes
PASS 18: ledger privado tiene RLS
PASS 19: ledger de coste no tiene acceso directo de cliente
PASS 20: dashboard customer-safe existe
PASS 21: dashboard visible no expone modelo, tokens ni coste
PASS 22: RPC interna mutable usa VOLATILE y search_path vacío
PASS 23: contexto interno solo se concede a service_role
PASS 24: cliente no puede leer política/modelo interno
PASS 25: guardrails bloquean consumo anómalo antes de nueva llamada
PASS 26: migración conserva caso por ticket
PASS 27: migración admite hojas, PDF e imágenes
PASS 28: registro de archivos aplica límites de documentos y volumen
PASS 29: documentos y MB se contabilizan al subir
PASS 30: vista previa exige confirmación antes de importar
PASS 31: resultados extraídos se cachean por archivo
PASS 32: Edge Function usa secreto de entorno y no contiene API key
PASS 33: Responses API desactiva almacenamiento remoto de la respuesta
PASS 34: runtime envía imágenes y archivos mediante inputs multimodales
PASS 35: visión/PDF usa detalle económico configurado
PASS 36: salida está acotada por política
PASS 37: parser soporta salida REST anidada de Responses API
PASS 38: facturación usa alias de política y no un identificador devuelto inesperado
PASS 39: migración devuelve y guarda análisis por lote
PASS 40: runtime identifica Migrations como canal visible independiente
PASS 41: prompt de migración prohíbe importación automática
PASS 42: KOMBAX Assist mantiene ruta visible propia aunque R39 simplifique su etiqueta
PASS 43: KOMBAX Migrations tiene ruta visible independiente
PASS 44: Assist y Migrations siguen en navegación y la ruta histórica de licencias permanece compatible
PASS 45: frontend consume cupo customer-safe
PASS 46: frontend usa metering y preview R38
PASS 47: chat invoca Edge Function con timeout adecuado para IA
PASS 48: stack frontend permite timeout específico sin afectar otras funciones
PASS 49: Migrations visible incluye hilo y compositor
PASS 50: usuario ve límites separados y comprensibles sin tokens
PASS 51: migración visible es directa y ejecuta lotes pequeños
PASS 52: UI explica continuidad del mismo caso de migración
PASS 53: UI mantiene gate de confirmación
PASS 54: Assist es email-first y no ofrece creación directa de chat
PASS 55: backend exige chat guiado activo para Assist y exime Migrations
PASS 56: cliente no puede autoactivar Assist mediante RPC histórica
PASS 57: frontend usa mutación customer-safe v233 y no expone autoactivación
PASS 58: R38 indexa FKs de turnos y mensajes señaladas por advisor
PASS 59: R38 indexa FKs de análisis de migración señaladas por advisor
PASS 60: Privacidad/soporte refleja email-first y activación guiada
PASS 61: banner de perfiles anuncia acceso directo a migración multimodal
PASS 62: R38 añade diseño responsive específico de chat/cupos
PASS 63: R38 Assist/Migrations no toca preparación ni peso privado
PASS 64: R38 permanece preservado en la cadena PWA
PASS 65: R38 permanece preservado en la cadena del service worker
PASS 66: package expone test R38
PASS 67: regresión completa incorpora R38
R38 ASSIST CHAT MIGRATION ECONOMY: PASS 67/67
PASS 1: plan de implementación R39 existe
PASS 2: prompt interno R39 existe
PASS 3: navegación global conserva Mi perfil + Social + Events + Showcase
PASS 4: Mi Club permanece como acordeón separado
PASS 5: KOMBAX Assist se presenta como Asistencia virtual dentro de Mi Club
PASS 6: KOMBAX Migrations mantiene identidad propia
PASS 7: Federaciones y licencias mantiene acceso interno
PASS 8: Mis licencias ya no se inserta como botón independiente del acordeón
PASS 9: ruta histórica Mis licencias se conserva por compatibilidad
PASS 10: acordeón Mi Club tiene orden funcional explícito
PASS 11: Assist, Migrations y Manual quedan agrupados en Asistencia
PASS 12: Federaciones y licencias tiene sección propia
PASS 13: licencias personales están dentro de Federaciones y licencias
PASS 14: acceso interno abre licencias personales en contexto federativo
PASS 15: Inicio promociona Migrations contextual
PASS 16: CTA de Inicio abre Migrations directamente
PASS 17: Alumnos promociona migración contextual
PASS 18: CTA de Alumnos abre Migrations directamente
PASS 19: Finanzas promociona migración contextual
PASS 20: CTA de Finanzas abre Migrations directamente
PASS 21: Perfil del Club conserva promoción directa de Migrations
PASS 22: Assist y Migrations mantienen rutas funcionales separadas
PASS 23: Assist conserva flujo email-first
PASS 24: Migrations conserva acceso directo sin validación previa
PASS 25: Migrations explica autoservicio directo
PASS 26: PWA posterior conserva R39 como marcador histórico
PASS 27: service worker posterior conserva R39 como marcador histórico
PASS 28: reordenación del acordeón no absorbe la navegación global KOMBAX
PASS 29: package expone test R39
PASS 30: regresión completa incorpora R39
R39 CLUB NAVIGATION MIGRATIONS: PASS 30/30
PASS 1: plan R40 existe
PASS 2: prompt interno R40 existe
PASS 3: migración Social R40 existe
PASS 4: migración Events R40 existe
PASS 5: navegación global R39 se preserva
PASS 6: orden interno Mi Club R39 se preserva
PASS 7: Mi red tiene descriptor privado claro
PASS 8: Mi red muestra CTA Añadir a mi red
PASS 9: CTA de red tiene control propio
PASS 10: Mi red permite buscar contactos
PASS 11: solicitud de relación conserva consentimiento
PASS 12: se explicita privacidad del grafo social
PASS 13: confirmación conserva privacidad y consentimiento
PASS 14: exclusión de contenido no rompe ecosistema KOMBAX
PASS 15: backend amplía audiencias Social
PASS 16: tabla privada de reglas por club existe
PASS 17: reglas distinguen incluir y excluir
PASS 18: RLS Social R40 activa
PASS 19: tabla de reglas niega acceso directo
PASS 20: acceso directo Social revocado
PASS 21: helper de control de identidad existe
PASS 22: helper de reglas por club existe
PASS 23: audiencia Todo KOMBAX disponible
PASS 24: audiencia Mi red disponible
PASS 25: audiencia Clubes seleccionados disponible
PASS 26: audiencia por exclusión disponible
PASS 27: audiencia Solo mi club preservada
PASS 28: backend limita selección Social a 50 clubes
PASS 29: mutación procesa exclusiones
PASS 30: mutación procesa inclusiones
PASS 31: lectura Social aplica política de visibilidad
PASS 32: repositorio envía clubes incluidos
PASS 33: repositorio envía clubes excluidos
PASS 34: publisher muestra selector granular
PASS 35: publisher explica incluir/excluir
PASS 36: configuración avanzada de Events existe
PASS 37: tabla de clubes seleccionados Events existe
PASS 38: backend admite siete modos de visibilidad
PASS 39: RLS Events R40 activa
PASS 40: configuración Events niega acceso directo
PASS 41: acceso directo config Events revocado
PASS 42: gate de descubribilidad Events existe
PASS 43: RPC de mutación de visibilidad existe
PASS 44: backend limita selección Events a 50 clubes
PASS 45: etiqueta público web+KOMBAX existe
PASS 46: etiqueta Mi red existe en Events
PASS 47: etiqueta Federación existe en Events
PASS 48: etiqueta invitación existe en Events
PASS 49: discovery usa lista visible R40 primero
PASS 50: repositorio lee configuración avanzada
PASS 51: repositorio guarda configuración avanzada
PASS 52: UI tiene gestor avanzado de visibilidad
PASS 53: UI ofrece evento público
PASS 54: UI ofrece Todo KOMBAX
PASS 55: UI ofrece Mi red
PASS 56: UI ofrece un club
PASS 57: UI ofrece clubes seleccionados
PASS 58: UI ofrece Federación
PASS 59: UI ofrece invitación
PASS 60: UI explica neutralidad KOMBAX
PASS 61: menú de gestión expone Visibilidad
PASS 62: acción de gestión abre visibilidad
PASS 63: Federaciones y licencias promociona Migrations
PASS 64: CTA federativo abre Migrations directo
PASS 65: Archivo documental promociona Migrations
PASS 66: CTA documental abre Migrations directo
PASS 67: promoción explica IA asistida
PASS 68: Social R40 no referencia preparación/pesos privados
PASS 69: Events R40 no referencia preparación/pesos privados
PASS 70: Brand Business Hub R37 sigue presente
PASS 71: PWA avanza a R40 preservando marcador R39
PASS 72: service worker avanza a R40 preservando R39
PASS 73: package expone test R40
PASS 74: regresión completa incorpora R40
R40 SOCIAL EVENTS VISIBILITY: PASS 74/74
OK build 189 archivos · web = dist = Android
