./.gitignore: OK
./PAYMENTS_R61_ENV.example: OK
./README.md: OK
./android/app/build.gradle: OK
./android/app/google-services.json: OK
./android/app/google-services.json.example: OK
./android/app/proguard-rules.pro: OK
./android/app/src/main/AndroidManifest.xml: OK
./android/app/src/main/assets/www/assets/assist/assistant-avatar.webp: OK
./android/app/src/main/assets/www/assets/assist/chat-empty.webp: OK
./android/app/src/main/assets/www/assets/assist/hero-assist.webp: OK
./android/app/src/main/assets/www/assets/assist/hero-migrations.webp: OK
./android/app/src/main/assets/www/assets/brand-heroes/gateway-kombax-community.webp: OK
./android/app/src/main/assets/www/assets/brand-heroes/hero-consulting-card.webp: OK
./android/app/src/main/assets/www/assets/brand-heroes/hero-consulting.webp: OK
./android/app/src/main/assets/www/assets/brand-heroes/hero-events.webp: OK
./android/app/src/main/assets/www/assets/brand-heroes/hero-guides-card.webp: OK
./android/app/src/main/assets/www/assets/brand-heroes/hero-guides.webp: OK
./android/app/src/main/assets/www/assets/brand-heroes/hero-showcase.webp: OK
./android/app/src/main/assets/www/assets/brand-heroes/hero-social.webp: OK
./android/app/src/main/assets/www/assets/brand-heroes/hero-training-card.webp: OK
./android/app/src/main/assets/www/assets/brand-heroes/hero-training.webp: OK
./android/app/src/main/assets/www/assets/brand-heroes/smoke-alpha-cyan.webp: OK
./android/app/src/main/assets/www/assets/brand-heroes/smoke-alpha-neutral.webp: OK
./android/app/src/main/assets/www/assets/brand-heroes/smoke-alpha-red.webp: OK
./android/app/src/main/assets/www/assets/brand-heroes/smoke-alpha-warm.webp: OK
./android/app/src/main/assets/www/assets/brand/kombax-symbol-black.png: OK
./android/app/src/main/assets/www/assets/brand/kombax-symbol-red.png: OK
./android/app/src/main/assets/www/assets/brand/kombax-symbol-white.png: OK
./android/app/src/main/assets/www/assets/demo-events/noche-impacto-barcelona/album-promo.webp: OK
./android/app/src/main/assets/www/assets/demo-events/noche-impacto-barcelona/banner.webp: OK
./android/app/src/main/assets/www/assets/demo-events/noche-impacto-barcelona/club-fenix-logo.webp: OK
./android/app/src/main/assets/www/assets/demo-events/noche-impacto-barcelona/co-main.webp: OK
./android/app/src/main/assets/www/assets/demo-events/noche-impacto-barcelona/fight-card-full.webp: OK
./android/app/src/main/assets/www/assets/demo-events/noche-impacto-barcelona/fighter-adrian-cruz.webp: OK
./android/app/src/main/assets/www/assets/demo-events/noche-impacto-barcelona/fighter-bruno-mota.webp: OK
./android/app/src/main/assets/www/assets/demo-events/noche-impacto-barcelona/fighter-claudia-sanz.webp: OK
./android/app/src/main/assets/www/assets/demo-events/noche-impacto-barcelona/fighter-dario-moreno.webp: OK
./android/app/src/main/assets/www/assets/demo-events/noche-impacto-barcelona/fighter-hugo-salvatierra.webp: OK
./android/app/src/main/assets/www/assets/demo-events/noche-impacto-barcelona/fighter-ivan-keller.webp: OK
./android/app/src/main/assets/www/assets/demo-events/noche-impacto-barcelona/fighter-leo-serra.webp: OK
./android/app/src/main/assets/www/assets/demo-events/noche-impacto-barcelona/fighter-maia-costa.webp: OK
./android/app/src/main/assets/www/assets/demo-events/noche-impacto-barcelona/fighter-marcos-duran.webp: OK
./android/app/src/main/assets/www/assets/demo-events/noche-impacto-barcelona/fighter-nerea-rivas.webp: OK
./android/app/src/main/assets/www/assets/demo-events/noche-impacto-barcelona/fighter-vera-leon.webp: OK
./android/app/src/main/assets/www/assets/demo-events/noche-impacto-barcelona/fighter-youssef-kadi.webp: OK
./android/app/src/main/assets/www/assets/demo-events/noche-impacto-barcelona/highlights.webp: OK
./android/app/src/main/assets/www/assets/demo-events/noche-impacto-barcelona/main-event.webp: OK
./android/app/src/main/assets/www/assets/demo-events/noche-impacto-barcelona/nova-combat-logo.webp: OK
./android/app/src/main/assets/www/assets/demo-events/noche-impacto-barcelona/poster.webp: OK
./android/app/src/main/assets/www/assets/demo-events/noche-impacto-barcelona/press-day.webp: OK
./android/app/src/main/assets/www/assets/demo-events/noche-impacto-barcelona/results.webp: OK
./android/app/src/main/assets/www/assets/demo-events/noche-impacto-barcelona/tickets-venue.webp: OK
./android/app/src/main/assets/www/assets/demo-events/noche-impacto-barcelona/undercard.webp: OK
./android/app/src/main/assets/www/assets/demo-events/urban-warriors-jiujitsu-interclub/action-adults-01.webp: OK
./android/app/src/main/assets/www/assets/demo-events/urban-warriors-jiujitsu-interclub/action-adults-02.webp: OK
./android/app/src/main/assets/www/assets/demo-events/urban-warriors-jiujitsu-interclub/action-adults-03.webp: OK
./android/app/src/main/assets/www/assets/demo-events/urban-warriors-jiujitsu-interclub/action-adults-04.webp: OK
./android/app/src/main/assets/www/assets/demo-events/urban-warriors-jiujitsu-interclub/action-adults-05.webp: OK
./android/app/src/main/assets/www/assets/demo-events/urban-warriors-jiujitsu-interclub/action-adults-06.webp: OK
./android/app/src/main/assets/www/assets/demo-events/urban-warriors-jiujitsu-interclub/action-adults-07.webp: OK
./android/app/src/main/assets/www/assets/demo-events/urban-warriors-jiujitsu-interclub/action-adults-08.webp: OK
./android/app/src/main/assets/www/assets/demo-events/urban-warriors-jiujitsu-interclub/album-official.webp: OK
./android/app/src/main/assets/www/assets/demo-events/urban-warriors-jiujitsu-interclub/banner.webp: OK
./android/app/src/main/assets/www/assets/demo-events/urban-warriors-jiujitsu-interclub/fighters-realistic/aina-torres.webp: OK
./android/app/src/main/assets/www/assets/demo-events/urban-warriors-jiujitsu-interclub/fighters-realistic/bruno-sato.webp: OK
./android/app/src/main/assets/www/assets/demo-events/urban-warriors-jiujitsu-interclub/fighters-realistic/daniel-ortiz.webp: OK
./android/app/src/main/assets/www/assets/demo-events/urban-warriors-jiujitsu-interclub/fighters-realistic/emma-leon.webp: OK
./android/app/src/main/assets/www/assets/demo-events/urban-warriors-jiujitsu-interclub/fighters-realistic/hana-ribeiro.webp: OK
./android/app/src/main/assets/www/assets/demo-events/urban-warriors-jiujitsu-interclub/fighters-realistic/hugo-rios.webp: OK
./android/app/src/main/assets/www/assets/demo-events/urban-warriors-jiujitsu-interclub/fighters-realistic/laia-costa.webp: OK
./android/app/src/main/assets/www/assets/demo-events/urban-warriors-jiujitsu-interclub/fighters-realistic/leo-martin.webp: OK
./android/app/src/main/assets/www/assets/demo-events/urban-warriors-jiujitsu-interclub/fighters-realistic/malik-benitez.webp: OK
./android/app/src/main/assets/www/assets/demo-events/urban-warriors-jiujitsu-interclub/fighters-realistic/marc-vidal.webp: OK
./android/app/src/main/assets/www/assets/demo-events/urban-warriors-jiujitsu-interclub/main-event.webp: OK
./android/app/src/main/assets/www/assets/demo-events/urban-warriors-jiujitsu-interclub/poster.webp: OK
./android/app/src/main/assets/www/assets/demo-events/urban-warriors-jiujitsu-interclub/registrations.webp: OK
./android/app/src/main/assets/www/assets/demo-events/urban-warriors-jiujitsu-interclub/results-highlights.webp: OK
./android/app/src/main/assets/www/assets/demo-events/urban-warriors-jiujitsu-interclub/youth-division.webp: OK
./android/app/src/main/assets/www/assets/demo-events/urban-warriors-muay-thai-seminar/album-01-clinch.webp: OK
./android/app/src/main/assets/www/assets/demo-events/urban-warriors-muay-thai-seminar/album-02-knee-technique.webp: OK
./android/app/src/main/assets/www/assets/demo-events/urban-warriors-muay-thai-seminar/banner.webp: OK
./android/app/src/main/assets/www/assets/demo-events/urban-warriors-muay-thai-seminar/fighter-adrian-serrano.webp: OK
./android/app/src/main/assets/www/assets/demo-events/urban-warriors-muay-thai-seminar/poster.webp: OK
./android/app/src/main/assets/www/assets/demo-showcase/urban-warriors/urban-performance-whey-recovery.webp: OK
./android/app/src/main/assets/www/assets/demo-showcase/urban-warriors/urban-warriors-casco-integral-pro.webp: OK
./android/app/src/main/assets/www/assets/demo-showcase/urban-warriors/urban-warriors-guantes-integrales-elite.webp: OK
./android/app/src/main/assets/www/assets/docs/Cartel_Descarga_KOMBAX_Club.png: OK
./android/app/src/main/assets/www/assets/docs/GUIA_KOMBAX_COBROS_STRIPE_SEPA_R80.pdf: OK
./android/app/src/main/assets/www/assets/docs/GUIA_KOMBAX_COBROS_TAP_TO_PAY_IPHONE_R81.pdf: OK
./android/app/src/main/assets/www/assets/docs/commercial/KOMBAX_PLAN_PRECIOS.pdf: OK
./android/app/src/main/assets/www/assets/events/kombax-events-burst.svg: OK
./android/app/src/main/assets/www/assets/events/kombax-events-grid.svg: OK
./android/app/src/main/assets/www/assets/events/kombax-events-neon-mesh.svg: OK
./android/app/src/main/assets/www/assets/events/template-manifest.json: OK
./android/app/src/main/assets/www/assets/events/templates/event-poster-arena.svg: OK
./android/app/src/main/assets/www/assets/events/templates/event-poster-federation.svg: OK
./android/app/src/main/assets/www/assets/events/templates/event-poster-fight.svg: OK
./android/app/src/main/assets/www/assets/events/templates/event-poster-seminar.svg: OK
./android/app/src/main/assets/www/assets/events/templates/event-share-square.svg: OK
./android/app/src/main/assets/www/assets/events/templates/event-share-story.svg: OK
./android/app/src/main/assets/www/assets/events/templates/fight-card-frame.svg: OK
./android/app/src/main/assets/www/assets/events/templates/fight-card-square.svg: OK
./android/app/src/main/assets/www/assets/events/templates/fight-card-story.svg: OK
./android/app/src/main/assets/www/assets/events/templates/fight-share-square.svg: OK
./android/app/src/main/assets/www/assets/events/templates/fight-share-story.svg: OK
./android/app/src/main/assets/www/assets/events/templates/fighter-placeholder.svg: OK
./android/app/src/main/assets/www/assets/events/templates/organization-lockup.svg: OK
./android/app/src/main/assets/www/assets/events/templates/result-share-square.svg: OK
./android/app/src/main/assets/www/assets/events/templates/result-share-story.svg: OK
./android/app/src/main/assets/www/assets/events/templates/sponsor-strip.svg: OK
./android/app/src/main/assets/www/assets/icons/icon-128.png: OK
./android/app/src/main/assets/www/assets/icons/icon-144.png: OK
./android/app/src/main/assets/www/assets/icons/icon-152.png: OK
./android/app/src/main/assets/www/assets/icons/icon-192.png: OK
./android/app/src/main/assets/www/assets/icons/icon-384.png: OK
./android/app/src/main/assets/www/assets/icons/icon-512.png: OK
./android/app/src/main/assets/www/assets/icons/icon-72.png: OK
./android/app/src/main/assets/www/assets/icons/icon-96.png: OK
./android/app/src/main/assets/www/assets/icons/icon-maskable-192.png: OK
./android/app/src/main/assets/www/assets/icons/icon-maskable-512.png: OK
./android/app/src/main/assets/www/assets/install-qr.png: OK
./android/app/src/main/assets/www/assets/kombax-symbol.png: OK
./android/app/src/main/assets/www/assets/urban-warriors-logo.png: OK
./android/app/src/main/assets/www/child-safety.html: OK
./android/app/src/main/assets/www/config.js: OK
./android/app/src/main/assets/www/css/app.css: OK
./android/app/src/main/assets/www/css/kombax-analytics-r77.css: OK
./android/app/src/main/assets/www/css/kombax-brand-heroes.css: OK
./android/app/src/main/assets/www/css/kombax-commercial.css: OK
./android/app/src/main/assets/www/css/kombax-events.css: OK
./android/app/src/main/assets/www/css/kombax-i18n.css: OK
./android/app/src/main/assets/www/css/kombax-premium.css: OK
./android/app/src/main/assets/www/css/kombax-public-overview.css: OK
./android/app/src/main/assets/www/css/kombax-social.css: OK
./android/app/src/main/assets/www/css/kombax-ui-stabilization-r60.css: OK
./android/app/src/main/assets/www/delete-account.html: OK
./android/app/src/main/assets/www/index.html: OK
./android/app/src/main/assets/www/js/app.js: OK
./android/app/src/main/assets/www/js/core/adaptive-poller.js: OK
./android/app/src/main/assets/www/js/core/assist-specialists.js: OK
./android/app/src/main/assets/www/js/core/backend.js: OK
./android/app/src/main/assets/www/js/core/capability-resolver.js: OK
./android/app/src/main/assets/www/js/core/commercial-pricing.js: OK
./android/app/src/main/assets/www/js/core/context-isolation-20083.js: OK
./android/app/src/main/assets/www/js/core/demo-directory.js: OK
./android/app/src/main/assets/www/js/core/demo-showcase.js: OK
./android/app/src/main/assets/www/js/core/finance-adapter.js: OK
./android/app/src/main/assets/www/js/core/finance-math.js: OK
./android/app/src/main/assets/www/js/core/identity-context.js: OK
./android/app/src/main/assets/www/js/core/invitations.js: OK
./android/app/src/main/assets/www/js/core/media.js: OK
./android/app/src/main/assets/www/js/core/permissions.js: OK
./android/app/src/main/assets/www/js/core/platform.js: OK
./android/app/src/main/assets/www/js/core/profile-registry.js: OK
./android/app/src/main/assets/www/js/core/query-cache.js: OK
./android/app/src/main/assets/www/js/core/repositories.js: OK
./android/app/src/main/assets/www/js/core/security-go-live-20084.js: OK
./android/app/src/main/assets/www/js/core/state.js: OK
./android/app/src/main/assets/www/js/core/supabase.js: OK
./android/app/src/main/assets/www/js/core/telemetry.js: OK
./android/app/src/main/assets/www/js/core/utils.js: OK
./android/app/src/main/assets/www/js/delete-account.js: OK
./android/app/src/main/assets/www/js/i18n/boot-language.js: OK
./android/app/src/main/assets/www/js/i18n/formatters.js: OK
./android/app/src/main/assets/www/js/i18n/index.js: OK
./android/app/src/main/assets/www/js/i18n/legacy-auto-en-sources.js: OK
./android/app/src/main/assets/www/js/i18n/legacy-auto-en.js: OK
./android/app/src/main/assets/www/js/i18n/legacy-copy-de-complete.js: OK
./android/app/src/main/assets/www/js/i18n/legacy-copy-de-rb03.json: OK
./android/app/src/main/assets/www/js/i18n/legacy-copy-en-rb02-exact.js: OK
./android/app/src/main/assets/www/js/i18n/legacy-copy-en-rb02.js: OK
./android/app/src/main/assets/www/js/i18n/legacy-copy-en.js: OK
./android/app/src/main/assets/www/js/i18n/legacy-copy-fil-complete.js: OK
./android/app/src/main/assets/www/js/i18n/legacy-copy-fil-rb03.json: OK
./android/app/src/main/assets/www/js/i18n/legacy-copy-fr-complete.js: OK
./android/app/src/main/assets/www/js/i18n/legacy-copy-fr-rb03.json: OK
./android/app/src/main/assets/www/js/i18n/legacy-copy-it-complete.js: OK
./android/app/src/main/assets/www/js/i18n/legacy-copy-it-rb03.json: OK
./android/app/src/main/assets/www/js/i18n/legacy-copy-pt-complete.js: OK
./android/app/src/main/assets/www/js/i18n/legacy-copy-pt-rb03.json: OK
./android/app/src/main/assets/www/js/i18n/legacy-copy-th-complete.js: OK
./android/app/src/main/assets/www/js/i18n/legacy-copy-th-rb03.json: OK
./android/app/src/main/assets/www/js/i18n/legacy-dynamic-patterns.js: OK
./android/app/src/main/assets/www/js/i18n/legacy-runtime.js: OK
./android/app/src/main/assets/www/js/i18n/locale-metadata.js: OK
./android/app/src/main/assets/www/js/i18n/locale-storage.js: OK
./android/app/src/main/assets/www/js/i18n/locales/_apply-flat.js: OK
./android/app/src/main/assets/www/js/i18n/locales/de/activation-quality.js: OK
./android/app/src/main/assets/www/js/i18n/locales/de/activation-rb03.js: OK
./android/app/src/main/assets/www/js/i18n/locales/de/admin.js: OK
./android/app/src/main/assets/www/js/i18n/locales/de/assist.js: OK
./android/app/src/main/assets/www/js/i18n/locales/de/auth.js: OK
./android/app/src/main/assets/www/js/i18n/locales/de/club.js: OK
./android/app/src/main/assets/www/js/i18n/locales/de/commerce.js: OK
./android/app/src/main/assets/www/js/i18n/locales/de/common.js: OK
./android/app/src/main/assets/www/js/i18n/locales/de/emails.js: OK
./android/app/src/main/assets/www/js/i18n/locales/de/errors.js: OK
./android/app/src/main/assets/www/js/i18n/locales/de/events.js: OK
./android/app/src/main/assets/www/js/i18n/locales/de/federation.js: OK
./android/app/src/main/assets/www/js/i18n/locales/de/finance.js: OK
./android/app/src/main/assets/www/js/i18n/locales/de/index.js: OK
./android/app/src/main/assets/www/js/i18n/locales/de/legal.js: OK
./android/app/src/main/assets/www/js/i18n/locales/de/marketing.js: OK
./android/app/src/main/assets/www/js/i18n/locales/de/migrations.js: OK
./android/app/src/main/assets/www/js/i18n/locales/de/navigation.js: OK
./android/app/src/main/assets/www/js/i18n/locales/de/notifications.js: OK
./android/app/src/main/assets/www/js/i18n/locales/de/onboarding.js: OK
./android/app/src/main/assets/www/js/i18n/locales/de/payments.js: OK
./android/app/src/main/assets/www/js/i18n/locales/de/profile.js: OK
./android/app/src/main/assets/www/js/i18n/locales/de/settings.js: OK
./android/app/src/main/assets/www/js/i18n/locales/de/showcase.js: OK
./android/app/src/main/assets/www/js/i18n/locales/de/social.js: OK
./android/app/src/main/assets/www/js/i18n/locales/de/ticketing.js: OK
./android/app/src/main/assets/www/js/i18n/locales/de/validation.js: OK
./android/app/src/main/assets/www/js/i18n/locales/en/admin.js: OK
./android/app/src/main/assets/www/js/i18n/locales/en/assist.js: OK
./android/app/src/main/assets/www/js/i18n/locales/en/auth.js: OK
./android/app/src/main/assets/www/js/i18n/locales/en/club.js: OK
./android/app/src/main/assets/www/js/i18n/locales/en/commerce.js: OK
./android/app/src/main/assets/www/js/i18n/locales/en/common.js: OK
./android/app/src/main/assets/www/js/i18n/locales/en/emails.js: OK
./android/app/src/main/assets/www/js/i18n/locales/en/errors.js: OK
./android/app/src/main/assets/www/js/i18n/locales/en/events.js: OK
./android/app/src/main/assets/www/js/i18n/locales/en/federation.js: OK
./android/app/src/main/assets/www/js/i18n/locales/en/finance.js: OK
./android/app/src/main/assets/www/js/i18n/locales/en/index.js: OK
./android/app/src/main/assets/www/js/i18n/locales/en/legal.js: OK
./android/app/src/main/assets/www/js/i18n/locales/en/marketing.js: OK
./android/app/src/main/assets/www/js/i18n/locales/en/migrations.js: OK
./android/app/src/main/assets/www/js/i18n/locales/en/navigation.js: OK
./android/app/src/main/assets/www/js/i18n/locales/en/notifications.js: OK
./android/app/src/main/assets/www/js/i18n/locales/en/onboarding.js: OK
./android/app/src/main/assets/www/js/i18n/locales/en/payments.js: OK
./android/app/src/main/assets/www/js/i18n/locales/en/profile.js: OK
./android/app/src/main/assets/www/js/i18n/locales/en/settings.js: OK
./android/app/src/main/assets/www/js/i18n/locales/en/showcase.js: OK
./android/app/src/main/assets/www/js/i18n/locales/en/social.js: OK
./android/app/src/main/assets/www/js/i18n/locales/en/ticketing.js: OK
./android/app/src/main/assets/www/js/i18n/locales/en/validation.js: OK
./android/app/src/main/assets/www/js/i18n/locales/es/admin.js: OK
./android/app/src/main/assets/www/js/i18n/locales/es/assist.js: OK
./android/app/src/main/assets/www/js/i18n/locales/es/auth.js: OK
./android/app/src/main/assets/www/js/i18n/locales/es/club.js: OK
./android/app/src/main/assets/www/js/i18n/locales/es/commerce.js: OK
./android/app/src/main/assets/www/js/i18n/locales/es/common.js: OK
./android/app/src/main/assets/www/js/i18n/locales/es/emails.js: OK
./android/app/src/main/assets/www/js/i18n/locales/es/errors.js: OK
./android/app/src/main/assets/www/js/i18n/locales/es/events.js: OK
./android/app/src/main/assets/www/js/i18n/locales/es/federation.js: OK
./android/app/src/main/assets/www/js/i18n/locales/es/finance.js: OK
./android/app/src/main/assets/www/js/i18n/locales/es/index.js: OK
./android/app/src/main/assets/www/js/i18n/locales/es/legal.js: OK
./android/app/src/main/assets/www/js/i18n/locales/es/marketing.js: OK
./android/app/src/main/assets/www/js/i18n/locales/es/migrations.js: OK
./android/app/src/main/assets/www/js/i18n/locales/es/navigation.js: OK
./android/app/src/main/assets/www/js/i18n/locales/es/notifications.js: OK
./android/app/src/main/assets/www/js/i18n/locales/es/onboarding.js: OK
./android/app/src/main/assets/www/js/i18n/locales/es/payments.js: OK
./android/app/src/main/assets/www/js/i18n/locales/es/profile.js: OK
./android/app/src/main/assets/www/js/i18n/locales/es/settings.js: OK
./android/app/src/main/assets/www/js/i18n/locales/es/showcase.js: OK
./android/app/src/main/assets/www/js/i18n/locales/es/social.js: OK
./android/app/src/main/assets/www/js/i18n/locales/es/ticketing.js: OK
./android/app/src/main/assets/www/js/i18n/locales/es/validation.js: OK
./android/app/src/main/assets/www/js/i18n/locales/fil/activation-quality.js: OK
./android/app/src/main/assets/www/js/i18n/locales/fil/activation-rb03.js: OK
./android/app/src/main/assets/www/js/i18n/locales/fil/admin.js: OK
./android/app/src/main/assets/www/js/i18n/locales/fil/assist.js: OK
./android/app/src/main/assets/www/js/i18n/locales/fil/auth.js: OK
./android/app/src/main/assets/www/js/i18n/locales/fil/club.js: OK
./android/app/src/main/assets/www/js/i18n/locales/fil/commerce.js: OK
./android/app/src/main/assets/www/js/i18n/locales/fil/common.js: OK
./android/app/src/main/assets/www/js/i18n/locales/fil/emails.js: OK
./android/app/src/main/assets/www/js/i18n/locales/fil/errors.js: OK
./android/app/src/main/assets/www/js/i18n/locales/fil/events.js: OK
./android/app/src/main/assets/www/js/i18n/locales/fil/federation.js: OK
./android/app/src/main/assets/www/js/i18n/locales/fil/finance.js: OK
./android/app/src/main/assets/www/js/i18n/locales/fil/index.js: OK
./android/app/src/main/assets/www/js/i18n/locales/fil/legal.js: OK
./android/app/src/main/assets/www/js/i18n/locales/fil/marketing.js: OK
./android/app/src/main/assets/www/js/i18n/locales/fil/migrations.js: OK
./android/app/src/main/assets/www/js/i18n/locales/fil/navigation.js: OK
./android/app/src/main/assets/www/js/i18n/locales/fil/notifications.js: OK
./android/app/src/main/assets/www/js/i18n/locales/fil/onboarding.js: OK
./android/app/src/main/assets/www/js/i18n/locales/fil/payments.js: OK
./android/app/src/main/assets/www/js/i18n/locales/fil/profile.js: OK
./android/app/src/main/assets/www/js/i18n/locales/fil/settings.js: OK
./android/app/src/main/assets/www/js/i18n/locales/fil/showcase.js: OK
./android/app/src/main/assets/www/js/i18n/locales/fil/social.js: OK
./android/app/src/main/assets/www/js/i18n/locales/fil/ticketing.js: OK
./android/app/src/main/assets/www/js/i18n/locales/fil/validation.js: OK
./android/app/src/main/assets/www/js/i18n/locales/fr/activation-rb03.js: OK
./android/app/src/main/assets/www/js/i18n/locales/fr/admin.js: OK
./android/app/src/main/assets/www/js/i18n/locales/fr/assist.js: OK
./android/app/src/main/assets/www/js/i18n/locales/fr/auth.js: OK
./android/app/src/main/assets/www/js/i18n/locales/fr/club.js: OK
./android/app/src/main/assets/www/js/i18n/locales/fr/commerce.js: OK
./android/app/src/main/assets/www/js/i18n/locales/fr/common.js: OK
./android/app/src/main/assets/www/js/i18n/locales/fr/emails.js: OK
./android/app/src/main/assets/www/js/i18n/locales/fr/errors.js: OK
./android/app/src/main/assets/www/js/i18n/locales/fr/events.js: OK
./android/app/src/main/assets/www/js/i18n/locales/fr/federation.js: OK
./android/app/src/main/assets/www/js/i18n/locales/fr/finance.js: OK
./android/app/src/main/assets/www/js/i18n/locales/fr/index.js: OK
./android/app/src/main/assets/www/js/i18n/locales/fr/legal.js: OK
./android/app/src/main/assets/www/js/i18n/locales/fr/marketing.js: OK
./android/app/src/main/assets/www/js/i18n/locales/fr/migrations.js: OK
./android/app/src/main/assets/www/js/i18n/locales/fr/navigation.js: OK
./android/app/src/main/assets/www/js/i18n/locales/fr/notifications.js: OK
./android/app/src/main/assets/www/js/i18n/locales/fr/onboarding.js: OK
./android/app/src/main/assets/www/js/i18n/locales/fr/payments.js: OK
./android/app/src/main/assets/www/js/i18n/locales/fr/profile.js: OK
./android/app/src/main/assets/www/js/i18n/locales/fr/settings.js: OK
./android/app/src/main/assets/www/js/i18n/locales/fr/showcase.js: OK
./android/app/src/main/assets/www/js/i18n/locales/fr/social.js: OK
./android/app/src/main/assets/www/js/i18n/locales/fr/ticketing.js: OK
./android/app/src/main/assets/www/js/i18n/locales/fr/validation.js: OK
./android/app/src/main/assets/www/js/i18n/locales/it/activation-quality.js: OK
./android/app/src/main/assets/www/js/i18n/locales/it/activation-rb03.js: OK
./android/app/src/main/assets/www/js/i18n/locales/it/admin.js: OK
./android/app/src/main/assets/www/js/i18n/locales/it/assist.js: OK
./android/app/src/main/assets/www/js/i18n/locales/it/auth.js: OK
./android/app/src/main/assets/www/js/i18n/locales/it/club.js: OK
./android/app/src/main/assets/www/js/i18n/locales/it/commerce.js: OK
./android/app/src/main/assets/www/js/i18n/locales/it/common.js: OK
./android/app/src/main/assets/www/js/i18n/locales/it/emails.js: OK
./android/app/src/main/assets/www/js/i18n/locales/it/errors.js: OK
./android/app/src/main/assets/www/js/i18n/locales/it/events.js: OK
./android/app/src/main/assets/www/js/i18n/locales/it/federation.js: OK
./android/app/src/main/assets/www/js/i18n/locales/it/finance.js: OK
./android/app/src/main/assets/www/js/i18n/locales/it/index.js: OK
./android/app/src/main/assets/www/js/i18n/locales/it/legal.js: OK
./android/app/src/main/assets/www/js/i18n/locales/it/marketing.js: OK
./android/app/src/main/assets/www/js/i18n/locales/it/migrations.js: OK
./android/app/src/main/assets/www/js/i18n/locales/it/navigation.js: OK
./android/app/src/main/assets/www/js/i18n/locales/it/notifications.js: OK
./android/app/src/main/assets/www/js/i18n/locales/it/onboarding.js: OK
./android/app/src/main/assets/www/js/i18n/locales/it/payments.js: OK
./android/app/src/main/assets/www/js/i18n/locales/it/profile.js: OK
./android/app/src/main/assets/www/js/i18n/locales/it/settings.js: OK
./android/app/src/main/assets/www/js/i18n/locales/it/showcase.js: OK
./android/app/src/main/assets/www/js/i18n/locales/it/social.js: OK
./android/app/src/main/assets/www/js/i18n/locales/it/ticketing.js: OK
./android/app/src/main/assets/www/js/i18n/locales/it/validation.js: OK
./android/app/src/main/assets/www/js/i18n/locales/pt/activation-quality.js: OK
./android/app/src/main/assets/www/js/i18n/locales/pt/activation-rb03.js: OK
./android/app/src/main/assets/www/js/i18n/locales/pt/admin.js: OK
./android/app/src/main/assets/www/js/i18n/locales/pt/assist.js: OK
./android/app/src/main/assets/www/js/i18n/locales/pt/auth.js: OK
./android/app/src/main/assets/www/js/i18n/locales/pt/club.js: OK
./android/app/src/main/assets/www/js/i18n/locales/pt/commerce.js: OK
./android/app/src/main/assets/www/js/i18n/locales/pt/common.js: OK
./android/app/src/main/assets/www/js/i18n/locales/pt/emails.js: OK
./android/app/src/main/assets/www/js/i18n/locales/pt/errors.js: OK
./android/app/src/main/assets/www/js/i18n/locales/pt/events.js: OK
./android/app/src/main/assets/www/js/i18n/locales/pt/federation.js: OK
./android/app/src/main/assets/www/js/i18n/locales/pt/finance.js: OK
./android/app/src/main/assets/www/js/i18n/locales/pt/index.js: OK
./android/app/src/main/assets/www/js/i18n/locales/pt/legal.js: OK
./android/app/src/main/assets/www/js/i18n/locales/pt/marketing.js: OK
./android/app/src/main/assets/www/js/i18n/locales/pt/migrations.js: OK
./android/app/src/main/assets/www/js/i18n/locales/pt/navigation.js: OK
./android/app/src/main/assets/www/js/i18n/locales/pt/notifications.js: OK
./android/app/src/main/assets/www/js/i18n/locales/pt/onboarding.js: OK
./android/app/src/main/assets/www/js/i18n/locales/pt/payments.js: OK
./android/app/src/main/assets/www/js/i18n/locales/pt/profile.js: OK
./android/app/src/main/assets/www/js/i18n/locales/pt/settings.js: OK
./android/app/src/main/assets/www/js/i18n/locales/pt/showcase.js: OK
./android/app/src/main/assets/www/js/i18n/locales/pt/social.js: OK
./android/app/src/main/assets/www/js/i18n/locales/pt/ticketing.js: OK
./android/app/src/main/assets/www/js/i18n/locales/pt/validation.js: OK
./android/app/src/main/assets/www/js/i18n/locales/th/activation-quality.js: OK
./android/app/src/main/assets/www/js/i18n/locales/th/activation-rb03.js: OK
./android/app/src/main/assets/www/js/i18n/locales/th/admin.js: OK
./android/app/src/main/assets/www/js/i18n/locales/th/assist.js: OK
./android/app/src/main/assets/www/js/i18n/locales/th/auth.js: OK
./android/app/src/main/assets/www/js/i18n/locales/th/club.js: OK
./android/app/src/main/assets/www/js/i18n/locales/th/commerce.js: OK
./android/app/src/main/assets/www/js/i18n/locales/th/common.js: OK
./android/app/src/main/assets/www/js/i18n/locales/th/emails.js: OK
./android/app/src/main/assets/www/js/i18n/locales/th/errors.js: OK
./android/app/src/main/assets/www/js/i18n/locales/th/events.js: OK
./android/app/src/main/assets/www/js/i18n/locales/th/federation.js: OK
./android/app/src/main/assets/www/js/i18n/locales/th/finance.js: OK
./android/app/src/main/assets/www/js/i18n/locales/th/index.js: OK
./android/app/src/main/assets/www/js/i18n/locales/th/legal.js: OK
./android/app/src/main/assets/www/js/i18n/locales/th/marketing.js: OK
./android/app/src/main/assets/www/js/i18n/locales/th/migrations.js: OK
./android/app/src/main/assets/www/js/i18n/locales/th/navigation.js: OK
./android/app/src/main/assets/www/js/i18n/locales/th/notifications.js: OK
./android/app/src/main/assets/www/js/i18n/locales/th/onboarding.js: OK
./android/app/src/main/assets/www/js/i18n/locales/th/payments.js: OK
./android/app/src/main/assets/www/js/i18n/locales/th/profile.js: OK
./android/app/src/main/assets/www/js/i18n/locales/th/settings.js: OK
./android/app/src/main/assets/www/js/i18n/locales/th/showcase.js: OK
./android/app/src/main/assets/www/js/i18n/locales/th/social.js: OK
./android/app/src/main/assets/www/js/i18n/locales/th/ticketing.js: OK
./android/app/src/main/assets/www/js/i18n/locales/th/validation.js: OK
./android/app/src/main/assets/www/js/i18n/manifest-locale.js: OK
./android/app/src/main/assets/www/js/i18n/public-legal-translations.js: OK
./android/app/src/main/assets/www/js/i18n/public-page.js: OK
./android/app/src/main/assets/www/js/i18n/r78-system-source.js: OK
./android/app/src/main/assets/www/js/i18n/r79-system-runtime.js: OK
./android/app/src/main/assets/www/js/i18n/r79-system-source.js: OK
./android/app/src/main/assets/www/js/i18n/resources.js: OK
./android/app/src/main/assets/www/js/i18n/rollout.js: OK
./android/app/src/main/assets/www/js/i18n/ui.js: OK
./android/app/src/main/assets/www/js/i18n/user-content-translation.js: OK
./android/app/src/main/assets/www/js/modules/account-security.js: OK
./android/app/src/main/assets/www/js/modules/admin.js: OK
./android/app/src/main/assets/www/js/modules/auth-recovery.js: OK
./android/app/src/main/assets/www/js/modules/brand-business.js: OK
./android/app/src/main/assets/www/js/modules/brand-hub.js: OK
./android/app/src/main/assets/www/js/modules/club-kombax-hub.js: OK
./android/app/src/main/assets/www/js/modules/club-profile.js: OK
./android/app/src/main/assets/www/js/modules/comms-material.js: OK
./android/app/src/main/assets/www/js/modules/community.js: OK
./android/app/src/main/assets/www/js/modules/competition-preparation.js: OK
./android/app/src/main/assets/www/js/modules/competitor-hub.js: OK
./android/app/src/main/assets/www/js/modules/customer-operations.js: OK
./android/app/src/main/assets/www/js/modules/dashboard-catalog.js: OK
./android/app/src/main/assets/www/js/modules/documents.js: OK
./android/app/src/main/assets/www/js/modules/event-connections.js: OK
./android/app/src/main/assets/www/js/modules/events.js: OK
./android/app/src/main/assets/www/js/modules/federation-hub.js: OK
./android/app/src/main/assets/www/js/modules/federation-licenses.js: OK
./android/app/src/main/assets/www/js/modules/fighter-discovery.js: OK
./android/app/src/main/assets/www/js/modules/finance-premium-bootstrap.js: OK
./android/app/src/main/assets/www/js/modules/finance-premium.js: OK
./android/app/src/main/assets/www/js/modules/finance.js: OK
./android/app/src/main/assets/www/js/modules/gateway.js: OK
./android/app/src/main/assets/www/js/modules/groups-members.js: OK
./android/app/src/main/assets/www/js/modules/help-legal.js: OK
./android/app/src/main/assets/www/js/modules/kombax-discovery.js: OK
./android/app/src/main/assets/www/js/modules/kombax-event-visuals.js: OK
./android/app/src/main/assets/www/js/modules/kombax-events.js: OK
./android/app/src/main/assets/www/js/modules/kombax-social.js: OK
./android/app/src/main/assets/www/js/modules/lifecycle.js: OK
./android/app/src/main/assets/www/js/modules/managed-profile-hub.js: OK
./android/app/src/main/assets/www/js/modules/payments-center.js: OK
./android/app/src/main/assets/www/js/modules/plan-services.js: OK
./android/app/src/main/assets/www/js/modules/platform-admin-access.js: OK
./android/app/src/main/assets/www/js/modules/platform-admin.js: OK
./android/app/src/main/assets/www/js/modules/platform-legal.js: OK
./android/app/src/main/assets/www/js/modules/portal.js: OK
./android/app/src/main/assets/www/js/modules/professional-finance.js: OK
./android/app/src/main/assets/www/js/modules/professional-hub.js: OK
./android/app/src/main/assets/www/js/modules/professional-operations.js: OK
./android/app/src/main/assets/www/js/modules/public-profile.js: OK
./android/app/src/main/assets/www/js/modules/showcase.js: OK
./android/app/src/main/assets/www/js/modules/social-network.js: OK
./android/app/src/main/assets/www/js/modules/social-post-management.js: OK
./android/app/src/main/assets/www/js/modules/spectator-hub.js: OK
./android/app/src/main/assets/www/js/modules/sports-profile.js: OK
./android/app/src/main/assets/www/js/modules/support-privacy.js: OK
./android/app/src/main/assets/www/js/modules/training.js: OK
./android/app/src/main/assets/www/js/modules/work-scopes.js: OK
./android/app/src/main/assets/www/js/public-product-overview.js: OK
./android/app/src/main/assets/www/js/ui/analytics-reports-r77.js: OK
./android/app/src/main/assets/www/js/ui/brand-hero.js: OK
./android/app/src/main/assets/www/js/ui/components.js: OK
./android/app/src/main/assets/www/js/ui/conversation-ui.js: OK
./android/app/src/main/assets/www/js/ui/icons.js: OK
./android/app/src/main/assets/www/js/ui/media-framing.js: OK
./android/app/src/main/assets/www/js/ui/video-cover.js: OK
./android/app/src/main/assets/www/manifest-de.webmanifest: OK
./android/app/src/main/assets/www/manifest-en.webmanifest: OK
./android/app/src/main/assets/www/manifest-fil.webmanifest: OK
./android/app/src/main/assets/www/manifest-fr.webmanifest: OK
./android/app/src/main/assets/www/manifest-it.webmanifest: OK
./android/app/src/main/assets/www/manifest-pt.webmanifest: OK
./android/app/src/main/assets/www/manifest-th.webmanifest: OK
./android/app/src/main/assets/www/manifest.webmanifest: OK
./android/app/src/main/assets/www/privacy.html: OK
./android/app/src/main/assets/www/qa/i18n-visual-b04.html: OK
./android/app/src/main/assets/www/qa/responsive-fixture.html: OK
./android/app/src/main/assets/www/qa/responsive-matrix.html: OK
./android/app/src/main/assets/www/service-worker.js: OK
./android/app/src/main/assets/www/terms.html: OK
./android/app/src/main/java/com/urbanwarriors/app/KombaxApplication.java: OK
./android/app/src/main/java/com/urbanwarriors/app/KombaxTerminalManager.java: OK
./android/app/src/main/java/com/urbanwarriors/app/MainActivity.java: OK
./android/app/src/main/java/com/urbanwarriors/app/UrbanWarriorsMessagingService.java: OK
./android/app/src/main/res/drawable/ic_launcher_foreground.png: OK
./android/app/src/main/res/drawable/splash_background.xml: OK
./android/app/src/main/res/drawable/splash_logo.png: OK
./android/app/src/main/res/mipmap-anydpi-v26/ic_launcher.xml: OK
./android/app/src/main/res/mipmap-anydpi-v26/ic_launcher_round.xml: OK
./android/app/src/main/res/mipmap-hdpi/ic_launcher.png: OK
./android/app/src/main/res/mipmap-hdpi/ic_launcher_round.png: OK
./android/app/src/main/res/mipmap-mdpi/ic_launcher.png: OK
./android/app/src/main/res/mipmap-mdpi/ic_launcher_round.png: OK
./android/app/src/main/res/mipmap-xhdpi/ic_launcher.png: OK
./android/app/src/main/res/mipmap-xhdpi/ic_launcher_round.png: OK
./android/app/src/main/res/mipmap-xxhdpi/ic_launcher.png: OK
./android/app/src/main/res/mipmap-xxhdpi/ic_launcher_round.png: OK
./android/app/src/main/res/mipmap-xxxhdpi/ic_launcher.png: OK
./android/app/src/main/res/mipmap-xxxhdpi/ic_launcher_round.png: OK
./android/app/src/main/res/values/colors.xml: OK
./android/app/src/main/res/values/styles.xml: OK
./android/app/src/main/res/xml/file_paths.xml: OK
./android/app/src/main/res/xml/network_security_config.xml: OK
./android/build.gradle: OK
./android/gradle.properties: OK
./android/gradle/wrapper/gradle-wrapper.jar: OK
./android/gradle/wrapper/gradle-wrapper.properties: OK
./android/gradlew: OK
./android/gradlew.bat: OK
./android/keystore.properties.example: OK
./android/settings.gradle: OK
./artifacts/KOMBAX_20110_R62_8_PWA_PILOT_READY.zip: OK
./artifacts/R62_8_ANDROID_BUILD_ATTEMPT.log: OK
./artifacts/R62_8_ANDROID_BUILD_STATUS.md: OK
./artifacts/R62_8_ANDROID_PREFLIGHT.exitcode: OK
./artifacts/R62_8_ANDROID_PREFLIGHT.log: OK
./artifacts/R62_8_BUILD.log: OK
./artifacts/R62_8_BUILD_MANIFEST_SHA256.txt: OK
./artifacts/R62_8_FULL_NPM_TEST.exitcode: OK
./artifacts/R62_8_FULL_NPM_TEST.log: OK
./artifacts/R62_8_IDENTITY_PRIVACY_SCAN.txt: OK
./artifacts/R62_8_PWA_SHA256.txt: OK
./artifacts/R62_8_PWA_ZIP_INTEGRITY.log: OK
./artifacts/R62_8_REMOTE_BACKEND_FINAL_STATE.md: OK
./artifacts/R62_8_SECRET_SCAN.txt: OK
./artifacts/R62_8_SUPABASE_ADVISOR_SUMMARY.md: OK
./artifacts/R62_8_TARGET_QA.log: OK
./artifacts/README_R54.txt: OK
./artifacts/README_R57.txt: OK
./artifacts/assets/KOMBAX_NEW_LAYERS_ASSET_PREVIEW_APPROVED.jpg: OK
./artifacts/assets/kombax-consulting-card.webp: OK
./artifacts/assets/kombax-consulting-hero.webp: OK
./artifacts/assets/kombax-consulting-tablet.webp: OK
./artifacts/assets/kombax-guides-card.webp: OK
./artifacts/assets/kombax-guides-hero.webp: OK
./artifacts/assets/kombax-guides-tablet.webp: OK
./artifacts/assets/kombax-training-card.webp: OK
./artifacts/assets/kombax-training-hero.webp: OK
./artifacts/assets/kombax-training-tablet.webp: OK
./artifacts/assets/sources-approved/kombax-consulting-card-source.png: OK
./artifacts/assets/sources-approved/kombax-consulting-hero-source.png: OK
./artifacts/assets/sources-approved/kombax-guides-card-source.png: OK
./artifacts/assets/sources-approved/kombax-guides-hero-source.png: OK
./artifacts/assets/sources-approved/kombax-training-card-source.png: OK
./artifacts/assets/sources-approved/kombax-training-hero-source.png: OK
./artifacts/catalogs/KOMBAX_CONSULTORIA_SERVICES_SEED_2026.json: OK
./artifacts/guides/KOMBAX_GUIAS_CATALOG_2026.json: OK
./artifacts/guides/KOMBAX_GUIAS_ESPANA_CATALUNA_COLECCION_INICIAL_2026.pdf: OK
./artifacts/guides/KOMBAX_GUIA_01_CREAR_UN_CLUB_O_ASOCIACION_DEPORTIVA.pdf: OK
./artifacts/guides/KOMBAX_GUIA_02_ORGANIZAR_UN_EVENTO_DE_DEPORTES_DE_CONTACTO.pdf: OK
./artifacts/guides/KOMBAX_GUIA_03_ORGANIZAR_UN_INTERCLUB.pdf: OK
./artifacts/guides/KOMBAX_GUIA_04_LICENCIAS_DEPORTIVAS_ALTA_RENOVACION_Y_GESTION.pdf: OK
./artifacts/guides/KOMBAX_GUIA_05_SEGUROS_Y_COBERTURAS.pdf: OK
./artifacts/guides/KOMBAX_GUIA_06_MENORES_EN_ACTIVIDAD_Y_COMPETICION_DEPORTIVA.pdf: OK
./artifacts/guides/KOMBAX_GUIA_07_INSTALACIONES_RECINTOS_Y_AUTORIZACIONES.pdf: OK
./artifacts/guides/KOMBAX_GUIA_08_PROTECCION_DE_DATOS_IMAGEN_Y_COMUNICACIONES.pdf: OK
./artifacts/guides/KOMBAX_GUIA_09_TICKETING_VENTA_DE_ENTRADAS_Y_CONTROL_DE_ACCESO.pdf: OK
./artifacts/guides/KOMBAX_GUIA_10_FEDERACIONES_Y_RELACIONES_FEDERATIVAS.pdf: OK
./artifacts/guides/KOMBAX_GUIA_11_DEPORTISTAS_EXTRANJEROS_Y_PARTICIPACION_INTERNACIONAL.pdf: OK
./artifacts/guides/KOMBAX_GUIA_12_PATROCINIO_MARCAS_Y_COLABORACIONES.pdf: OK
./artifacts/guides/KOMBAX_GUIA_13_ORGANIZACION_DE_COMBATES_Y_PARTICIPANTES.pdf: OK
./artifacts/guides/KOMBAX_GUIA_14_DOCUMENTACION_Y_CHECKLIST_DEL_ORGANIZADOR.pdf: OK
./artifacts/guides/KOMBAX_GUIA_15_OBLIGACIONES_POSTERIORES_AL_EVENTO.pdf: OK
./artifacts/guides/MASTER_PDF_PREFLIGHT.txt: OK
./artifacts/guides/PDF_QA_REPORT.txt: OK
./artifacts/guides/README.md: OK
./dist/assets/assist/assistant-avatar.webp: OK
./dist/assets/assist/chat-empty.webp: OK
./dist/assets/assist/hero-assist.webp: OK
./dist/assets/assist/hero-migrations.webp: OK
./dist/assets/brand-heroes/gateway-kombax-community.webp: OK
./dist/assets/brand-heroes/hero-consulting-card.webp: OK
./dist/assets/brand-heroes/hero-consulting.webp: OK
./dist/assets/brand-heroes/hero-events.webp: OK
./dist/assets/brand-heroes/hero-guides-card.webp: OK
./dist/assets/brand-heroes/hero-guides.webp: OK
./dist/assets/brand-heroes/hero-showcase.webp: OK
./dist/assets/brand-heroes/hero-social.webp: OK
./dist/assets/brand-heroes/hero-training-card.webp: OK
./dist/assets/brand-heroes/hero-training.webp: OK
./dist/assets/brand-heroes/smoke-alpha-cyan.webp: OK
./dist/assets/brand-heroes/smoke-alpha-neutral.webp: OK
./dist/assets/brand-heroes/smoke-alpha-red.webp: OK
./dist/assets/brand-heroes/smoke-alpha-warm.webp: OK
./dist/assets/brand/kombax-symbol-black.png: OK
./dist/assets/brand/kombax-symbol-red.png: OK
./dist/assets/brand/kombax-symbol-white.png: OK
./dist/assets/demo-events/noche-impacto-barcelona/album-promo.webp: OK
./dist/assets/demo-events/noche-impacto-barcelona/banner.webp: OK
./dist/assets/demo-events/noche-impacto-barcelona/club-fenix-logo.webp: OK
./dist/assets/demo-events/noche-impacto-barcelona/co-main.webp: OK
./dist/assets/demo-events/noche-impacto-barcelona/fight-card-full.webp: OK
./dist/assets/demo-events/noche-impacto-barcelona/fighter-adrian-cruz.webp: OK
./dist/assets/demo-events/noche-impacto-barcelona/fighter-bruno-mota.webp: OK
./dist/assets/demo-events/noche-impacto-barcelona/fighter-claudia-sanz.webp: OK
./dist/assets/demo-events/noche-impacto-barcelona/fighter-dario-moreno.webp: OK
./dist/assets/demo-events/noche-impacto-barcelona/fighter-hugo-salvatierra.webp: OK
./dist/assets/demo-events/noche-impacto-barcelona/fighter-ivan-keller.webp: OK
./dist/assets/demo-events/noche-impacto-barcelona/fighter-leo-serra.webp: OK
./dist/assets/demo-events/noche-impacto-barcelona/fighter-maia-costa.webp: OK
./dist/assets/demo-events/noche-impacto-barcelona/fighter-marcos-duran.webp: OK
./dist/assets/demo-events/noche-impacto-barcelona/fighter-nerea-rivas.webp: OK
./dist/assets/demo-events/noche-impacto-barcelona/fighter-vera-leon.webp: OK
./dist/assets/demo-events/noche-impacto-barcelona/fighter-youssef-kadi.webp: OK
./dist/assets/demo-events/noche-impacto-barcelona/highlights.webp: OK
./dist/assets/demo-events/noche-impacto-barcelona/main-event.webp: OK
./dist/assets/demo-events/noche-impacto-barcelona/nova-combat-logo.webp: OK
./dist/assets/demo-events/noche-impacto-barcelona/poster.webp: OK
./dist/assets/demo-events/noche-impacto-barcelona/press-day.webp: OK
./dist/assets/demo-events/noche-impacto-barcelona/results.webp: OK
./dist/assets/demo-events/noche-impacto-barcelona/tickets-venue.webp: OK
./dist/assets/demo-events/noche-impacto-barcelona/undercard.webp: OK
./dist/assets/demo-events/urban-warriors-jiujitsu-interclub/action-adults-01.webp: OK
./dist/assets/demo-events/urban-warriors-jiujitsu-interclub/action-adults-02.webp: OK
./dist/assets/demo-events/urban-warriors-jiujitsu-interclub/action-adults-03.webp: OK
./dist/assets/demo-events/urban-warriors-jiujitsu-interclub/action-adults-04.webp: OK
./dist/assets/demo-events/urban-warriors-jiujitsu-interclub/action-adults-05.webp: OK
./dist/assets/demo-events/urban-warriors-jiujitsu-interclub/action-adults-06.webp: OK
./dist/assets/demo-events/urban-warriors-jiujitsu-interclub/action-adults-07.webp: OK
./dist/assets/demo-events/urban-warriors-jiujitsu-interclub/action-adults-08.webp: OK
./dist/assets/demo-events/urban-warriors-jiujitsu-interclub/album-official.webp: OK
./dist/assets/demo-events/urban-warriors-jiujitsu-interclub/banner.webp: OK
./dist/assets/demo-events/urban-warriors-jiujitsu-interclub/fighters-realistic/aina-torres.webp: OK
./dist/assets/demo-events/urban-warriors-jiujitsu-interclub/fighters-realistic/bruno-sato.webp: OK
./dist/assets/demo-events/urban-warriors-jiujitsu-interclub/fighters-realistic/daniel-ortiz.webp: OK
./dist/assets/demo-events/urban-warriors-jiujitsu-interclub/fighters-realistic/emma-leon.webp: OK
./dist/assets/demo-events/urban-warriors-jiujitsu-interclub/fighters-realistic/hana-ribeiro.webp: OK
./dist/assets/demo-events/urban-warriors-jiujitsu-interclub/fighters-realistic/hugo-rios.webp: OK
./dist/assets/demo-events/urban-warriors-jiujitsu-interclub/fighters-realistic/laia-costa.webp: OK
./dist/assets/demo-events/urban-warriors-jiujitsu-interclub/fighters-realistic/leo-martin.webp: OK
./dist/assets/demo-events/urban-warriors-jiujitsu-interclub/fighters-realistic/malik-benitez.webp: OK
./dist/assets/demo-events/urban-warriors-jiujitsu-interclub/fighters-realistic/marc-vidal.webp: OK
./dist/assets/demo-events/urban-warriors-jiujitsu-interclub/main-event.webp: OK
./dist/assets/demo-events/urban-warriors-jiujitsu-interclub/poster.webp: OK
./dist/assets/demo-events/urban-warriors-jiujitsu-interclub/registrations.webp: OK
./dist/assets/demo-events/urban-warriors-jiujitsu-interclub/results-highlights.webp: OK
./dist/assets/demo-events/urban-warriors-jiujitsu-interclub/youth-division.webp: OK
./dist/assets/demo-events/urban-warriors-muay-thai-seminar/album-01-clinch.webp: OK
./dist/assets/demo-events/urban-warriors-muay-thai-seminar/album-02-knee-technique.webp: OK
./dist/assets/demo-events/urban-warriors-muay-thai-seminar/banner.webp: OK
./dist/assets/demo-events/urban-warriors-muay-thai-seminar/fighter-adrian-serrano.webp: OK
./dist/assets/demo-events/urban-warriors-muay-thai-seminar/poster.webp: OK
./dist/assets/demo-showcase/urban-warriors/urban-performance-whey-recovery.webp: OK
./dist/assets/demo-showcase/urban-warriors/urban-warriors-casco-integral-pro.webp: OK
./dist/assets/demo-showcase/urban-warriors/urban-warriors-guantes-integrales-elite.webp: OK
./dist/assets/docs/Cartel_Descarga_KOMBAX_Club.png: OK
./dist/assets/docs/GUIA_KOMBAX_COBROS_STRIPE_SEPA_R80.pdf: OK
./dist/assets/docs/GUIA_KOMBAX_COBROS_TAP_TO_PAY_IPHONE_R81.pdf: OK
./dist/assets/docs/commercial/KOMBAX_PLAN_PRECIOS.pdf: OK
./dist/assets/events/kombax-events-burst.svg: OK
./dist/assets/events/kombax-events-grid.svg: OK
./dist/assets/events/kombax-events-neon-mesh.svg: OK
./dist/assets/events/template-manifest.json: OK
./dist/assets/events/templates/event-poster-arena.svg: OK
./dist/assets/events/templates/event-poster-federation.svg: OK
./dist/assets/events/templates/event-poster-fight.svg: OK
./dist/assets/events/templates/event-poster-seminar.svg: OK
./dist/assets/events/templates/event-share-square.svg: OK
./dist/assets/events/templates/event-share-story.svg: OK
./dist/assets/events/templates/fight-card-frame.svg: OK
./dist/assets/events/templates/fight-card-square.svg: OK
./dist/assets/events/templates/fight-card-story.svg: OK
./dist/assets/events/templates/fight-share-square.svg: OK
./dist/assets/events/templates/fight-share-story.svg: OK
./dist/assets/events/templates/fighter-placeholder.svg: OK
./dist/assets/events/templates/organization-lockup.svg: OK
./dist/assets/events/templates/result-share-square.svg: OK
./dist/assets/events/templates/result-share-story.svg: OK
./dist/assets/events/templates/sponsor-strip.svg: OK
./dist/assets/icons/icon-128.png: OK
./dist/assets/icons/icon-144.png: OK
./dist/assets/icons/icon-152.png: OK
./dist/assets/icons/icon-192.png: OK
./dist/assets/icons/icon-384.png: OK
./dist/assets/icons/icon-512.png: OK
./dist/assets/icons/icon-72.png: OK
./dist/assets/icons/icon-96.png: OK
./dist/assets/icons/icon-maskable-192.png: OK
./dist/assets/icons/icon-maskable-512.png: OK
./dist/assets/install-qr.png: OK
./dist/assets/kombax-symbol.png: OK
./dist/assets/urban-warriors-logo.png: OK
./dist/child-safety.html: OK
./dist/config.js: OK
./dist/css/app.css: OK
./dist/css/kombax-analytics-r77.css: OK
./dist/css/kombax-brand-heroes.css: OK
./dist/css/kombax-commercial.css: OK
./dist/css/kombax-events.css: OK
./dist/css/kombax-i18n.css: OK
./dist/css/kombax-premium.css: OK
./dist/css/kombax-public-overview.css: OK
./dist/css/kombax-social.css: OK
./dist/css/kombax-ui-stabilization-r60.css: OK
./dist/delete-account.html: OK
./dist/index.html: OK
./dist/js/app.js: OK
./dist/js/core/adaptive-poller.js: OK
./dist/js/core/assist-specialists.js: OK
./dist/js/core/backend.js: OK
./dist/js/core/capability-resolver.js: OK
./dist/js/core/commercial-pricing.js: OK
./dist/js/core/context-isolation-20083.js: OK
./dist/js/core/demo-directory.js: OK
./dist/js/core/demo-showcase.js: OK
./dist/js/core/finance-adapter.js: OK
./dist/js/core/finance-math.js: OK
./dist/js/core/identity-context.js: OK
./dist/js/core/invitations.js: OK
./dist/js/core/media.js: OK
./dist/js/core/permissions.js: OK
./dist/js/core/platform.js: OK
./dist/js/core/profile-registry.js: OK
./dist/js/core/query-cache.js: OK
./dist/js/core/repositories.js: OK
./dist/js/core/security-go-live-20084.js: OK
./dist/js/core/state.js: OK
./dist/js/core/supabase.js: OK
./dist/js/core/telemetry.js: OK
./dist/js/core/utils.js: OK
./dist/js/delete-account.js: OK
./dist/js/i18n/boot-language.js: OK
./dist/js/i18n/formatters.js: OK
./dist/js/i18n/index.js: OK
./dist/js/i18n/legacy-auto-en-sources.js: OK
./dist/js/i18n/legacy-auto-en.js: OK
./dist/js/i18n/legacy-copy-de-complete.js: OK
./dist/js/i18n/legacy-copy-de-rb03.json: OK
./dist/js/i18n/legacy-copy-en-rb02-exact.js: OK
./dist/js/i18n/legacy-copy-en-rb02.js: OK
./dist/js/i18n/legacy-copy-en.js: OK
./dist/js/i18n/legacy-copy-fil-complete.js: OK
./dist/js/i18n/legacy-copy-fil-rb03.json: OK
./dist/js/i18n/legacy-copy-fr-complete.js: OK
./dist/js/i18n/legacy-copy-fr-rb03.json: OK
./dist/js/i18n/legacy-copy-it-complete.js: OK
./dist/js/i18n/legacy-copy-it-rb03.json: OK
./dist/js/i18n/legacy-copy-pt-complete.js: OK
./dist/js/i18n/legacy-copy-pt-rb03.json: OK
./dist/js/i18n/legacy-copy-th-complete.js: OK
./dist/js/i18n/legacy-copy-th-rb03.json: OK
./dist/js/i18n/legacy-dynamic-patterns.js: OK
./dist/js/i18n/legacy-runtime.js: OK
./dist/js/i18n/locale-metadata.js: OK
./dist/js/i18n/locale-storage.js: OK
./dist/js/i18n/locales/_apply-flat.js: OK
./dist/js/i18n/locales/de/activation-quality.js: OK
./dist/js/i18n/locales/de/activation-rb03.js: OK
./dist/js/i18n/locales/de/admin.js: OK
./dist/js/i18n/locales/de/assist.js: OK
./dist/js/i18n/locales/de/auth.js: OK
./dist/js/i18n/locales/de/club.js: OK
./dist/js/i18n/locales/de/commerce.js: OK
./dist/js/i18n/locales/de/common.js: OK
./dist/js/i18n/locales/de/emails.js: OK
./dist/js/i18n/locales/de/errors.js: OK
./dist/js/i18n/locales/de/events.js: OK
./dist/js/i18n/locales/de/federation.js: OK
./dist/js/i18n/locales/de/finance.js: OK
./dist/js/i18n/locales/de/index.js: OK
./dist/js/i18n/locales/de/legal.js: OK
./dist/js/i18n/locales/de/marketing.js: OK
./dist/js/i18n/locales/de/migrations.js: OK
./dist/js/i18n/locales/de/navigation.js: OK
./dist/js/i18n/locales/de/notifications.js: OK
./dist/js/i18n/locales/de/onboarding.js: OK
./dist/js/i18n/locales/de/payments.js: OK
./dist/js/i18n/locales/de/profile.js: OK
./dist/js/i18n/locales/de/settings.js: OK
./dist/js/i18n/locales/de/showcase.js: OK
./dist/js/i18n/locales/de/social.js: OK
./dist/js/i18n/locales/de/ticketing.js: OK
./dist/js/i18n/locales/de/validation.js: OK
./dist/js/i18n/locales/en/admin.js: OK
./dist/js/i18n/locales/en/assist.js: OK
./dist/js/i18n/locales/en/auth.js: OK
./dist/js/i18n/locales/en/club.js: OK
./dist/js/i18n/locales/en/commerce.js: OK
./dist/js/i18n/locales/en/common.js: OK
./dist/js/i18n/locales/en/emails.js: OK
./dist/js/i18n/locales/en/errors.js: OK
./dist/js/i18n/locales/en/events.js: OK
./dist/js/i18n/locales/en/federation.js: OK
./dist/js/i18n/locales/en/finance.js: OK
./dist/js/i18n/locales/en/index.js: OK
./dist/js/i18n/locales/en/legal.js: OK
./dist/js/i18n/locales/en/marketing.js: OK
./dist/js/i18n/locales/en/migrations.js: OK
./dist/js/i18n/locales/en/navigation.js: OK
./dist/js/i18n/locales/en/notifications.js: OK
./dist/js/i18n/locales/en/onboarding.js: OK
./dist/js/i18n/locales/en/payments.js: OK
./dist/js/i18n/locales/en/profile.js: OK
./dist/js/i18n/locales/en/settings.js: OK
./dist/js/i18n/locales/en/showcase.js: OK
./dist/js/i18n/locales/en/social.js: OK
./dist/js/i18n/locales/en/ticketing.js: OK
./dist/js/i18n/locales/en/validation.js: OK
./dist/js/i18n/locales/es/admin.js: OK
./dist/js/i18n/locales/es/assist.js: OK
./dist/js/i18n/locales/es/auth.js: OK
./dist/js/i18n/locales/es/club.js: OK
./dist/js/i18n/locales/es/commerce.js: OK
./dist/js/i18n/locales/es/common.js: OK
./dist/js/i18n/locales/es/emails.js: OK
./dist/js/i18n/locales/es/errors.js: OK
./dist/js/i18n/locales/es/events.js: OK
./dist/js/i18n/locales/es/federation.js: OK
./dist/js/i18n/locales/es/finance.js: OK
./dist/js/i18n/locales/es/index.js: OK
./dist/js/i18n/locales/es/legal.js: OK
./dist/js/i18n/locales/es/marketing.js: OK
./dist/js/i18n/locales/es/migrations.js: OK
./dist/js/i18n/locales/es/navigation.js: OK
./dist/js/i18n/locales/es/notifications.js: OK
./dist/js/i18n/locales/es/onboarding.js: OK
./dist/js/i18n/locales/es/payments.js: OK
./dist/js/i18n/locales/es/profile.js: OK
./dist/js/i18n/locales/es/settings.js: OK
./dist/js/i18n/locales/es/showcase.js: OK
./dist/js/i18n/locales/es/social.js: OK
./dist/js/i18n/locales/es/ticketing.js: OK
./dist/js/i18n/locales/es/validation.js: OK
./dist/js/i18n/locales/fil/activation-quality.js: OK
./dist/js/i18n/locales/fil/activation-rb03.js: OK
./dist/js/i18n/locales/fil/admin.js: OK
./dist/js/i18n/locales/fil/assist.js: OK
./dist/js/i18n/locales/fil/auth.js: OK
./dist/js/i18n/locales/fil/club.js: OK
./dist/js/i18n/locales/fil/commerce.js: OK
./dist/js/i18n/locales/fil/common.js: OK
./dist/js/i18n/locales/fil/emails.js: OK
./dist/js/i18n/locales/fil/errors.js: OK
./dist/js/i18n/locales/fil/events.js: OK
./dist/js/i18n/locales/fil/federation.js: OK
./dist/js/i18n/locales/fil/finance.js: OK
./dist/js/i18n/locales/fil/index.js: OK
./dist/js/i18n/locales/fil/legal.js: OK
./dist/js/i18n/locales/fil/marketing.js: OK
./dist/js/i18n/locales/fil/migrations.js: OK
./dist/js/i18n/locales/fil/navigation.js: OK
./dist/js/i18n/locales/fil/notifications.js: OK
./dist/js/i18n/locales/fil/onboarding.js: OK
./dist/js/i18n/locales/fil/payments.js: OK
./dist/js/i18n/locales/fil/profile.js: OK
./dist/js/i18n/locales/fil/settings.js: OK
./dist/js/i18n/locales/fil/showcase.js: OK
./dist/js/i18n/locales/fil/social.js: OK
./dist/js/i18n/locales/fil/ticketing.js: OK
./dist/js/i18n/locales/fil/validation.js: OK
./dist/js/i18n/locales/fr/activation-rb03.js: OK
./dist/js/i18n/locales/fr/admin.js: OK
./dist/js/i18n/locales/fr/assist.js: OK
./dist/js/i18n/locales/fr/auth.js: OK
./dist/js/i18n/locales/fr/club.js: OK
./dist/js/i18n/locales/fr/commerce.js: OK
./dist/js/i18n/locales/fr/common.js: OK
./dist/js/i18n/locales/fr/emails.js: OK
./dist/js/i18n/locales/fr/errors.js: OK
./dist/js/i18n/locales/fr/events.js: OK
./dist/js/i18n/locales/fr/federation.js: OK
./dist/js/i18n/locales/fr/finance.js: OK
./dist/js/i18n/locales/fr/index.js: OK
./dist/js/i18n/locales/fr/legal.js: OK
./dist/js/i18n/locales/fr/marketing.js: OK
./dist/js/i18n/locales/fr/migrations.js: OK
./dist/js/i18n/locales/fr/navigation.js: OK
./dist/js/i18n/locales/fr/notifications.js: OK
./dist/js/i18n/locales/fr/onboarding.js: OK
./dist/js/i18n/locales/fr/payments.js: OK
./dist/js/i18n/locales/fr/profile.js: OK
./dist/js/i18n/locales/fr/settings.js: OK
./dist/js/i18n/locales/fr/showcase.js: OK
./dist/js/i18n/locales/fr/social.js: OK
./dist/js/i18n/locales/fr/ticketing.js: OK
./dist/js/i18n/locales/fr/validation.js: OK
./dist/js/i18n/locales/it/activation-quality.js: OK
./dist/js/i18n/locales/it/activation-rb03.js: OK
./dist/js/i18n/locales/it/admin.js: OK
./dist/js/i18n/locales/it/assist.js: OK
./dist/js/i18n/locales/it/auth.js: OK
./dist/js/i18n/locales/it/club.js: OK
./dist/js/i18n/locales/it/commerce.js: OK
./dist/js/i18n/locales/it/common.js: OK
./dist/js/i18n/locales/it/emails.js: OK
./dist/js/i18n/locales/it/errors.js: OK
./dist/js/i18n/locales/it/events.js: OK
./dist/js/i18n/locales/it/federation.js: OK
./dist/js/i18n/locales/it/finance.js: OK
./dist/js/i18n/locales/it/index.js: OK
./dist/js/i18n/locales/it/legal.js: OK
./dist/js/i18n/locales/it/marketing.js: OK
./dist/js/i18n/locales/it/migrations.js: OK
./dist/js/i18n/locales/it/navigation.js: OK
./dist/js/i18n/locales/it/notifications.js: OK
./dist/js/i18n/locales/it/onboarding.js: OK
./dist/js/i18n/locales/it/payments.js: OK
./dist/js/i18n/locales/it/profile.js: OK
./dist/js/i18n/locales/it/settings.js: OK
./dist/js/i18n/locales/it/showcase.js: OK
./dist/js/i18n/locales/it/social.js: OK
./dist/js/i18n/locales/it/ticketing.js: OK
./dist/js/i18n/locales/it/validation.js: OK
./dist/js/i18n/locales/pt/activation-quality.js: OK
./dist/js/i18n/locales/pt/activation-rb03.js: OK
./dist/js/i18n/locales/pt/admin.js: OK
./dist/js/i18n/locales/pt/assist.js: OK
./dist/js/i18n/locales/pt/auth.js: OK
./dist/js/i18n/locales/pt/club.js: OK
./dist/js/i18n/locales/pt/commerce.js: OK
./dist/js/i18n/locales/pt/common.js: OK
./dist/js/i18n/locales/pt/emails.js: OK
./dist/js/i18n/locales/pt/errors.js: OK
./dist/js/i18n/locales/pt/events.js: OK
./dist/js/i18n/locales/pt/federation.js: OK
./dist/js/i18n/locales/pt/finance.js: OK
./dist/js/i18n/locales/pt/index.js: OK
./dist/js/i18n/locales/pt/legal.js: OK
./dist/js/i18n/locales/pt/marketing.js: OK
./dist/js/i18n/locales/pt/migrations.js: OK
./dist/js/i18n/locales/pt/navigation.js: OK
./dist/js/i18n/locales/pt/notifications.js: OK
./dist/js/i18n/locales/pt/onboarding.js: OK
./dist/js/i18n/locales/pt/payments.js: OK
./dist/js/i18n/locales/pt/profile.js: OK
./dist/js/i18n/locales/pt/settings.js: OK
./dist/js/i18n/locales/pt/showcase.js: OK
./dist/js/i18n/locales/pt/social.js: OK
./dist/js/i18n/locales/pt/ticketing.js: OK
./dist/js/i18n/locales/pt/validation.js: OK
./dist/js/i18n/locales/th/activation-quality.js: OK
./dist/js/i18n/locales/th/activation-rb03.js: OK
./dist/js/i18n/locales/th/admin.js: OK
./dist/js/i18n/locales/th/assist.js: OK
./dist/js/i18n/locales/th/auth.js: OK
./dist/js/i18n/locales/th/club.js: OK
./dist/js/i18n/locales/th/commerce.js: OK
./dist/js/i18n/locales/th/common.js: OK
./dist/js/i18n/locales/th/emails.js: OK
./dist/js/i18n/locales/th/errors.js: OK
./dist/js/i18n/locales/th/events.js: OK
./dist/js/i18n/locales/th/federation.js: OK
./dist/js/i18n/locales/th/finance.js: OK
./dist/js/i18n/locales/th/index.js: OK
./dist/js/i18n/locales/th/legal.js: OK
./dist/js/i18n/locales/th/marketing.js: OK
./dist/js/i18n/locales/th/migrations.js: OK
./dist/js/i18n/locales/th/navigation.js: OK
./dist/js/i18n/locales/th/notifications.js: OK
./dist/js/i18n/locales/th/onboarding.js: OK
./dist/js/i18n/locales/th/payments.js: OK
./dist/js/i18n/locales/th/profile.js: OK
./dist/js/i18n/locales/th/settings.js: OK
./dist/js/i18n/locales/th/showcase.js: OK
./dist/js/i18n/locales/th/social.js: OK
./dist/js/i18n/locales/th/ticketing.js: OK
./dist/js/i18n/locales/th/validation.js: OK
./dist/js/i18n/manifest-locale.js: OK
./dist/js/i18n/public-legal-translations.js: OK
./dist/js/i18n/public-page.js: OK
./dist/js/i18n/r78-system-source.js: OK
./dist/js/i18n/r79-system-runtime.js: OK
./dist/js/i18n/r79-system-source.js: OK
./dist/js/i18n/resources.js: OK
./dist/js/i18n/rollout.js: OK
./dist/js/i18n/ui.js: OK
./dist/js/i18n/user-content-translation.js: OK
./dist/js/modules/account-security.js: OK
./dist/js/modules/admin.js: OK
./dist/js/modules/auth-recovery.js: OK
./dist/js/modules/brand-business.js: OK
./dist/js/modules/brand-hub.js: OK
./dist/js/modules/club-kombax-hub.js: OK
./dist/js/modules/club-profile.js: OK
./dist/js/modules/comms-material.js: OK
./dist/js/modules/community.js: OK
./dist/js/modules/competition-preparation.js: OK
./dist/js/modules/competitor-hub.js: OK
./dist/js/modules/customer-operations.js: OK
./dist/js/modules/dashboard-catalog.js: OK
./dist/js/modules/documents.js: OK
./dist/js/modules/event-connections.js: OK
./dist/js/modules/events.js: OK
./dist/js/modules/federation-hub.js: OK
./dist/js/modules/federation-licenses.js: OK
./dist/js/modules/fighter-discovery.js: OK
./dist/js/modules/finance-premium-bootstrap.js: OK
./dist/js/modules/finance-premium.js: OK
./dist/js/modules/finance.js: OK
./dist/js/modules/gateway.js: OK
./dist/js/modules/groups-members.js: OK
./dist/js/modules/help-legal.js: OK
./dist/js/modules/kombax-discovery.js: OK
./dist/js/modules/kombax-event-visuals.js: OK
./dist/js/modules/kombax-events.js: OK
./dist/js/modules/kombax-social.js: OK
./dist/js/modules/lifecycle.js: OK
./dist/js/modules/managed-profile-hub.js: OK
./dist/js/modules/payments-center.js: OK
./dist/js/modules/plan-services.js: OK
./dist/js/modules/platform-admin-access.js: OK
./dist/js/modules/platform-admin.js: OK
./dist/js/modules/platform-legal.js: OK
./dist/js/modules/portal.js: OK
./dist/js/modules/professional-finance.js: OK
./dist/js/modules/professional-hub.js: OK
./dist/js/modules/professional-operations.js: OK
./dist/js/modules/public-profile.js: OK
./dist/js/modules/showcase.js: OK
./dist/js/modules/social-network.js: OK
./dist/js/modules/social-post-management.js: OK
./dist/js/modules/spectator-hub.js: OK
./dist/js/modules/sports-profile.js: OK
./dist/js/modules/support-privacy.js: OK
./dist/js/modules/training.js: OK
./dist/js/modules/work-scopes.js: OK
./dist/js/public-product-overview.js: OK
./dist/js/ui/analytics-reports-r77.js: OK
./dist/js/ui/brand-hero.js: OK
./dist/js/ui/components.js: OK
./dist/js/ui/conversation-ui.js: OK
./dist/js/ui/icons.js: OK
./dist/js/ui/media-framing.js: OK
./dist/js/ui/video-cover.js: OK
./dist/manifest-de.webmanifest: OK
./dist/manifest-en.webmanifest: OK
./dist/manifest-fil.webmanifest: OK
./dist/manifest-fr.webmanifest: OK
./dist/manifest-it.webmanifest: OK
./dist/manifest-pt.webmanifest: OK
./dist/manifest-th.webmanifest: OK
./dist/manifest.webmanifest: OK
./dist/privacy.html: OK
./dist/qa/i18n-visual-b04.html: OK
./dist/qa/responsive-fixture.html: OK
./dist/qa/responsive-matrix.html: OK
./dist/service-worker.js: OK
./dist/terms.html: OK
./docs/00_INDEX_R80.md: OK
./docs/00_INDEX_R81.md: OK
./docs/00_INDEX_R81_PHASE0.md: OK
./docs/01_CURRENT_RELEASE/GUIA_KOMBAX_COBROS_STRIPE_SEPA_R80.pdf: OK
./docs/01_CURRENT_RELEASE/GUIA_KOMBAX_COBROS_TAP_TO_PAY_IPHONE_R81.pdf: OK
./docs/01_CURRENT_RELEASE/PHASE0_R81_BUILD_20134_ANDROID_PREFLIGHT.log: OK
./docs/01_CURRENT_RELEASE/PHASE0_R81_BUILD_20134_CHANGED_FILES.md: OK
./docs/01_CURRENT_RELEASE/PHASE0_R81_BUILD_20134_GRADLE_COMPILE_ATTEMPT.log: OK
./docs/01_CURRENT_RELEASE/PHASE0_R81_BUILD_20134_LIVE_BACKEND.md: OK
./docs/01_CURRENT_RELEASE/PHASE0_R81_BUILD_20134_MANIFEST_SHA256.txt: OK
./docs/01_CURRENT_RELEASE/PHASE0_R81_BUILD_20134_MASTER_AUDIT.md: OK
./docs/01_CURRENT_RELEASE/PHASE0_R81_BUILD_20134_PACKAGE_CONTENTS.txt: OK
./docs/01_CURRENT_RELEASE/PHASE0_R81_BUILD_20134_PACKAGE_REPORT.md: OK
./docs/01_CURRENT_RELEASE/PHASE0_R81_BUILD_20134_PENDING_MASTER_PLAN.md: OK
./docs/01_CURRENT_RELEASE/PHASE0_R81_BUILD_20134_QA_SCORECARD.md: OK
./docs/01_CURRENT_RELEASE/PHASE0_R81_BUILD_20134_RELEASE_BUILD.log: OK
./docs/01_CURRENT_RELEASE/PHASE0_R81_BUILD_20134_SECRET_SCAN.txt: OK
./docs/01_CURRENT_RELEASE/PREBLOCK_CONSULTING_CONTENT_ARCHITECTURE.md: OK
./docs/01_CURRENT_RELEASE/PREBLOCK_DESIGN_CONTENT_EXECUTION_PLAN.md: OK
./docs/01_CURRENT_RELEASE/PREBLOCK_DESIGN_CONTENT_FINAL_REPORT.md: OK
./docs/01_CURRENT_RELEASE/PREBLOCK_DESIGN_CONTENT_QA_SCORECARD.md: OK
./docs/01_CURRENT_RELEASE/PREBLOCK_PACKAGE_CONTENTS.txt: OK
./docs/01_CURRENT_RELEASE/PREBLOCK_PACKAGE_REPORT.md: OK
./docs/01_CURRENT_RELEASE/PREBLOCK_RESEARCH_VERIFICATION_LOG_2026-09-21.md: OK
./docs/01_CURRENT_RELEASE/PREBLOCK_SECRET_SCAN.txt: OK
./docs/01_CURRENT_RELEASE/PREBLOCK_TRAINING_PRIVATE_LAYER_ARCHITECTURE.md: OK
./docs/01_CURRENT_RELEASE/PREBLOCK_VISUAL_AUDIT_AND_ASSET_BRIEFS.md: OK
./docs/01_CURRENT_RELEASE/R80_BUILD_20132_FINANCE_PAYMENTS_HOTFIX_REPORT.md: OK
./docs/01_CURRENT_RELEASE/R80_BUILD_20132_LIVE_BACKEND_STATE.md: OK
./docs/01_CURRENT_RELEASE/R80_BUILD_20132_MANIFEST_SHA256.txt: OK
./docs/01_CURRENT_RELEASE/R80_BUILD_20132_QA.txt: OK
./docs/01_CURRENT_RELEASE/R80_CHANGED_FILES.md: OK
./docs/01_CURRENT_RELEASE/R80_ORDERED_PACKAGE_MANIFEST_SHA256.txt: OK
./docs/01_CURRENT_RELEASE/R80_ORDERED_PACKAGE_REPORT.md: OK
./docs/01_CURRENT_RELEASE/R80_ORDERED_SECRET_SCAN.txt: OK
./docs/01_CURRENT_RELEASE/R80_STRIPE_SEPA_FINAL_REPORT.md: OK
./docs/01_CURRENT_RELEASE/R80_STRIPE_SEPA_PREIMPLEMENTATION_AUDIT.md: OK
./docs/01_CURRENT_RELEASE/R80_STRIPE_SEPA_QA_SCORECARD.md: OK
./docs/01_CURRENT_RELEASE/R81_BUILD_20133_MANIFEST_SHA256.txt: OK
./docs/01_CURRENT_RELEASE/R81_BUILD_20133_PACKAGE_CONTENTS.txt: OK
./docs/01_CURRENT_RELEASE/R81_BUILD_20133_PACKAGE_REPORT.md: OK
./docs/01_CURRENT_RELEASE/R81_BUILD_20133_QA.txt: OK
./docs/01_CURRENT_RELEASE/R81_BUILD_20133_SECRET_SCAN.txt: OK
./docs/01_CURRENT_RELEASE/R81_DEPLOYMENT_HANDOFF_GITHUB_NETLIFY_ANDROID_IOS.md: OK
./docs/01_CURRENT_RELEASE/R81_LIVE_SUPABASE_STATE.md: OK
./docs/01_CURRENT_RELEASE/R81_TAP_TO_PAY_IPHONE_FINAL_REPORT.md: OK
./docs/01_CURRENT_RELEASE/R81_TAP_TO_PAY_IPHONE_QA_SCORECARD.md: OK
./docs/01_CURRENT_RELEASE/logs/PREBLOCK_ANDROID_PREFLIGHT.log: OK
./docs/01_CURRENT_RELEASE/logs/PREBLOCK_DESIGN_CONTENT_TEST.log: OK
./docs/01_CURRENT_RELEASE/logs/PREBLOCK_FINAL_NPM_TEST.log: OK
./docs/01_CURRENT_RELEASE/logs/PREBLOCK_FINAL_RELEASE_BUILD.log: OK
./docs/01_CURRENT_RELEASE/logs/PREBLOCK_IOS_PLIST_PARSE.log: OK
./docs/01_CURRENT_RELEASE/logs/PREBLOCK_IOS_SWIFT_PARSE.log: OK
./docs/01_CURRENT_RELEASE/logs/PREBLOCK_NPM_TEST.log: OK
./docs/01_CURRENT_RELEASE/logs/PREBLOCK_RELEASE_BUILD.log: OK
./docs/02_TECHNICAL_CORE/ARCHITECTURE.md: OK
./docs/02_TECHNICAL_CORE/BUGS.md: OK
./docs/02_TECHNICAL_CORE/DATABASE.md: OK
./docs/02_TECHNICAL_CORE/DOCUMENTATION_INDEX.md: OK
./docs/02_TECHNICAL_CORE/MATRIZ_PERMISOS.md: OK
./docs/02_TECHNICAL_CORE/PLATFORM_EVOLUTION_RULES.md: OK
./docs/02_TECHNICAL_CORE/PROFILE_ARCHITECTURE_20048.md: OK
./docs/02_TECHNICAL_CORE/PROFILE_MATRIX_R32.md: OK
./docs/02_TECHNICAL_CORE/PRO_FEATURE_DECISION_R32.md: OK
./docs/02_TECHNICAL_CORE/README_ORIGINAL_R80.md: OK
./docs/02_TECHNICAL_CORE/RLS_MATRIX.md: OK
./docs/02_TECHNICAL_CORE/ROADMAP.md: OK
./docs/02_TECHNICAL_CORE/SECURITY.md: OK
./docs/02_TECHNICAL_CORE/STATUS.md: OK
./docs/03_OPERATIONS/ANDROID.md: OK
./docs/03_OPERATIONS/ANDROID_AAB_BUILD_20107_R57.log: OK
./docs/03_OPERATIONS/ANDROID_ASSEMBLE_DEBUG_20101_R33.log: OK
./docs/03_OPERATIONS/ANDROID_ASSEMBLE_RELEASE_20101_R32.log: OK
./docs/03_OPERATIONS/ANDROID_BUILD_FIX_20101_R52_1.md: OK
./docs/03_OPERATIONS/ANDROID_DEBUG_BUILD_20103_R53.log: OK
./docs/03_OPERATIONS/ANDROID_DEBUG_BUILD_20107_R57.log: OK
./docs/03_OPERATIONS/ANDROID_DEBUG_BUILD_20111_R63.log: OK
./docs/03_OPERATIONS/ANDROID_PLAY_READINESS_RC13_BUILD_20018.md: OK
./docs/03_OPERATIONS/ANDROID_PLAY_READINESS_RC13_BUILD_20019.md: OK
./docs/03_OPERATIONS/ANDROID_PREFLIGHT_20098.log: OK
./docs/03_OPERATIONS/ANDROID_PREFLIGHT_20099.txt: OK
./docs/03_OPERATIONS/ANDROID_PREFLIGHT_20100.txt: OK
./docs/03_OPERATIONS/ANDROID_PREFLIGHT_20101.txt: OK
./docs/03_OPERATIONS/ANDROID_PREFLIGHT_20101_R11.txt: OK
./docs/03_OPERATIONS/ANDROID_PREFLIGHT_20101_R23.txt: OK
./docs/03_OPERATIONS/ANDROID_PREFLIGHT_20101_R26.log: OK
./docs/03_OPERATIONS/ANDROID_PREFLIGHT_20101_R27.txt: OK
./docs/03_OPERATIONS/ANDROID_PREFLIGHT_20101_R29.txt: OK
./docs/03_OPERATIONS/ANDROID_PREFLIGHT_20101_R3.txt: OK
./docs/03_OPERATIONS/ANDROID_PREFLIGHT_20101_R32.md: OK
./docs/03_OPERATIONS/ANDROID_PREFLIGHT_20101_R32.txt: OK
./docs/03_OPERATIONS/ANDROID_PREFLIGHT_20101_R33.md: OK
./docs/03_OPERATIONS/ANDROID_PREFLIGHT_20101_R33.txt: OK
./docs/03_OPERATIONS/ANDROID_PREFLIGHT_20101_R33_1.md: OK
./docs/03_OPERATIONS/ANDROID_PREFLIGHT_20101_R33_1.txt: OK
./docs/03_OPERATIONS/ANDROID_PREFLIGHT_20101_R38.txt: OK
./docs/03_OPERATIONS/ANDROID_PREFLIGHT_20101_R40.exitcode: OK
./docs/03_OPERATIONS/ANDROID_PREFLIGHT_20101_R40.txt: OK
./docs/03_OPERATIONS/ANDROID_PREFLIGHT_20101_R42.txt: OK
./docs/03_OPERATIONS/ANDROID_PREFLIGHT_20101_R44.txt: OK
./docs/03_OPERATIONS/ANDROID_PREFLIGHT_20101_R6.txt: OK
./docs/03_OPERATIONS/ANDROID_PREFLIGHT_20103_R53.log: OK
./docs/03_OPERATIONS/ANDROID_PREFLIGHT_20107_R57.log: OK
./docs/03_OPERATIONS/ANDROID_PREFLIGHT_20128_R77.exitcode: OK
./docs/03_OPERATIONS/ANDROID_PREFLIGHT_20128_R77.log: OK
./docs/03_OPERATIONS/ANDROID_PREFLIGHT_R64_4.log: OK
./docs/03_OPERATIONS/ANDROID_QA_SYNC_R52.md: OK
./docs/03_OPERATIONS/ANDROID_RC13_BUILD_20021_VALIDATION.md: OK
./docs/03_OPERATIONS/ANDROID_RC13_BUILD_20063_MOBILE_QA.md: OK
./docs/03_OPERATIONS/ANDROID_RC13_BUILD_20064_MASTER_ADMIN_MOBILE_QA.md: OK
./docs/03_OPERATIONS/ANDROID_RC13_BUILD_20065_MOBILE_QA.md: OK
./docs/03_OPERATIONS/ANDROID_STUDIO_KOMBAX_RC13_BUILD_20025.md: OK
./docs/03_OPERATIONS/ANDROID_STUDIO_RC13_BUILD_20021.md: OK
./docs/03_OPERATIONS/AUTH_PRODUCTION_READINESS_20070.md: OK
./docs/03_OPERATIONS/BACKUP_EXPORT_GATEWAY_20077.md: OK
./docs/03_OPERATIONS/BACKUP_RESTORE_EVIDENCE_20077.md: OK
./docs/03_OPERATIONS/DEPLOY_FINAL.md: OK
./docs/03_OPERATIONS/DISASTER_RECOVERY_RUNBOOK_20070.md: OK
./docs/03_OPERATIONS/INCIDENT_RESPONSE_RUNBOOK_20070.md: OK
./docs/03_OPERATIONS/LIVE_ENVIRONMENT_GATE_20101_R42.md: OK
./docs/03_OPERATIONS/LOAD_TEST_RUNBOOK_10K_CONCURRENT_20061.md: OK
./docs/03_OPERATIONS/LOAD_TEST_RUNBOOK_KOMBAX_100_CLUBS.md: OK
./docs/03_OPERATIONS/LOCAL_MOBILE_CHECKLIST_20101_R13.md: OK
./docs/03_OPERATIONS/LOCAL_MOBILE_CHECKLIST_20101_R14.md: OK
./docs/03_OPERATIONS/LOCAL_MOBILE_CHECKLIST_20101_R15.md: OK
./docs/03_OPERATIONS/LOCAL_MOBILE_CHECKLIST_20101_R16.md: OK
./docs/03_OPERATIONS/LOCAL_MOBILE_CHECKLIST_20101_R18.md: OK
./docs/03_OPERATIONS/LOCAL_MOBILE_CHECKLIST_20101_R18_URBAN_REALISM.md: OK
./docs/03_OPERATIONS/LOCAL_MOBILE_CHECKLIST_20101_R7.md: OK
./docs/03_OPERATIONS/LOCAL_MOBILE_CHECKLIST_20101_R8.md: OK
./docs/03_OPERATIONS/LOCAL_MOBILE_CHECKLIST_20101_R9.md: OK
./docs/03_OPERATIONS/LOCAL_PILOT_CHECKLIST_20101_R32.md: OK
./docs/03_OPERATIONS/LOCAL_PILOT_CHECKLIST_20101_R33.md: OK
./docs/03_OPERATIONS/LOCAL_PILOT_CHECKLIST_20101_R33_1.md: OK
./docs/03_OPERATIONS/LOCAL_PWA_ANDROID_PC_CHECKLIST_20101_R19.md: OK
./docs/03_OPERATIONS/LOCAL_PWA_ANDROID_PC_CHECKLIST_20101_R20.md: OK
./docs/03_OPERATIONS/LOCAL_PWA_ANDROID_PC_CHECKLIST_20101_R21.md: OK
./docs/03_OPERATIONS/LOCAL_PWA_ANDROID_PC_CHECKLIST_20101_R22.md: OK
./docs/03_OPERATIONS/LOCAL_PWA_ANDROID_PC_CHECKLIST_20101_R23.md: OK
./docs/03_OPERATIONS/LOCAL_PWA_ANDROID_PC_CHECKLIST_20101_R25.md: OK
./docs/03_OPERATIONS/LOCAL_QA_CHECKLIST_20101_R3.md: OK
./docs/03_OPERATIONS/LOCAL_QA_EVENTS_20101_R6.md: OK
./docs/03_OPERATIONS/LOCAL_SMOKE_20101_R32.log: OK
./docs/03_OPERATIONS/LOCAL_SMOKE_20101_R33.log: OK
./docs/03_OPERATIONS/LOCAL_SMOKE_20101_R33_1.log: OK
./docs/03_OPERATIONS/LOCAL_SMOKE_SERVER_20101_R33.log: OK
./docs/03_OPERATIONS/MAINTENANCE_START_HERE.md: OK
./docs/03_OPERATIONS/MONITORING_RUNBOOK_20072.md: OK
./docs/03_OPERATIONS/NETLIFY_KOMBAX_BUILD_20025_RUNBOOK.md: OK
./docs/03_OPERATIONS/NETLIFY_RELEASE_BUILD_20107_R57.log: OK
./docs/03_OPERATIONS/NETLIFY_VALIDATION_20101_R33.md: OK
./docs/03_OPERATIONS/POSTDEPLOY_ENABLE_URBAN_WARRIORS_EVENTS_20097.sql: OK
./docs/03_OPERATIONS/POSTDEPLOY_ENABLE_URBAN_WARRIORS_EVENTS_20098.sql: OK
./docs/03_OPERATIONS/POSTDEPLOY_ENABLE_URBAN_WARRIORS_EVENTS_20099.sql: OK
./docs/03_OPERATIONS/PREDEPLOY_EXECUTION.md: OK
./docs/03_OPERATIONS/PRODUCTION_READINESS_20077_PILOT.md: OK
./docs/03_OPERATIONS/PUSH_PRODUCCION_CHECKLIST.md: OK
./docs/03_OPERATIONS/R70_ANDROID_DEBUG_BUILD.log: OK
./docs/03_OPERATIONS/R70_ANDROID_PREFLIGHT.log: OK
./docs/03_OPERATIONS/R72_ANDROID_DEBUG_BUILD.log: OK
./docs/03_OPERATIONS/R72_ANDROID_PREFLIGHT.log: OK
./docs/03_OPERATIONS/R73_ANDROID_PREFLIGHT.exitcode: OK
./docs/03_OPERATIONS/R73_ANDROID_PREFLIGHT.log: OK
./docs/03_OPERATIONS/R73_ANDROID_PREFLIGHT_FINAL.log: OK
./docs/03_OPERATIONS/RC13_BUILD_20028_LOCAL_QA.md: OK
./docs/03_OPERATIONS/RC13_BUILD_20029_LOCAL_QA.md: OK
./docs/03_OPERATIONS/RC13_BUILD_20030_LOCAL_QA.md: OK
./docs/03_OPERATIONS/RC13_BUILD_20031_LOCAL_QA.md: OK
./docs/03_OPERATIONS/SCALE_TARGET_10K_CONCURRENT_20061.md: OK
./docs/03_OPERATIONS/SIGNING_TRANSFER_CERTIFICATION_20096.md: OK
./docs/03_OPERATIONS/SIGNING_TRANSFER_CERTIFICATION_20097.md: OK
./docs/03_OPERATIONS/STORAGE_ORPHAN_CLEANUP_RUNBOOK_20072.md: OK
./docs/03_OPERATIONS/SUPABASE_RUNBOOK.md: OK
./docs/03_OPERATIONS/VALIDACION_LOCAL_ANDROID_20026.md: OK
./docs/03_OPERATIONS/VALIDACION_NETLIFY_ANDROID_20095.md: OK
./docs/03_OPERATIONS/android-preflight-r25.log: OK
./docs/03_OPERATIONS/netlify.security-headers.20084.toml: OK
./docs/04_LEGAL_SECURITY/BUILD_20043_RELATIONS_PRIVACY_VALIDATION.md: OK
./docs/04_LEGAL_SECURITY/BUILD_20071_SECURITY_PRIVACY_VALIDATION.md: OK
./docs/04_LEGAL_SECURITY/CHILD_SAFETY_RESPONSE_RUNBOOK_20071.md: OK
./docs/04_LEGAL_SECURITY/CONTRACT_MATRIX_REDLINE_R63.md: OK
./docs/04_LEGAL_SECURITY/CYBERSECURITY_HANDOFF_20101_R42.md: OK
./docs/04_LEGAL_SECURITY/CYBERSECURITY_HANDOFF_20101_R43.md: OK
./docs/04_LEGAL_SECURITY/CYBERSECURITY_HANDOFF_20101_R47.md: OK
./docs/04_LEGAL_SECURITY/CYBERSECURITY_HANDOFF_20101_R48.md: OK
./docs/04_LEGAL_SECURITY/CYBERSECURITY_HANDOFF_20101_R49.md: OK
./docs/04_LEGAL_SECURITY/CYBERSECURITY_HANDOFF_20101_R50.md: OK
./docs/04_LEGAL_SECURITY/CYBERSECURITY_HANDOFF_20101_R51.md: OK
./docs/04_LEGAL_SECURITY/KOMBAX_CHILD_SAFETY_STANDARD_DRAFT_20071.md: OK
./docs/04_LEGAL_SECURITY/KOMBAX_CLUB_DPA_PILOT_20077.md: OK
./docs/04_LEGAL_SECURITY/KOMBAX_PRIVACY_POLICY_DRAFT_20071.md: OK
./docs/04_LEGAL_SECURITY/LEGAL_GATE_20098.log: OK
./docs/04_LEGAL_SECURITY/LEGAL_GATE_20099.txt: OK
./docs/04_LEGAL_SECURITY/LEGAL_GATE_20100.txt: OK
./docs/04_LEGAL_SECURITY/LEGAL_GATE_20101.txt: OK
./docs/04_LEGAL_SECURITY/LEGAL_GATE_20101_R3.txt: OK
./docs/04_LEGAL_SECURITY/LEGAL_GATE_20101_R6.txt: OK
./docs/04_LEGAL_SECURITY/LEGAL_MATRIX_R63.md: OK
./docs/04_LEGAL_SECURITY/LEGAL_RELEASE_GATE_20077.md: OK
./docs/04_LEGAL_SECURITY/PILOT_LEGAL_CONTROLLER_TEMPLATE_20070.md: OK
./docs/04_LEGAL_SECURITY/PRIVACY_PROCESSING_REGISTER_DRAFT_20071.md: OK
./docs/04_LEGAL_SECURITY/PRIVACY_SUPPORT_ACCESS_MODEL_20101_R26.md: OK
./docs/04_LEGAL_SECURITY/RESPONSIBILITY_MATRIX_R63.md: OK
./docs/05_GUIDES/DEMO_EVENT_QA_GUIDE_20101.md: OK
./docs/05_GUIDES/GUIA_KOMBAX_COBROS_TAP_TO_PAY_IPHONE_R81.pdf: OK
./docs/05_GUIDES/GUIA_RAPIDA_CREAR_EVENTO_KOMBAX_20101_R6.pdf: OK
./docs/05_GUIDES/INTERNAL_MIGRATIONS_GUIDE_HISTORY_20110_R60.md: OK
./docs/05_GUIDES/KOMBAX_20101_R28_PROFILE_CAPABILITY_MASTER_IMPLEMENTATION_PLAN.pdf: OK
./docs/05_GUIDES/KOMBAX_ADMIN_MASTER_ACCESS_TUTORIAL_20064.pdf: OK
./docs/06_HISTORY/CHANGELOGS/CHANGELOG.md: OK
./docs/06_HISTORY/CHANGELOGS/CHANGELOG_20101_R10.md: OK
./docs/06_HISTORY/CHANGELOGS/CHANGELOG_20101_R11.md: OK
./docs/06_HISTORY/CHANGELOGS/CHANGELOG_20101_R12.md: OK
./docs/06_HISTORY/CHANGELOGS/CHANGELOG_20101_R13.md: OK
./docs/06_HISTORY/CHANGELOGS/CHANGELOG_20101_R14.md: OK
./docs/06_HISTORY/CHANGELOGS/CHANGELOG_20101_R15.md: OK
./docs/06_HISTORY/CHANGELOGS/CHANGELOG_20101_R16.md: OK
./docs/06_HISTORY/CHANGELOGS/CHANGELOG_20101_R18.md: OK
./docs/06_HISTORY/CHANGELOGS/CHANGELOG_20101_R18_URBAN_REALISM.md: OK
./docs/06_HISTORY/CHANGELOGS/CHANGELOG_20101_R19.md: OK
./docs/06_HISTORY/CHANGELOGS/CHANGELOG_20101_R20.md: OK
./docs/06_HISTORY/CHANGELOGS/CHANGELOG_20101_R21.md: OK
./docs/06_HISTORY/CHANGELOGS/CHANGELOG_20101_R22.md: OK
./docs/06_HISTORY/CHANGELOGS/CHANGELOG_20101_R23.md: OK
./docs/06_HISTORY/CHANGELOGS/CHANGELOG_20101_R25.md: OK
./docs/06_HISTORY/CHANGELOGS/CHANGELOG_20101_R26.md: OK
./docs/06_HISTORY/CHANGELOGS/CHANGELOG_20101_R27.md: OK
./docs/06_HISTORY/CHANGELOGS/CHANGELOG_20101_R31.md: OK
./docs/06_HISTORY/CHANGELOGS/CHANGELOG_20101_R32.md: OK
./docs/06_HISTORY/CHANGELOGS/CHANGELOG_20101_R33.md: OK
./docs/06_HISTORY/CHANGELOGS/CHANGELOG_20101_R33_1.md: OK
./docs/06_HISTORY/CHANGELOGS/CHANGELOG_20101_R34.md: OK
./docs/06_HISTORY/CHANGELOGS/CHANGELOG_20101_R35.md: OK
./docs/06_HISTORY/CHANGELOGS/CHANGELOG_20101_R36.md: OK
./docs/06_HISTORY/CHANGELOGS/CHANGELOG_20101_R37.md: OK
./docs/06_HISTORY/CHANGELOGS/CHANGELOG_20101_R38.md: OK
./docs/06_HISTORY/CHANGELOGS/CHANGELOG_20101_R39.md: OK
./docs/06_HISTORY/CHANGELOGS/CHANGELOG_20101_R40.md: OK
./docs/06_HISTORY/CHANGELOGS/CHANGELOG_20101_R42.md: OK
./docs/06_HISTORY/CHANGELOGS/CHANGELOG_20101_R43.md: OK
./docs/06_HISTORY/CHANGELOGS/CHANGELOG_20101_R44.md: OK
./docs/06_HISTORY/CHANGELOGS/CHANGELOG_20101_R45.md: OK
./docs/06_HISTORY/CHANGELOGS/CHANGELOG_20101_R46.md: OK
./docs/06_HISTORY/CHANGELOGS/CHANGELOG_20101_R47.md: OK
./docs/06_HISTORY/CHANGELOGS/CHANGELOG_20101_R48.md: OK
./docs/06_HISTORY/CHANGELOGS/CHANGELOG_20101_R49.md: OK
./docs/06_HISTORY/CHANGELOGS/CHANGELOG_20101_R50.md: OK
./docs/06_HISTORY/CHANGELOGS/CHANGELOG_20101_R51.md: OK
./docs/06_HISTORY/CHANGELOGS/CHANGELOG_20101_R52.md: OK
./docs/06_HISTORY/CHANGELOGS/CHANGELOG_20101_R52_2.md: OK
./docs/06_HISTORY/CHANGELOGS/CHANGELOG_20101_R53.md: OK
./docs/06_HISTORY/CHANGELOGS/CHANGELOG_20101_R7.md: OK
./docs/06_HISTORY/CHANGELOGS/CHANGELOG_20101_R8.md: OK
./docs/06_HISTORY/CHANGELOGS/CHANGELOG_20101_R9.md: OK
./docs/06_HISTORY/CHANGELOGS/CHANGELOG_20104_R54.md: OK
./docs/06_HISTORY/CHANGELOGS/CHANGELOG_20106_R56.md: OK
./docs/06_HISTORY/CHANGELOGS/CHANGELOG_20107_R57.md: OK
./docs/06_HISTORY/CHANGELOGS/CHANGELOG_20108_R58.md: OK
./docs/06_HISTORY/CHANGELOGS/CHANGELOG_20109_R59.md: OK
./docs/06_HISTORY/CHANGELOGS/CHANGELOG_20110_R60.md: OK
./docs/06_HISTORY/CHANGELOGS/CHANGELOG_20128_R77.md: OK
./docs/06_HISTORY/CHANGELOGS/CHANGELOG_R60_EVENTS_NAVIGATION_FLOW.md: OK
./docs/06_HISTORY/CHANGELOGS/CHANGELOG_R60_FRONTEND_UI_STABILIZATION.md: OK
./docs/06_HISTORY/CHANGELOGS/CHANGELOG_R60_MOBILE_NAV_EVENTS_MEDIA_HERO.md: OK
./docs/06_HISTORY/CHANGELOGS/CHANGELOG_R62_4.md: OK
./docs/06_HISTORY/CHANGELOGS/CHANGELOG_R62_5.md: OK
./docs/06_HISTORY/CHANGELOGS/CHANGELOG_R62_5_1_SUPABASE_PILOT_QA.md: OK
./docs/06_HISTORY/CHANGELOGS/CHANGELOG_R62_5_2.md: OK
./docs/06_HISTORY/CHANGELOGS/CHANGELOG_R62_5_3.md: OK
./docs/06_HISTORY/CHANGELOGS/CHANGELOG_R62_6.md: OK
./docs/06_HISTORY/CHANGELOGS/CHANGELOG_R62_7.md: OK
./docs/06_HISTORY/CHANGELOGS/CHANGELOG_RC13_BUILD_20027.md: OK
./docs/06_HISTORY/CHANGELOGS/CHANGELOG_RC13_BUILD_20028.md: OK
./docs/06_HISTORY/CHANGELOGS/CHANGELOG_RC13_BUILD_20029.md: OK
./docs/06_HISTORY/CHANGELOGS/CHANGELOG_RC13_BUILD_20030.md: OK
./docs/06_HISTORY/CHANGELOGS/CHANGELOG_RC13_BUILD_20031.md: OK
./docs/06_HISTORY/CHANGELOGS/CHANGELOG_RC13_BUILD_20032.md: OK
./docs/06_HISTORY/CHANGELOGS/CHANGELOG_RC13_BUILD_20033.md: OK
./docs/06_HISTORY/CHANGELOGS/CHANGELOG_RC13_BUILD_20034.md: OK
./docs/06_HISTORY/CHANGELOGS/CHANGELOG_RC13_BUILD_20035.md: OK
./docs/06_HISTORY/CHANGELOGS/CHANGELOG_RC13_BUILD_20036.md: OK
./docs/06_HISTORY/CHANGELOGS/CHANGELOG_RC13_BUILD_20037.md: OK
./docs/06_HISTORY/CHANGELOGS/CHANGELOG_RC13_BUILD_20038.md: OK
./docs/06_HISTORY/CHANGELOGS/CHANGELOG_RC13_BUILD_20039.md: OK
./docs/06_HISTORY/CHANGELOGS/CHANGELOG_RC13_BUILD_20041.md: OK
./docs/06_HISTORY/CHANGELOGS/CHANGELOG_RC13_BUILD_20042.md: OK
./docs/06_HISTORY/CHANGELOGS/CHANGELOG_RC13_BUILD_20043.md: OK
./docs/06_HISTORY/CHANGELOGS/CHANGELOG_RC13_BUILD_20044.md: OK
./docs/06_HISTORY/CHANGELOGS/CHANGELOG_RC13_BUILD_20045.md: OK
./docs/06_HISTORY/CHANGELOGS/CHANGELOG_RC13_BUILD_20047.md: OK
./docs/06_HISTORY/CHANGELOGS/CHANGELOG_RC13_BUILD_20048.md: OK
./docs/06_HISTORY/CHANGELOGS/CHANGELOG_RC13_BUILD_20049.md: OK
./docs/06_HISTORY/CHANGELOGS/CHANGELOG_RC13_BUILD_20050.md: OK
./docs/06_HISTORY/CHANGELOGS/CHANGELOG_RC13_BUILD_20059.md: OK
./docs/06_HISTORY/CHANGELOGS/CHANGELOG_RC13_BUILD_20062.md: OK
./docs/06_HISTORY/CHANGELOGS/CHANGELOG_RC13_BUILD_20063.md: OK
./docs/06_HISTORY/CHANGELOGS/CHANGELOG_RC13_BUILD_20064.md: OK
./docs/06_HISTORY/CHANGELOGS/CHANGELOG_RC13_BUILD_20065.md: OK
./docs/06_HISTORY/CHANGELOGS/CHANGELOG_RC13_BUILD_20066.md: OK
./docs/06_HISTORY/CHANGELOGS/CHANGELOG_RC13_BUILD_20069.md: OK
./docs/06_HISTORY/CHANGELOGS/CHANGELOG_RC13_BUILD_20070.md: OK
./docs/06_HISTORY/CHANGELOGS/CHANGELOG_RC13_BUILD_20071.md: OK
./docs/06_HISTORY/CHANGELOGS/CHANGELOG_RC13_BUILD_20072.md: OK
./docs/06_HISTORY/CHANGELOGS/CHANGELOG_RC13_BUILD_20073.md: OK
./docs/06_HISTORY/CHANGELOGS/CHANGELOG_RC13_BUILD_20074.md: OK
./docs/06_HISTORY/CHANGELOGS/CHANGELOG_RC13_BUILD_20075.md: OK
./docs/06_HISTORY/CHANGELOGS/CHANGELOG_RC13_BUILD_20076.md: OK
./docs/06_HISTORY/CHANGELOGS/CHANGELOG_RC13_BUILD_20077.md: OK
./docs/06_HISTORY/CHANGELOGS/CHANGELOG_RC13_BUILD_20090.md: OK
./docs/06_HISTORY/CHANGELOGS/CHANGELOG_RC13_BUILD_20091.md: OK
./docs/06_HISTORY/CHANGELOGS/CHANGELOG_RC13_BUILD_20092.md: OK
./docs/06_HISTORY/CHANGELOGS/CHANGELOG_RC13_BUILD_20093.md: OK
./docs/06_HISTORY/CHANGELOGS/CHANGELOG_RC13_BUILD_20094.md: OK
./docs/06_HISTORY/CHANGELOGS/CHANGELOG_RC13_BUILD_20095.md: OK
./docs/06_HISTORY/CHANGELOGS/CHANGELOG_RC13_BUILD_20096.md: OK
./docs/06_HISTORY/CHANGELOGS/CHANGELOG_RC13_BUILD_20097.md: OK
./docs/06_HISTORY/CHANGELOGS/CHANGELOG_RC13_BUILD_20098.md: OK
./docs/06_HISTORY/CHANGELOGS/CHANGELOG_RC13_BUILD_20099.md: OK
./docs/06_HISTORY/CHANGELOGS/CHANGELOG_RC13_BUILD_20101.md: OK
./docs/06_HISTORY/CHANGELOGS/PATCH_NOTES_20101_R2.md: OK
./docs/06_HISTORY/CHANGELOGS/PATCH_NOTES_20101_R3.md: OK
./docs/06_HISTORY/CHANGELOGS/PATCH_NOTES_20101_R6.md: OK
./docs/06_HISTORY/EVIDENCE/DOCUMENTACION_R43/00_INICIO/INDICE_DOCUMENTACION_R43.md: OK
./docs/06_HISTORY/EVIDENCE/DOCUMENTACION_R43/00_INICIO/LEEME_PRIMERO_R43.md: OK
./docs/06_HISTORY/EVIDENCE/DOCUMENTACION_R43/00_INICIO/MANIFEST_SHA256_R43.txt: OK
./docs/06_HISTORY/EVIDENCE/DOCUMENTACION_R43/01_CAMBIO_R43/AUDIT_ORG_ASSIST_PRIORITY_20101_R43.md: OK
./docs/06_HISTORY/EVIDENCE/DOCUMENTACION_R43/01_CAMBIO_R43/CHANGELOG_20101_R43.md: OK
./docs/06_HISTORY/EVIDENCE/DOCUMENTACION_R43/01_CAMBIO_R43/FREEZE_MANIFEST_20101_R43.json: OK
./docs/06_HISTORY/EVIDENCE/DOCUMENTACION_R43/01_CAMBIO_R43/PLAN_IMPLEMENTACION_R43.md: OK
./docs/06_HISTORY/EVIDENCE/DOCUMENTACION_R43/02_QA_WORK/QA_HANDOFF_20101_R43.md: OK
./docs/06_HISTORY/EVIDENCE/DOCUMENTACION_R43/03_BACKEND_SUPABASE/235_kombax_org_assist_priority_r43.sql: OK
./docs/06_HISTORY/EVIDENCE/DOCUMENTACION_R43/03_BACKEND_SUPABASE/ESTADO_EVIDENCIA_VIVA_R43.txt: OK
./docs/06_HISTORY/EVIDENCE/DOCUMENTACION_R43/03_BACKEND_SUPABASE/LIVE_SUPABASE_VERIFICATION_20101_R43.md: OK
./docs/06_HISTORY/EVIDENCE/DOCUMENTACION_R43/04_CIBERSEGURIDAD/CYBERSECURITY_HANDOFF_20101_R43.md: OK
./docs/06_HISTORY/EVIDENCE/DOCUMENTACION_R43/05_BUILD_ANDROID/android_preflight_r43.log: OK
./docs/06_HISTORY/EVIDENCE/DOCUMENTACION_R43/06_EVIDENCIAS_TESTS/PACKAGE_SMOKE_20101_R43.txt: OK
./docs/06_HISTORY/EVIDENCE/DOCUMENTACION_R43/06_EVIDENCIAS_TESTS/android_preflight_r43.log: OK
./docs/06_HISTORY/EVIDENCE/DOCUMENTACION_R43/06_EVIDENCIAS_TESTS/build_r43.log: OK
./docs/06_HISTORY/EVIDENCE/DOCUMENTACION_R43/06_EVIDENCIAS_TESTS/npm_test_full.log: OK
./docs/06_HISTORY/EVIDENCE/DOCUMENTACION_R43/06_EVIDENCIAS_TESTS/runtime_parity_r43.log: OK
./docs/06_HISTORY/EVIDENCE/DOCUMENTACION_R43/06_EVIDENCIAS_TESTS/secrets_scan_r43.log: OK
./docs/06_HISTORY/EVIDENCE/DOCUMENTACION_R43/06_EVIDENCIAS_TESTS/test_r42_freeze_regression.log: OK
./docs/06_HISTORY/EVIDENCE/DOCUMENTACION_R43/06_EVIDENCIAS_TESTS/test_r43_focused.log: OK
./docs/06_HISTORY/EVIDENCE/DOCUMENTACION_R44/00_INICIO/CHANGELOG_20101_R44.md: OK
./docs/06_HISTORY/EVIDENCE/DOCUMENTACION_R44/00_INICIO/FREEZE_MANIFEST_20101_R44.json: OK
./docs/06_HISTORY/EVIDENCE/DOCUMENTACION_R44/00_INICIO/PLAN_IMPLEMENTACION_R44.md: OK
./docs/06_HISTORY/EVIDENCE/DOCUMENTACION_R44/01_AUDITORIA_EVENTS/AUDIT_EVENTS_FLOW_20101_R44.md: OK
./docs/06_HISTORY/EVIDENCE/DOCUMENTACION_R44/02_QA_WORK/QA_HANDOFF_20101_R44.md: OK
./docs/06_HISTORY/EVIDENCE/DOCUMENTACION_R44/03_BACKEND_SUPABASE/BACKEND_IMMUTABILITY_R43_TO_R44.json: OK
./docs/06_HISTORY/EVIDENCE/DOCUMENTACION_R44/03_BACKEND_SUPABASE/LIVE_SUPABASE_EVENTS_AUDIT_20101_R44.md: OK
./docs/06_HISTORY/EVIDENCE/DOCUMENTACION_R44/04_BUILD_ANDROID/ANDROID_PREFLIGHT_20101_R44.txt: OK
./docs/06_HISTORY/EVIDENCE/DOCUMENTACION_R44/05_EVIDENCIAS/ARTIFACT_HASHES_20101_R44.sha256: OK
./docs/06_HISTORY/EVIDENCE/DOCUMENTACION_R44/05_EVIDENCIAS/BUILD_LOG_20101_R44.txt: OK
./docs/06_HISTORY/EVIDENCE/DOCUMENTACION_R44/05_EVIDENCIAS/FULL_TEST_LOG_20101_R44.txt: OK
./docs/06_HISTORY/EVIDENCE/DOCUMENTACION_R44/05_EVIDENCIAS/PACKAGE_SMOKE_20101_R44.txt: OK
./docs/06_HISTORY/EVIDENCE/DOCUMENTACION_R44/05_EVIDENCIAS/PARITY_20101_R44.json: OK
./docs/06_HISTORY/EVIDENCE/DOCUMENTACION_R44/05_EVIDENCIAS/SECRET_PATH_AUDIT_20101_R44.json: OK
./docs/06_HISTORY/EVIDENCE/DOCUMENTACION_R44/06_CONTINUIDAD/CHANGELOG_20101_R43.md: OK
./docs/06_HISTORY/EVIDENCE/DOCUMENTACION_R44/06_CONTINUIDAD/PLAN_IMPLEMENTACION_R43.md: OK
./docs/06_HISTORY/EVIDENCE/DOCUMENTACION_R46/00_INICIO/LEEME_PRIMERO_R46.md: OK
./docs/06_HISTORY/EVIDENCE/DOCUMENTACION_R46/01_CAMBIO_R46/AUDIT_SOCIAL_FEED_20101_R46.md: OK
./docs/06_HISTORY/EVIDENCE/DOCUMENTACION_R46/01_CAMBIO_R46/CHANGELOG_20101_R46.md: OK
./docs/06_HISTORY/EVIDENCE/DOCUMENTACION_R46/01_CAMBIO_R46/PLAN_IMPLEMENTACION_R46.md: OK
./docs/06_HISTORY/EVIDENCE/DOCUMENTACION_R46/02_QA/QA_HANDOFF_20101_R46.md: OK
./docs/06_HISTORY/EVIDENCE/DOCUMENTACION_R46/03_BACKEND/236_kombax_social_feed_relevance_r46.sql: OK
./docs/06_HISTORY/EVIDENCE/DOCUMENTACION_R46/04_BUILD/android_preflight.log: OK
./docs/06_HISTORY/EVIDENCE/DOCUMENTACION_R46/04_BUILD/build.log: OK
./docs/06_HISTORY/EVIDENCE/DOCUMENTACION_R46/04_BUILD/npm_test.log: OK
./docs/06_HISTORY/EVIDENCE/DOCUMENTACION_R47/00_INICIO/INDICE_DOCUMENTACION_R47.md: OK
./docs/06_HISTORY/EVIDENCE/DOCUMENTACION_R47/00_INICIO/LEEME_PRIMERO_R47.md: OK
./docs/06_HISTORY/EVIDENCE/DOCUMENTACION_R47/00_INICIO/MANIFEST_SHA256_R47.txt: OK
./docs/06_HISTORY/EVIDENCE/DOCUMENTACION_R47/01_CAMBIO_R47/AUDIT_SOCIAL_VISIBILITY_MEDIA_FLOW_20101_R47.md: OK
./docs/06_HISTORY/EVIDENCE/DOCUMENTACION_R47/01_CAMBIO_R47/CHANGELOG_20101_R47.md: OK
./docs/06_HISTORY/EVIDENCE/DOCUMENTACION_R47/01_CAMBIO_R47/FREEZE_MANIFEST_20101_R47.json: OK
./docs/06_HISTORY/EVIDENCE/DOCUMENTACION_R47/01_CAMBIO_R47/PLAN_IMPLEMENTACION_R47.md: OK
./docs/06_HISTORY/EVIDENCE/DOCUMENTACION_R47/02_QA_WORK/QA_HANDOFF_20101_R47.md: OK
./docs/06_HISTORY/EVIDENCE/DOCUMENTACION_R47/03_BACKEND_SUPABASE/237_kombax_social_visibility_core_r47.sql: OK
./docs/06_HISTORY/EVIDENCE/DOCUMENTACION_R47/03_BACKEND_SUPABASE/238_kombax_social_feed_preferences_r47.sql: OK
./docs/06_HISTORY/EVIDENCE/DOCUMENTACION_R47/03_BACKEND_SUPABASE/239_kombax_social_mutation_visibility_r47.sql: OK
./docs/06_HISTORY/EVIDENCE/DOCUMENTACION_R47/03_BACKEND_SUPABASE/LIVE_SUPABASE_SOCIAL_R47.md: OK
./docs/06_HISTORY/EVIDENCE/DOCUMENTACION_R47/04_CIBERSEGURIDAD/CYBERSECURITY_HANDOFF_20101_R47.md: OK
./docs/06_HISTORY/EVIDENCE/DOCUMENTACION_R47/05_BUILD_ANDROID/android_preflight.log: OK
./docs/06_HISTORY/EVIDENCE/DOCUMENTACION_R47/05_BUILD_ANDROID/android_preflight_final.log: OK
./docs/06_HISTORY/EVIDENCE/DOCUMENTACION_R47/06_EVIDENCIAS_TESTS/PACKAGE_SMOKE_20101_R47.txt: OK
./docs/06_HISTORY/EVIDENCE/DOCUMENTACION_R47/06_EVIDENCIAS_TESTS/SUPABASE_ADVISOR_STATUS_R47_FINAL.txt: OK
./docs/06_HISTORY/EVIDENCE/DOCUMENTACION_R47/06_EVIDENCIAS_TESTS/SUPABASE_LIVE_FINAL_R47.txt: OK
./docs/06_HISTORY/EVIDENCE/DOCUMENTACION_R47/06_EVIDENCIAS_TESTS/android_preflight_final.log: OK
./docs/06_HISTORY/EVIDENCE/DOCUMENTACION_R47/06_EVIDENCIAS_TESTS/build_final.log: OK
./docs/06_HISTORY/EVIDENCE/DOCUMENTACION_R47/06_EVIDENCIAS_TESTS/npm_test_exit.txt: OK
./docs/06_HISTORY/EVIDENCE/DOCUMENTACION_R47/06_EVIDENCIAS_TESTS/npm_test_full_final.log: OK
./docs/06_HISTORY/EVIDENCE/DOCUMENTACION_R47/06_EVIDENCIAS_TESTS/r40_regression_final.log: OK
./docs/06_HISTORY/EVIDENCE/DOCUMENTACION_R47/06_EVIDENCIAS_TESTS/r44_regression_final.log: OK
./docs/06_HISTORY/EVIDENCE/DOCUMENTACION_R47/06_EVIDENCIAS_TESTS/r45_regression_final.log: OK
./docs/06_HISTORY/EVIDENCE/DOCUMENTACION_R47/06_EVIDENCIAS_TESTS/r46_regression_final.log: OK
./docs/06_HISTORY/EVIDENCE/DOCUMENTACION_R47/06_EVIDENCIAS_TESTS/r47_focused_final.log: OK
./docs/06_HISTORY/EVIDENCE/DOCUMENTACION_R47/06_EVIDENCIAS_TESTS/runtime_parity_final.log: OK
./docs/06_HISTORY/EVIDENCE/DOCUMENTACION_R47/06_EVIDENCIAS_TESTS/secret_scan_final.log: OK
./docs/06_HISTORY/EVIDENCE/DOCUMENTACION_R47/07_CONTINUIDAD/CHANGELOG_20101_R44.md: OK
./docs/06_HISTORY/EVIDENCE/DOCUMENTACION_R47/07_CONTINUIDAD/CHANGELOG_20101_R45.md: OK
./docs/06_HISTORY/EVIDENCE/DOCUMENTACION_R47/07_CONTINUIDAD/CHANGELOG_20101_R46.md: OK
./docs/06_HISTORY/EVIDENCE/DOCUMENTACION_R47/07_CONTINUIDAD/QA_HANDOFF_20101_R44.md: OK
./docs/06_HISTORY/EVIDENCE/DOCUMENTACION_R48/00_INICIO/INDICE_DOCUMENTACION_R48.md: OK
./docs/06_HISTORY/EVIDENCE/DOCUMENTACION_R48/00_INICIO/LEEME_PRIMERO_R48.md: OK
./docs/06_HISTORY/EVIDENCE/DOCUMENTACION_R48/00_INICIO/MANIFEST_SHA256_R48.txt: OK
./docs/06_HISTORY/EVIDENCE/DOCUMENTACION_R48/01_CAMBIO_R48/AUDIT_EVENTS_PREMIUM_20101_R48.md: OK
./docs/06_HISTORY/EVIDENCE/DOCUMENTACION_R48/01_CAMBIO_R48/CHANGELOG_20101_R48.md: OK
./docs/06_HISTORY/EVIDENCE/DOCUMENTACION_R48/01_CAMBIO_R48/DIFF_R47_R48.txt: OK
./docs/06_HISTORY/EVIDENCE/DOCUMENTACION_R48/01_CAMBIO_R48/FREEZE_MANIFEST_20101_R48.json: OK
./docs/06_HISTORY/EVIDENCE/DOCUMENTACION_R48/01_CAMBIO_R48/PLAN_IMPLEMENTACION_R48.md: OK
./docs/06_HISTORY/EVIDENCE/DOCUMENTACION_R48/02_QA/QA_HANDOFF_20101_R48.md: OK
./docs/06_HISTORY/EVIDENCE/DOCUMENTACION_R48/03_BACKEND_SUPABASE/LIVE_SUPABASE_EVENTS_R48.md: OK
./docs/06_HISTORY/EVIDENCE/DOCUMENTACION_R48/03_BACKEND_SUPABASE/SUPABASE_ADVISORS_20101_R48.md: OK
./docs/06_HISTORY/EVIDENCE/DOCUMENTACION_R48/04_CIBERSEGURIDAD/CYBERSECURITY_HANDOFF_20101_R48.md: OK
./docs/06_HISTORY/EVIDENCE/DOCUMENTACION_R48/05_BUILD_ANDROID/ANDROID_PREFLIGHT_20101_R48.log: OK
./docs/06_HISTORY/EVIDENCE/DOCUMENTACION_R48/06_EVIDENCIAS_TESTS/FINAL_PACKAGE_VERIFICATION_20101_R48.txt: OK
./docs/06_HISTORY/EVIDENCE/DOCUMENTACION_R48/06_EVIDENCIAS_TESTS/PACKAGE_SMOKE_20101_R48.txt: OK
./docs/06_HISTORY/EVIDENCE/DOCUMENTACION_R48/06_EVIDENCIAS_TESTS/R48_ANDROID_PREFLIGHT_FINAL.log: OK
./docs/06_HISTORY/EVIDENCE/DOCUMENTACION_R48/06_EVIDENCIAS_TESTS/R48_BUILD_FINAL.log: OK
./docs/06_HISTORY/EVIDENCE/DOCUMENTACION_R48/06_EVIDENCIAS_TESTS/R48_FINAL_CANDIDATE_ANDROID.log: OK
./docs/06_HISTORY/EVIDENCE/DOCUMENTACION_R48/06_EVIDENCIAS_TESTS/R48_FINAL_CANDIDATE_PARITY.log: OK
./docs/06_HISTORY/EVIDENCE/DOCUMENTACION_R48/06_EVIDENCIAS_TESTS/R48_FINAL_CANDIDATE_R44.log: OK
./docs/06_HISTORY/EVIDENCE/DOCUMENTACION_R48/06_EVIDENCIAS_TESTS/R48_FINAL_CANDIDATE_R47.log: OK
./docs/06_HISTORY/EVIDENCE/DOCUMENTACION_R48/06_EVIDENCIAS_TESTS/R48_FINAL_CANDIDATE_R48.log: OK
./docs/06_HISTORY/EVIDENCE/DOCUMENTACION_R48/06_EVIDENCIAS_TESTS/R48_FOCUSED_FINAL.log: OK
./docs/06_HISTORY/EVIDENCE/DOCUMENTACION_R48/06_EVIDENCIAS_TESTS/R48_FULL_NPM_TEST.log: OK
./docs/06_HISTORY/EVIDENCE/DOCUMENTACION_R48/06_EVIDENCIAS_TESTS/R48_PACKAGE_SMOKE_ANDROID_PREFLIGHT.log: OK
./docs/06_HISTORY/EVIDENCE/DOCUMENTACION_R48/06_EVIDENCIAS_TESTS/R48_PACKAGE_SMOKE_BUILD.log: OK
./docs/06_HISTORY/EVIDENCE/DOCUMENTACION_R48/06_EVIDENCIAS_TESTS/R48_PACKAGE_SMOKE_FULL_NPM_TEST.log: OK
./docs/06_HISTORY/EVIDENCE/DOCUMENTACION_R48/06_EVIDENCIAS_TESTS/R48_PACKAGE_SMOKE_PARITY.log: OK
./docs/06_HISTORY/EVIDENCE/DOCUMENTACION_R48/06_EVIDENCIAS_TESTS/R48_PACKAGE_SMOKE_TARGETED.log: OK
./docs/06_HISTORY/EVIDENCE/DOCUMENTACION_R48/06_EVIDENCIAS_TESTS/R48_PARITY_FINAL.log: OK
./docs/06_HISTORY/EVIDENCE/DOCUMENTACION_R48/06_EVIDENCIAS_TESTS/R48_SECRET_SCAN_FINAL.log: OK
./docs/06_HISTORY/EVIDENCE/DOCUMENTACION_R48/07_CONTINUIDAD/CONTINUIDAD_R48.md: OK
./docs/06_HISTORY/EVIDENCE/DOCUMENTACION_R49/00_INICIO/AUDIT_SOCIAL_EVENTS_20101_R49.md: OK
./docs/06_HISTORY/EVIDENCE/DOCUMENTACION_R49/01_CAMBIO_R49/CHANGELOG_20101_R49.md: OK
./docs/06_HISTORY/EVIDENCE/DOCUMENTACION_R49/02_QA/QA_HANDOFF_20101_R49.md: OK
./docs/06_HISTORY/EVIDENCE/DOCUMENTACION_R49/03_BACKEND_SUPABASE/LIVE_SUPABASE_R49.md: OK
./docs/06_HISTORY/EVIDENCE/DOCUMENTACION_R49/04_CIBERSEGURIDAD/CYBERSECURITY_HANDOFF_20101_R49.md: OK
./docs/06_HISTORY/EVIDENCE/DOCUMENTACION_R49/04_CIBERSEGURIDAD/R49_SECRET_SCAN.log: OK
./docs/06_HISTORY/EVIDENCE/DOCUMENTACION_R49/05_BUILD_ANDROID/BUILD_ANDROID_R49.md: OK
./docs/06_HISTORY/EVIDENCE/DOCUMENTACION_R49/05_BUILD_ANDROID/R49_ANDROID_PREFLIGHT.log: OK
./docs/06_HISTORY/EVIDENCE/DOCUMENTACION_R49/06_EVIDENCIAS_TESTS/R49_BUILD.log: OK
./docs/06_HISTORY/EVIDENCE/DOCUMENTACION_R49/06_EVIDENCIAS_TESTS/R49_FULL_NPM_TEST.log: OK
./docs/06_HISTORY/EVIDENCE/DOCUMENTACION_R49/06_EVIDENCIAS_TESTS/R49_PARITY.log: OK
./docs/06_HISTORY/EVIDENCE/DOCUMENTACION_R49/06_EVIDENCIAS_TESTS/R49_REGRESSION_R40.log: OK
./docs/06_HISTORY/EVIDENCE/DOCUMENTACION_R49/06_EVIDENCIAS_TESTS/R49_REGRESSION_R44.log: OK
./docs/06_HISTORY/EVIDENCE/DOCUMENTACION_R49/06_EVIDENCIAS_TESTS/R49_REGRESSION_R47.log: OK
./docs/06_HISTORY/EVIDENCE/DOCUMENTACION_R49/06_EVIDENCIAS_TESTS/R49_REGRESSION_R48.log: OK
./docs/06_HISTORY/EVIDENCE/DOCUMENTACION_R49/06_EVIDENCIAS_TESTS/R49_TARGETED.log: OK
./docs/06_HISTORY/EVIDENCE/DOCUMENTACION_R49/07_CONTINUIDAD/CONTINUIDAD_R49.md: OK
./docs/06_HISTORY/EVIDENCE/DOCUMENTACION_R50/00_INICIO/FREEZE_MANIFEST_20101_R50.json: OK
./docs/06_HISTORY/EVIDENCE/DOCUMENTACION_R50/00_INICIO/INDICE_DOCUMENTACION_R50.md: OK
./docs/06_HISTORY/EVIDENCE/DOCUMENTACION_R50/00_INICIO/LEEME_PRIMERO_R50.md: OK
./docs/06_HISTORY/EVIDENCE/DOCUMENTACION_R50/00_INICIO/MANIFEST_SHA256_R50.txt: OK
./docs/06_HISTORY/EVIDENCE/DOCUMENTACION_R50/01_CAMBIO_R50/AUDIT_20101_R50.md: OK
./docs/06_HISTORY/EVIDENCE/DOCUMENTACION_R50/01_CAMBIO_R50/CHANGELOG_20101_R50.md: OK
./docs/06_HISTORY/EVIDENCE/DOCUMENTACION_R50/01_CAMBIO_R50/PLAN_IMPLEMENTACION_R50.md: OK
./docs/06_HISTORY/EVIDENCE/DOCUMENTACION_R50/02_QA_WORK/QA_HANDOFF_20101_R50.md: OK
./docs/06_HISTORY/EVIDENCE/DOCUMENTACION_R50/03_BACKEND_SUPABASE/241_kombax_social_hd60_media_r50.sql: OK
./docs/06_HISTORY/EVIDENCE/DOCUMENTACION_R50/03_BACKEND_SUPABASE/242_kombax_social_identity_album_hd60_r50.sql: OK
./docs/06_HISTORY/EVIDENCE/DOCUMENTACION_R50/03_BACKEND_SUPABASE/243_kombax_social_hd_guard_search_path_r50.sql: OK
./docs/06_HISTORY/EVIDENCE/DOCUMENTACION_R50/03_BACKEND_SUPABASE/244_kombax_social_hd_guard_orientation_r50.sql: OK
./docs/06_HISTORY/EVIDENCE/DOCUMENTACION_R50/03_BACKEND_SUPABASE/LIVE_SUPABASE_R50.md: OK
./docs/06_HISTORY/EVIDENCE/DOCUMENTACION_R50/04_CIBERSEGURIDAD/CYBERSECURITY_HANDOFF_20101_R50.md: OK
./docs/06_HISTORY/EVIDENCE/DOCUMENTACION_R50/05_BUILD_ANDROID/android_preflight_final.log: OK
./docs/06_HISTORY/EVIDENCE/DOCUMENTACION_R50/05_BUILD_ANDROID/android_preflight_final2.log: OK
./docs/06_HISTORY/EVIDENCE/DOCUMENTACION_R50/06_EVIDENCIAS_TESTS/PACKAGE_SMOKE_20101_R50.txt: OK
./docs/06_HISTORY/EVIDENCE/DOCUMENTACION_R50/06_EVIDENCIAS_TESTS/android_preflight_final.log: OK
./docs/06_HISTORY/EVIDENCE/DOCUMENTACION_R50/06_EVIDENCIAS_TESTS/android_preflight_final2.log: OK
./docs/06_HISTORY/EVIDENCE/DOCUMENTACION_R50/06_EVIDENCIAS_TESTS/build_final.log: OK
./docs/06_HISTORY/EVIDENCE/DOCUMENTACION_R50/06_EVIDENCIAS_TESTS/build_final2.log: OK
./docs/06_HISTORY/EVIDENCE/DOCUMENTACION_R50/06_EVIDENCIAS_TESTS/naming_audit_final.log: OK
./docs/06_HISTORY/EVIDENCE/DOCUMENTACION_R50/06_EVIDENCIAS_TESTS/npm_test_full_final.log: OK
./docs/06_HISTORY/EVIDENCE/DOCUMENTACION_R50/06_EVIDENCIAS_TESTS/npm_test_full_final2.log: OK
./docs/06_HISTORY/EVIDENCE/DOCUMENTACION_R50/06_EVIDENCIAS_TESTS/package_candidate_build.log: OK
./docs/06_HISTORY/EVIDENCE/DOCUMENTACION_R50/06_EVIDENCIAS_TESTS/package_candidate_naming.log: OK
./docs/06_HISTORY/EVIDENCE/DOCUMENTACION_R50/06_EVIDENCIAS_TESTS/package_candidate_npm_test.log: OK
./docs/06_HISTORY/EVIDENCE/DOCUMENTACION_R50/06_EVIDENCIAS_TESTS/package_candidate_parity.log: OK
./docs/06_HISTORY/EVIDENCE/DOCUMENTACION_R50/06_EVIDENCIAS_TESTS/package_candidate_r50_focused.log: OK
./docs/06_HISTORY/EVIDENCE/DOCUMENTACION_R50/06_EVIDENCIAS_TESTS/r44_regression_final.log: OK
./docs/06_HISTORY/EVIDENCE/DOCUMENTACION_R50/06_EVIDENCIAS_TESTS/r47_regression_final.log: OK
./docs/06_HISTORY/EVIDENCE/DOCUMENTACION_R50/06_EVIDENCIAS_TESTS/r48_regression_final.log: OK
./docs/06_HISTORY/EVIDENCE/DOCUMENTACION_R50/06_EVIDENCIAS_TESTS/r49_regression_final.log: OK
./docs/06_HISTORY/EVIDENCE/DOCUMENTACION_R50/06_EVIDENCIAS_TESTS/r50_focused_final.log: OK
./docs/06_HISTORY/EVIDENCE/DOCUMENTACION_R50/06_EVIDENCIAS_TESTS/r50_focused_final2.log: OK
./docs/06_HISTORY/EVIDENCE/DOCUMENTACION_R50/06_EVIDENCIAS_TESTS/runtime_parity_final.log: OK
./docs/06_HISTORY/EVIDENCE/DOCUMENTACION_R50/06_EVIDENCIAS_TESTS/runtime_parity_final2.log: OK
./docs/06_HISTORY/EVIDENCE/DOCUMENTACION_R50/06_EVIDENCIAS_TESTS/secret_scan_final.log: OK
./docs/06_HISTORY/EVIDENCE/DOCUMENTACION_R50/07_CONTINUIDAD/CONTINUIDAD_R50.md: OK
./docs/06_HISTORY/EVIDENCE/PILOT_FINAL_EVIDENCE/android-preflight-final.exitcode: OK
./docs/06_HISTORY/EVIDENCE/PILOT_FINAL_EVIDENCE/android-preflight-final.log: OK
./docs/06_HISTORY/EVIDENCE/PILOT_FINAL_EVIDENCE/build-final.exitcode: OK
./docs/06_HISTORY/EVIDENCE/PILOT_FINAL_EVIDENCE/build-final.log: OK
./docs/06_HISTORY/EVIDENCE/PILOT_FINAL_EVIDENCE/legal-gate-final.exitcode: OK
./docs/06_HISTORY/EVIDENCE/PILOT_FINAL_EVIDENCE/legal-gate-final.log: OK
./docs/06_HISTORY/EVIDENCE/PILOT_FINAL_EVIDENCE/npm-test-final.exitcode: OK
./docs/06_HISTORY/EVIDENCE/PILOT_FINAL_EVIDENCE/npm-test-final.log: OK
./docs/06_HISTORY/EVIDENCE/PILOT_FINAL_EVIDENCE/pilot-final-targeted.exitcode: OK
./docs/06_HISTORY/EVIDENCE/PILOT_FINAL_EVIDENCE/pilot-final-targeted.log: OK
./docs/06_HISTORY/EVIDENCE/QA_EVIDENCE_R22/android_preflight.log: OK
./docs/06_HISTORY/EVIDENCE/QA_EVIDENCE_R22/npm_build.log: OK
./docs/06_HISTORY/EVIDENCE/QA_EVIDENCE_R22/npm_test_full.log: OK
./docs/06_HISTORY/EVIDENCE/QA_EVIDENCE_R22/test_r22.log: OK
./docs/06_HISTORY/EVIDENCE/QA_EVIDENCE_R22/web_dist_android_parity.json: OK
./docs/06_HISTORY/EVIDENCE/QA_EVIDENCE_R56/android_debug_attempt.exitcode: OK
./docs/06_HISTORY/EVIDENCE/QA_EVIDENCE_R56/android_debug_attempt.log: OK
./docs/06_HISTORY/EVIDENCE/QA_EVIDENCE_R56/android_preflight.exitcode: OK
./docs/06_HISTORY/EVIDENCE/QA_EVIDENCE_R56/android_preflight.log: OK
./docs/06_HISTORY/EVIDENCE/QA_EVIDENCE_R56/android_status.txt: OK
./docs/06_HISTORY/EVIDENCE/QA_EVIDENCE_R56/build.exitcode: OK
./docs/06_HISTORY/EVIDENCE/QA_EVIDENCE_R56/build.log: OK
./docs/06_HISTORY/EVIDENCE/QA_EVIDENCE_R56/google_play_aab_attempt.log: OK
./docs/06_HISTORY/EVIDENCE/QA_EVIDENCE_R56/npm_test_full.exitcode: OK
./docs/06_HISTORY/EVIDENCE/QA_EVIDENCE_R56/npm_test_full.log: OK
./docs/06_HISTORY/EVIDENCE/QA_EVIDENCE_R56/r56_focal.exitcode: OK
./docs/06_HISTORY/EVIDENCE/QA_EVIDENCE_R56/r56_focal.log: OK
./docs/06_HISTORY/EVIDENCE/QA_EVIDENCE_R56/web_dist_android_parity.json: OK
./docs/06_HISTORY/EVIDENCE/R47_FINAL_EVIDENCE/SUPABASE_ADVISOR_STATUS_R47_FINAL.txt: OK
./docs/06_HISTORY/EVIDENCE/R47_FINAL_EVIDENCE/SUPABASE_LIVE_FINAL_R47.txt: OK
./docs/06_HISTORY/EVIDENCE/R47_FINAL_EVIDENCE/android_preflight_final.log: OK
./docs/06_HISTORY/EVIDENCE/R47_FINAL_EVIDENCE/build_final.log: OK
./docs/06_HISTORY/EVIDENCE/R47_FINAL_EVIDENCE/npm_test_exit.txt: OK
./docs/06_HISTORY/EVIDENCE/R47_FINAL_EVIDENCE/npm_test_full_final.log: OK
./docs/06_HISTORY/EVIDENCE/R47_FINAL_EVIDENCE/r40_regression_final.log: OK
./docs/06_HISTORY/EVIDENCE/R47_FINAL_EVIDENCE/r44_regression_final.log: OK
./docs/06_HISTORY/EVIDENCE/R47_FINAL_EVIDENCE/r45_regression_final.log: OK
./docs/06_HISTORY/EVIDENCE/R47_FINAL_EVIDENCE/r46_regression_final.log: OK
./docs/06_HISTORY/EVIDENCE/R47_FINAL_EVIDENCE/r47_focused_final.log: OK
./docs/06_HISTORY/EVIDENCE/R47_FINAL_EVIDENCE/runtime_parity_final.log: OK
./docs/06_HISTORY/EVIDENCE/R47_FINAL_EVIDENCE/secret_scan_final.log: OK
./docs/06_HISTORY/EVIDENCE/R50_FINAL_EVIDENCE/android_preflight_final.log: OK
./docs/06_HISTORY/EVIDENCE/R50_FINAL_EVIDENCE/android_preflight_final2.log: OK
./docs/06_HISTORY/EVIDENCE/R50_FINAL_EVIDENCE/build_final.log: OK
./docs/06_HISTORY/EVIDENCE/R50_FINAL_EVIDENCE/build_final2.log: OK
./docs/06_HISTORY/EVIDENCE/R50_FINAL_EVIDENCE/naming_audit_final.log: OK
./docs/06_HISTORY/EVIDENCE/R50_FINAL_EVIDENCE/npm_test_full_final.log: OK
./docs/06_HISTORY/EVIDENCE/R50_FINAL_EVIDENCE/npm_test_full_final2.log: OK
./docs/06_HISTORY/EVIDENCE/R50_FINAL_EVIDENCE/package_candidate_build.log: OK
./docs/06_HISTORY/EVIDENCE/R50_FINAL_EVIDENCE/package_candidate_naming.log: OK
./docs/06_HISTORY/EVIDENCE/R50_FINAL_EVIDENCE/package_candidate_npm_test.log: OK
./docs/06_HISTORY/EVIDENCE/R50_FINAL_EVIDENCE/package_candidate_parity.log: OK
./docs/06_HISTORY/EVIDENCE/R50_FINAL_EVIDENCE/package_candidate_r50_focused.log: OK
./docs/06_HISTORY/EVIDENCE/R50_FINAL_EVIDENCE/r44_regression_final.log: OK
./docs/06_HISTORY/EVIDENCE/R50_FINAL_EVIDENCE/r47_regression_final.log: OK
./docs/06_HISTORY/EVIDENCE/R50_FINAL_EVIDENCE/r48_regression_final.log: OK
./docs/06_HISTORY/EVIDENCE/R50_FINAL_EVIDENCE/r49_regression_final.log: OK
./docs/06_HISTORY/EVIDENCE/R50_FINAL_EVIDENCE/r50_focused_final.log: OK
./docs/06_HISTORY/EVIDENCE/R50_FINAL_EVIDENCE/r50_focused_final2.log: OK
./docs/06_HISTORY/EVIDENCE/R50_FINAL_EVIDENCE/runtime_parity_final.log: OK
./docs/06_HISTORY/EVIDENCE/R50_FINAL_EVIDENCE/runtime_parity_final2.log: OK
./docs/06_HISTORY/EVIDENCE/R50_FINAL_EVIDENCE/secret_scan_final.log: OK
./docs/06_HISTORY/EVIDENCE/R51_FINAL_EVIDENCE/android_preflight_final.log: OK
./docs/06_HISTORY/EVIDENCE/R51_FINAL_EVIDENCE/build_final.log: OK
./docs/06_HISTORY/EVIDENCE/R51_FINAL_EVIDENCE/naming_audit_final.log: OK
./docs/06_HISTORY/EVIDENCE/R51_FINAL_EVIDENCE/npm_test_full.log: OK
./docs/06_HISTORY/EVIDENCE/R51_FINAL_EVIDENCE/npm_test_full_final.log: OK
./docs/06_HISTORY/EVIDENCE/R51_FINAL_EVIDENCE/parity_final.log: OK
./docs/06_HISTORY/EVIDENCE/R51_FINAL_EVIDENCE/r51_focused_final.log: OK
./docs/06_HISTORY/EVIDENCE/R51_FINAL_EVIDENCE/runtime_parity_final.log: OK
./docs/06_HISTORY/EVIDENCE/R51_FINAL_EVIDENCE/secret_scan_final.log: OK
./docs/06_HISTORY/EVIDENCE/R51_FINAL_EVIDENCE/test_r44.log: OK
./docs/06_HISTORY/EVIDENCE/R51_FINAL_EVIDENCE/test_r47.log: OK
./docs/06_HISTORY/EVIDENCE/R51_FINAL_EVIDENCE/test_r48.log: OK
./docs/06_HISTORY/EVIDENCE/R51_FINAL_EVIDENCE/test_r49.log: OK
./docs/06_HISTORY/EVIDENCE/R51_FINAL_EVIDENCE/test_r50.log: OK
./docs/06_HISTORY/EVIDENCE/R51_FINAL_EVIDENCE/test_r51.log: OK
./docs/06_HISTORY/EVIDENCE/R52_FINAL_EVIDENCE/build.log: OK
./docs/06_HISTORY/EVIDENCE/R52_FINAL_EVIDENCE/live_backend_fix.txt: OK
./docs/06_HISTORY/EVIDENCE/R52_FINAL_EVIDENCE/npm_test_full.log: OK
./docs/06_HISTORY/EVIDENCE/R52_FINAL_EVIDENCE/r51_regression.log: OK
./docs/06_HISTORY/EVIDENCE/R52_FINAL_EVIDENCE/r52_focused.log: OK
./docs/06_HISTORY/EVIDENCE/R52_FINAL_EVIDENCE/runtime_parity.log: OK
./docs/06_HISTORY/EVIDENCE/R59_FINAL_EVIDENCE/android_preflight.log: OK
./docs/06_HISTORY/EVIDENCE/R59_FINAL_EVIDENCE/build_parity.log: OK
./docs/06_HISTORY/EVIDENCE/R59_FINAL_EVIDENCE/npm_test_full.log: OK
./docs/06_HISTORY/EVIDENCE/R59_FINAL_EVIDENCE/test_r59.log: OK
./docs/06_HISTORY/EVIDENCE/R60_FINAL_EVIDENCE/android-preflight-professional-guide.log: OK
./docs/06_HISTORY/EVIDENCE/R60_FINAL_EVIDENCE/android-preflight.log: OK
./docs/06_HISTORY/EVIDENCE/R60_FINAL_EVIDENCE/build-parity-professional-guide.log: OK
./docs/06_HISTORY/EVIDENCE/R60_FINAL_EVIDENCE/build-parity.log: OK
./docs/06_HISTORY/EVIDENCE/R60_FINAL_EVIDENCE/final-android-gradle-build.exitcode: OK
./docs/06_HISTORY/EVIDENCE/R60_FINAL_EVIDENCE/final-android-gradle-build.log: OK
./docs/06_HISTORY/EVIDENCE/R60_FINAL_EVIDENCE/final-android-preflight.exitcode: OK
./docs/06_HISTORY/EVIDENCE/R60_FINAL_EVIDENCE/final-android-preflight.log: OK
./docs/06_HISTORY/EVIDENCE/R60_FINAL_EVIDENCE/final-build-parity.exitcode: OK
./docs/06_HISTORY/EVIDENCE/R60_FINAL_EVIDENCE/final-build-parity.log: OK
./docs/06_HISTORY/EVIDENCE/R60_FINAL_EVIDENCE/final-focused-r60.exitcode: OK
./docs/06_HISTORY/EVIDENCE/R60_FINAL_EVIDENCE/final-focused-r60.log: OK
./docs/06_HISTORY/EVIDENCE/R60_FINAL_EVIDENCE/final-legal-gate.exitcode: OK
./docs/06_HISTORY/EVIDENCE/R60_FINAL_EVIDENCE/final-legal-gate.log: OK
./docs/06_HISTORY/EVIDENCE/R60_FINAL_EVIDENCE/final-npm-test.exitcode: OK
./docs/06_HISTORY/EVIDENCE/R60_FINAL_EVIDENCE/final-npm-test.log: OK
./docs/06_HISTORY/EVIDENCE/R60_FINAL_EVIDENCE/guide-render-contact-sheet.jpg: OK
./docs/06_HISTORY/EVIDENCE/R60_FINAL_EVIDENCE/npm-test-full.log: OK
./docs/06_HISTORY/EVIDENCE/R60_FINAL_EVIDENCE/npm-test-professional-guide.exitcode: OK
./docs/06_HISTORY/EVIDENCE/R60_FINAL_EVIDENCE/npm-test-professional-guide.log: OK
./docs/06_HISTORY/EVIDENCE/R60_FINAL_EVIDENCE/pilot_final/npm-test-full.log: OK
./docs/06_HISTORY/EVIDENCE/R60_FINAL_EVIDENCE/pilot_final/test-summary-final.txt: OK
./docs/06_HISTORY/EVIDENCE/R60_FINAL_EVIDENCE/pilot_final/test-summary.txt: OK
./docs/06_HISTORY/EVIDENCE/R65_FINAL_EVIDENCE/android-debug-r65.exitcode: OK
./docs/06_HISTORY/EVIDENCE/R65_FINAL_EVIDENCE/android-debug-r65.log: OK
./docs/06_HISTORY/EVIDENCE/R65_FINAL_EVIDENCE/android-preflight-r65-final.exitcode: OK
./docs/06_HISTORY/EVIDENCE/R65_FINAL_EVIDENCE/android-preflight-r65-final.log: OK
./docs/06_HISTORY/EVIDENCE/R65_FINAL_EVIDENCE/android-preflight-r65.exitcode: OK
./docs/06_HISTORY/EVIDENCE/R65_FINAL_EVIDENCE/android-preflight-r65.log: OK
./docs/06_HISTORY/EVIDENCE/R65_FINAL_EVIDENCE/build-r65-final.log: OK
./docs/06_HISTORY/EVIDENCE/R65_FINAL_EVIDENCE/build-r65.log: OK
./docs/06_HISTORY/EVIDENCE/R65_FINAL_EVIDENCE/manifest-verify.log: OK
./docs/06_HISTORY/EVIDENCE/R65_FINAL_EVIDENCE/npm-test-r65-final.log: OK
./docs/06_HISTORY/EVIDENCE/R65_FINAL_EVIDENCE/npm-test-r65.log: OK
./docs/06_HISTORY/EVIDENCE/R65_FINAL_EVIDENCE/targeted-regression.exitcode: OK
./docs/06_HISTORY/EVIDENCE/R65_FINAL_EVIDENCE/targeted-regression.log: OK
./docs/06_HISTORY/EVIDENCE/R66_FINAL_EVIDENCE/android-debug-r66.exitcode: OK
./docs/06_HISTORY/EVIDENCE/R66_FINAL_EVIDENCE/android-debug-r66.log: OK
./docs/06_HISTORY/EVIDENCE/R66_FINAL_EVIDENCE/android-preflight-r66-final.exitcode: OK
./docs/06_HISTORY/EVIDENCE/R66_FINAL_EVIDENCE/android-preflight-r66-final.log: OK
./docs/06_HISTORY/EVIDENCE/R66_FINAL_EVIDENCE/build-r66-final.exitcode: OK
./docs/06_HISTORY/EVIDENCE/R66_FINAL_EVIDENCE/build-r66-final.log: OK
./docs/06_HISTORY/EVIDENCE/R66_FINAL_EVIDENCE/npm-test-r66-final.exitcode: OK
./docs/06_HISTORY/EVIDENCE/R66_FINAL_EVIDENCE/npm-test-r66-final.log: OK
./docs/06_HISTORY/EVIDENCE/R67_FINAL_EVIDENCE/android-debug-r67.exitcode: OK
./docs/06_HISTORY/EVIDENCE/R67_FINAL_EVIDENCE/android-debug-r67.log: OK
./docs/06_HISTORY/EVIDENCE/R67_FINAL_EVIDENCE/android-preflight-r67-final.exitcode: OK
./docs/06_HISTORY/EVIDENCE/R67_FINAL_EVIDENCE/android-preflight-r67-final.log: OK
./docs/06_HISTORY/EVIDENCE/R67_FINAL_EVIDENCE/build-r67-final.exitcode: OK
./docs/06_HISTORY/EVIDENCE/R67_FINAL_EVIDENCE/build-r67-final.log: OK
./docs/06_HISTORY/EVIDENCE/R67_FINAL_EVIDENCE/npm-test-r67-final.exitcode: OK
./docs/06_HISTORY/EVIDENCE/R67_FINAL_EVIDENCE/npm-test-r67-final.log: OK
./docs/06_HISTORY/EVIDENCE/R69_FINAL_EVIDENCE/android-debug-r69-final.exitcode: OK
./docs/06_HISTORY/EVIDENCE/R69_FINAL_EVIDENCE/android-debug-r69-final.log: OK
./docs/06_HISTORY/EVIDENCE/R69_FINAL_EVIDENCE/android-preflight-r69-final.exitcode: OK
./docs/06_HISTORY/EVIDENCE/R69_FINAL_EVIDENCE/android-preflight-r69-final.log: OK
./docs/06_HISTORY/EVIDENCE/R69_FINAL_EVIDENCE/build-r69-final.exitcode: OK
./docs/06_HISTORY/EVIDENCE/R69_FINAL_EVIDENCE/build-r69-final.log: OK
./docs/06_HISTORY/EVIDENCE/R69_FINAL_EVIDENCE/npm-test-r69-final.exitcode: OK
./docs/06_HISTORY/EVIDENCE/R69_FINAL_EVIDENCE/npm-test-r69-final.log: OK
./docs/06_HISTORY/EVIDENCE/R69_FINAL_EVIDENCE/secret-scan-r69-final.log: OK
./docs/06_HISTORY/EVIDENCE/R69_FINAL_EVIDENCE/supabase-r69-live-state.txt: OK
./docs/06_HISTORY/EVIDENCE/R71_FINAL_EVIDENCE/android-preflight-r71-final.exitcode: OK
./docs/06_HISTORY/EVIDENCE/R71_FINAL_EVIDENCE/android-preflight-r71-final.log: OK
./docs/06_HISTORY/EVIDENCE/R71_FINAL_EVIDENCE/build-r71-final.exitcode: OK
./docs/06_HISTORY/EVIDENCE/R71_FINAL_EVIDENCE/build-r71-final.log: OK
./docs/06_HISTORY/EVIDENCE/R71_FINAL_EVIDENCE/npm-test-r71-final.exitcode: OK
./docs/06_HISTORY/EVIDENCE/R71_FINAL_EVIDENCE/npm-test-r71-final.log: OK
./docs/06_HISTORY/EVIDENCE/android-security-20084/ANDROID_PATCH_20084.diff: OK
./docs/06_HISTORY/EVIDENCE/android-security-20084/app/src/main/res/xml/network_security_config.xml: OK
./docs/06_HISTORY/EVIDENCE/audit_r43_logs/android_preflight_r43.log: OK
./docs/06_HISTORY/EVIDENCE/audit_r43_logs/build_r43.log: OK
./docs/06_HISTORY/EVIDENCE/audit_r43_logs/npm_test_full.log: OK
./docs/06_HISTORY/EVIDENCE/audit_r43_logs/runtime_parity_r43.log: OK
./docs/06_HISTORY/EVIDENCE/audit_r43_logs/secrets_scan_r43.log: OK
./docs/06_HISTORY/EVIDENCE/audit_r43_logs/test_r42_freeze_regression.log: OK
./docs/06_HISTORY/EVIDENCE/audit_r43_logs/test_r43_focused.log: OK
./docs/06_HISTORY/EVIDENCE/evidence/R40_ANDROID_PREFLIGHT.log: OK
./docs/06_HISTORY/EVIDENCE/evidence/R40_BUILD_FULL.log: OK
./docs/06_HISTORY/EVIDENCE/evidence/R40_NPM_TEST_FULL.log: OK
./docs/06_HISTORY/EVIDENCE/evidence/R40_PARITY_SHA256.log: OK
./docs/06_HISTORY/EVIDENCE/evidence_r50/ANDROID_PREFLIGHT_R50.exitcode: OK
./docs/06_HISTORY/EVIDENCE/evidence_r50/ANDROID_PREFLIGHT_R50.log: OK
./docs/06_HISTORY/EVIDENCE/evidence_r50/BUILD_R50.exitcode: OK
./docs/06_HISTORY/EVIDENCE/evidence_r50/BUILD_R50.log: OK
./docs/06_HISTORY/EVIDENCE/evidence_r50/FINAL_ANDROID_PREFLIGHT_R50.exitcode: OK
./docs/06_HISTORY/EVIDENCE/evidence_r50/FINAL_ANDROID_PREFLIGHT_R50.log: OK
./docs/06_HISTORY/EVIDENCE/evidence_r50/FINAL_BUILD.exitcode: OK
./docs/06_HISTORY/EVIDENCE/evidence_r50/FINAL_BUILD.log: OK
./docs/06_HISTORY/EVIDENCE/evidence_r50/FINAL_FULL_NPM_TEST.exitcode: OK
./docs/06_HISTORY/EVIDENCE/evidence_r50/FINAL_FULL_NPM_TEST.log: OK
./docs/06_HISTORY/EVIDENCE/evidence_r50/FINAL_R50_TEST.exitcode: OK
./docs/06_HISTORY/EVIDENCE/evidence_r50/FINAL_R50_TEST.log: OK
./docs/06_HISTORY/EVIDENCE/evidence_r50/FINAL_RUNTIME_PARITY_R50.json: OK
./docs/06_HISTORY/EVIDENCE/evidence_r50/FINAL_SECRET_SCAN_R50.json: OK
./docs/06_HISTORY/EVIDENCE/evidence_r50/FOCUSED_REGRESSION_R50.exitcode: OK
./docs/06_HISTORY/EVIDENCE/evidence_r50/FOCUSED_REGRESSION_R50.log: OK
./docs/06_HISTORY/EVIDENCE/evidence_r50/FULL_NPM_TEST_R50.exitcode: OK
./docs/06_HISTORY/EVIDENCE/evidence_r50/FULL_NPM_TEST_R50.log: OK
./docs/06_HISTORY/EVIDENCE/evidence_r50/RUNTIME_PARITY_R50.json: OK
./docs/06_HISTORY/EVIDENCE/evidence_r50/SECRET_SCAN_R50.json: OK
./docs/06_HISTORY/PLANS/CONTINUIDAD_R50.md: OK
./docs/06_HISTORY/PLANS/CONTINUIDAD_R51.md: OK
./docs/06_HISTORY/PLANS/CONTINUITY_BASE_20101_R34.md: OK
./docs/06_HISTORY/PLANS/CONTINUITY_BASE_20101_R36.md: OK
./docs/06_HISTORY/PLANS/CONTINUITY_BASE_20101_R37.md: OK
./docs/06_HISTORY/PLANS/CONTINUITY_STATUS_20062.txt: OK
./docs/06_HISTORY/PLANS/CONTINUITY_STATUS_20063.txt: OK
./docs/06_HISTORY/PLANS/CONTINUITY_STATUS_20065.txt: OK
./docs/06_HISTORY/PLANS/CONTINUITY_STATUS_20069.txt: OK
./docs/06_HISTORY/PLANS/CONTINUITY_STATUS_20101_R10.txt: OK
./docs/06_HISTORY/PLANS/CONTINUITY_STATUS_20101_R11.txt: OK
./docs/06_HISTORY/PLANS/CONTINUITY_STATUS_20101_R12.txt: OK
./docs/06_HISTORY/PLANS/CONTINUITY_STATUS_20101_R13.txt: OK
./docs/06_HISTORY/PLANS/CONTINUITY_STATUS_20101_R14.txt: OK
./docs/06_HISTORY/PLANS/CONTINUITY_STATUS_20101_R15.txt: OK
./docs/06_HISTORY/PLANS/CONTINUITY_STATUS_20101_R16.txt: OK
./docs/06_HISTORY/PLANS/CONTINUITY_STATUS_20101_R18_URBAN_REALISM.txt: OK
./docs/06_HISTORY/PLANS/CONTINUITY_STATUS_20101_R19.txt: OK
./docs/06_HISTORY/PLANS/CONTINUITY_STATUS_20101_R20.txt: OK
./docs/06_HISTORY/PLANS/CONTINUITY_STATUS_20101_R21.txt: OK
./docs/06_HISTORY/PLANS/CONTINUITY_STATUS_20101_R22.txt: OK
./docs/06_HISTORY/PLANS/CONTINUITY_STATUS_20101_R23.txt: OK
./docs/06_HISTORY/PLANS/CONTINUITY_STATUS_20101_R25.txt: OK
./docs/06_HISTORY/PLANS/CONTINUITY_STATUS_20101_R27.txt: OK
./docs/06_HISTORY/PLANS/CONTINUITY_STATUS_20101_R32.md: OK
./docs/06_HISTORY/PLANS/CONTINUITY_STATUS_20101_R33.md: OK
./docs/06_HISTORY/PLANS/CONTINUITY_STATUS_20101_R33_1.md: OK
./docs/06_HISTORY/PLANS/CONTINUITY_STATUS_20101_R35.md: OK
./docs/06_HISTORY/PLANS/CONTINUITY_STATUS_20101_R38.md: OK
./docs/06_HISTORY/PLANS/CONTINUITY_STATUS_20101_R39.md: OK
./docs/06_HISTORY/PLANS/CONTINUITY_STATUS_20101_R40.md: OK
./docs/06_HISTORY/PLANS/CONTINUITY_STATUS_20101_R7.txt: OK
./docs/06_HISTORY/PLANS/CONTINUITY_STATUS_20101_R8.txt: OK
./docs/06_HISTORY/PLANS/CONTINUITY_STATUS_20101_R9.txt: OK
./docs/06_HISTORY/PLANS/KOMBAX_20101_R28_PROFILE_CAPABILITY_MASTER_IMPLEMENTATION_PLAN.md: OK
./docs/06_HISTORY/PLANS/MVP_FREEZE_IMPLEMENTATION.md: OK
./docs/06_HISTORY/PLANS/PHASE_10_20100_IMPLEMENTATION_PLAN.md: OK
./docs/06_HISTORY/PLANS/PHASE_11_20101_IMPLEMENTATION_PLAN.md: OK
./docs/06_HISTORY/PLANS/PHASE_1_20090_IMPLEMENTATION_PLAN.md: OK
./docs/06_HISTORY/PLANS/PHASE_20101_R10_IMPLEMENTATION_PLAN.md: OK
./docs/06_HISTORY/PLANS/PHASE_20101_R11_IMPLEMENTATION_PLAN.md: OK
./docs/06_HISTORY/PLANS/PHASE_20101_R12_IMPLEMENTATION_PLAN.md: OK
./docs/06_HISTORY/PLANS/PHASE_20101_R13_IMPLEMENTATION_PLAN.md: OK
./docs/06_HISTORY/PLANS/PHASE_20101_R14_IMPLEMENTATION_PLAN.md: OK
./docs/06_HISTORY/PLANS/PHASE_20101_R15_IMPLEMENTATION_PLAN.md: OK
./docs/06_HISTORY/PLANS/PHASE_20101_R16_IMPLEMENTATION_PLAN.md: OK
./docs/06_HISTORY/PLANS/PHASE_20101_R17_IMPLEMENTATION_PLAN.md: OK
./docs/06_HISTORY/PLANS/PHASE_20101_R18_IMPLEMENTATION_PLAN.md: OK
./docs/06_HISTORY/PLANS/PHASE_20101_R18_URBAN_REALISM_PLAN.md: OK
./docs/06_HISTORY/PLANS/PHASE_20101_R19_IMPLEMENTATION_PLAN.md: OK
./docs/06_HISTORY/PLANS/PHASE_20101_R20_IMPLEMENTATION_PLAN.md: OK
./docs/06_HISTORY/PLANS/PHASE_20101_R21_IMPLEMENTATION_PLAN.md: OK
./docs/06_HISTORY/PLANS/PHASE_20101_R22_IMPLEMENTATION_PLAN.md: OK
./docs/06_HISTORY/PLANS/PHASE_20101_R23_IMPLEMENTATION_PLAN.md: OK
./docs/06_HISTORY/PLANS/PHASE_20101_R25_IMPLEMENTATION_PLAN.md: OK
./docs/06_HISTORY/PLANS/PHASE_20101_R26_IMPLEMENTATION_PLAN.md: OK
./docs/06_HISTORY/PLANS/PHASE_20101_R27_IMPLEMENTATION_PLAN.md: OK
./docs/06_HISTORY/PLANS/PHASE_20101_R3_IMPLEMENTATION_PLAN.md: OK
./docs/06_HISTORY/PLANS/PHASE_20101_R7_GATEWAY_ATMOSPHERIC_HERO_IMPLEMENTATION_PLAN.md: OK
./docs/06_HISTORY/PLANS/PHASE_20101_R8_URBAN_WARRIORS_JIUJITSU_IMPLEMENTATION_PLAN.md: OK
./docs/06_HISTORY/PLANS/PHASE_2_20091_IMPLEMENTATION_PLAN.md: OK
./docs/06_HISTORY/PLANS/PHASE_3_20092_IMPLEMENTATION_PLAN.md: OK
./docs/06_HISTORY/PLANS/PHASE_4_20093_IMPLEMENTATION_PLAN.md: OK
./docs/06_HISTORY/PLANS/PHASE_5_20094_IMPLEMENTATION_PLAN.md: OK
./docs/06_HISTORY/PLANS/PHASE_6_20095_IMPLEMENTATION_PLAN.md: OK
./docs/06_HISTORY/PLANS/PHASE_7_20096_IMPLEMENTATION_PLAN.md: OK
./docs/06_HISTORY/PLANS/PHASE_8_20097_IMPLEMENTATION_PLAN.md: OK
./docs/06_HISTORY/PLANS/PHASE_8_20098_IMPLEMENTATION_PLAN.md: OK
./docs/06_HISTORY/PLANS/PLAN_IMPLEMENTACION_R28.md: OK
./docs/06_HISTORY/PLANS/PLAN_IMPLEMENTACION_R29.md: OK
./docs/06_HISTORY/PLANS/PLAN_IMPLEMENTACION_R30.md: OK
./docs/06_HISTORY/PLANS/PLAN_IMPLEMENTACION_R31.md: OK
./docs/06_HISTORY/PLANS/PLAN_IMPLEMENTACION_R32.md: OK
./docs/06_HISTORY/PLANS/PLAN_IMPLEMENTACION_R33.md: OK
./docs/06_HISTORY/PLANS/PLAN_IMPLEMENTACION_R33_1.md: OK
./docs/06_HISTORY/PLANS/PLAN_IMPLEMENTACION_R37.md: OK
./docs/06_HISTORY/PLANS/PLAN_IMPLEMENTACION_R39.md: OK
./docs/06_HISTORY/PLANS/PLAN_IMPLEMENTACION_R40.md: OK
./docs/06_HISTORY/PLANS/PLAN_IMPLEMENTACION_R42.md: OK
./docs/06_HISTORY/PLANS/PLAN_IMPLEMENTACION_R43.md: OK
./docs/06_HISTORY/PLANS/PLAN_IMPLEMENTACION_R44.md: OK
./docs/06_HISTORY/PLANS/PLAN_IMPLEMENTACION_R45.md: OK
./docs/06_HISTORY/PLANS/PLAN_IMPLEMENTACION_R46.md: OK
./docs/06_HISTORY/PLANS/PLAN_IMPLEMENTACION_R47.md: OK
./docs/06_HISTORY/PLANS/PLAN_IMPLEMENTACION_R48.md: OK
./docs/06_HISTORY/PLANS/PLAN_IMPLEMENTACION_R49.md: OK
./docs/06_HISTORY/PLANS/PLAN_IMPLEMENTACION_R50.md: OK
./docs/06_HISTORY/PLANS/PLAN_IMPLEMENTACION_R51.md: OK
./docs/06_HISTORY/PLANS/PLAN_IMPLEMENTACION_R53.md: OK
./docs/06_HISTORY/PLANS/PLAN_IMPLEMENTACION_R56.md: OK
./docs/06_HISTORY/PLANS/PLAN_IMPLEMENTACION_R57.md: OK
./docs/06_HISTORY/PLANS/PROMPT_INTERNO_IMPLEMENTACION_R39.md: OK
./docs/06_HISTORY/PLANS/PROMPT_INTERNO_IMPLEMENTACION_R40.md: OK
./docs/06_HISTORY/PLANS/PROMPT_MAESTRO_CONTINUIDAD_20062.md: OK
./docs/06_HISTORY/PLANS/PROMPT_MAESTRO_CONTINUIDAD_20063.md: OK
./docs/06_HISTORY/PLANS/PROMPT_MAESTRO_CONTINUIDAD_20064.md: OK
./docs/06_HISTORY/PLANS/PROMPT_MAESTRO_CONTINUIDAD_20071.md: OK
./docs/06_HISTORY/PLANS/PROMPT_MAESTRO_CONTINUIDAD_20072.md: OK
./docs/06_HISTORY/PLANS/PROMPT_MAESTRO_CONTINUIDAD_20073.md: OK
./docs/06_HISTORY/PLANS/PROMPT_MAESTRO_CONTINUIDAD_20075.md: OK
./docs/06_HISTORY/PLANS/PROMPT_MAESTRO_CONTINUIDAD_20076.md: OK
./docs/06_HISTORY/PLANS/PROMPT_MAESTRO_CONTINUIDAD_20077.md: OK
./docs/06_HISTORY/PLANS/PROMPT_MAESTRO_CONTINUIDAD_20084.md: OK
./docs/06_HISTORY/PLANS/PROMPT_MAESTRO_CONTINUIDAD_20085.md: OK
./docs/06_HISTORY/PLANS/PROMPT_MAESTRO_CONTINUIDAD_20086.md: OK
./docs/06_HISTORY/PLANS/PROMPT_MAESTRO_CONTINUIDAD_20087.md: OK
./docs/06_HISTORY/PLANS/PROMPT_MAESTRO_CONTINUIDAD_20088.md: OK
./docs/06_HISTORY/PLANS/PROMPT_MAESTRO_CONTINUIDAD_20089.md: OK
./docs/06_HISTORY/PLANS/PROMPT_MAESTRO_CONTINUIDAD_20090.md: OK
./docs/06_HISTORY/PLANS/PROMPT_MAESTRO_CONTINUIDAD_20091.md: OK
./docs/06_HISTORY/PLANS/PROMPT_MAESTRO_CONTINUIDAD_20094.md: OK
./docs/06_HISTORY/PLANS/PROMPT_MAESTRO_CONTINUIDAD_20095.md: OK
./docs/06_HISTORY/PLANS/PROMPT_MAESTRO_CONTINUIDAD_20096.md: OK
./docs/06_HISTORY/PLANS/PROMPT_MAESTRO_CONTINUIDAD_20097.md: OK
./docs/06_HISTORY/PLANS/PROMPT_MAESTRO_CONTINUIDAD_20098.md: OK
./docs/06_HISTORY/PLANS/PROMPT_MAESTRO_CONTINUIDAD_20099.md: OK
./docs/06_HISTORY/PLANS/PROMPT_MAESTRO_CONTINUIDAD_20100.md: OK
./docs/06_HISTORY/PLANS/PROMPT_MAESTRO_CONTINUIDAD_20101.md: OK
./docs/06_HISTORY/PLANS/PROMPT_MAESTRO_IMPLEMENTACION_R49.md: OK
./docs/06_HISTORY/PLANS/PROMPT_MAESTRO_INTERNO_20026_PREMIUM_REBUILD.md: OK
./docs/06_HISTORY/PLANS/R62_8_IMPLEMENTATION_PLAN_AND_SCOPE.md: OK
./docs/06_HISTORY/PLANS/R69_IMPLEMENTATION_PLAN.md: OK
./docs/06_HISTORY/PLANS/R70_IMPLEMENTATION_PLAN.md: OK
./docs/06_HISTORY/PLANS/R71_IMPLEMENTATION_PLAN.md: OK
./docs/06_HISTORY/PLANS/R72_IMPLEMENTATION_PLAN.md: OK
./docs/06_HISTORY/PLANS/R73_IMPLEMENTATION_PLAN.md: OK
./docs/06_HISTORY/PLANS/R73_PROMPT_DEDUP_AUDIT.md: OK
./docs/06_HISTORY/PLANS/RC13_BUILD_20018_IMPLEMENTATION_PLAN.md: OK
./docs/06_HISTORY/PLANS/RC13_BUILD_20063_IMPLEMENTATION_PLAN.md: OK
./docs/06_HISTORY/PLANS/RC13_BUILD_20064_MASTER_ADMIN_FRONTEND_CLEANUP_IMPLEMENTATION_PLAN.md: OK
./docs/06_HISTORY/PLANS/TAP_TO_PAY_PHASE_2_R61.md: OK
./docs/06_HISTORY/RELEASES/BUILD_20090_CHANGED_FILES.txt: OK
./docs/06_HISTORY/RELEASES/BUILD_20091_CHANGED_FILES.txt: OK
./docs/06_HISTORY/RELEASES/BUILD_20092_CHANGED_FILES.txt: OK
./docs/06_HISTORY/RELEASES/BUILD_CHANGED_FILES_20101_R7.txt: OK
./docs/06_HISTORY/RELEASES/R60_FRONTEND_UI_CHANGED_FILES.txt: OK
./docs/06_HISTORY/RELEASES/R62_5_2_CHANGED_FILES.txt: OK
./docs/06_HISTORY/RELEASES/R62_5_3_CHANGED_FILES.txt: OK
./docs/06_HISTORY/RELEASES/R62_5_CHANGED_FILES.txt: OK
./docs/06_HISTORY/RELEASES/R62_6_CHANGED_FILES.txt: OK
./docs/06_HISTORY/RELEASES/R62_7_CHANGED_FILES.txt: OK
./docs/06_HISTORY/RELEASES/R63_CHANGED_FILES.txt: OK
./docs/06_HISTORY/RELEASES/R64_4_CHANGED_FILES.json: OK
./docs/06_HISTORY/RELEASES/R64_4_CHANGED_FILES.md: OK
./docs/06_HISTORY/RELEASES/R64_CHANGED_FILES.md: OK
./docs/06_HISTORY/RELEASES/R64_ROLLBACK.md: OK
./docs/06_HISTORY/RELEASES/R65_CHANGED_FILES.json: OK
./docs/06_HISTORY/RELEASES/R65_CHANGED_FILES.md: OK
./docs/06_HISTORY/RELEASES/R65_RELEASE_NOTES.md: OK
./docs/06_HISTORY/RELEASES/R65_ROLLBACK.md: OK
./docs/06_HISTORY/RELEASES/R67_CHANGED_FILES.json: OK
./docs/06_HISTORY/RELEASES/R67_CHANGED_FILES.md: OK
./docs/06_HISTORY/RELEASES/R67_RELEASE_NOTES.md: OK
./docs/06_HISTORY/RELEASES/R67_ROLLBACK.md: OK
./docs/06_HISTORY/RELEASES/R69_CHANGED_FILES.json: OK
./docs/06_HISTORY/RELEASES/R69_CHANGED_FILES.md: OK
./docs/06_HISTORY/RELEASES/R69_RELEASE_NOTES.md: OK
./docs/06_HISTORY/RELEASES/R69_ROLLBACK.md: OK
./docs/06_HISTORY/RELEASES/R70_CHANGED_FILES.md: OK
./docs/06_HISTORY/RELEASES/R70_RELEASE_NOTES.md: OK
./docs/06_HISTORY/RELEASES/R70_ROLLBACK.md: OK
./docs/06_HISTORY/RELEASES/R71_CHANGED_FILES.json: OK
./docs/06_HISTORY/RELEASES/R71_CHANGED_FILES.md: OK
./docs/06_HISTORY/RELEASES/R71_RELEASE_NOTES.md: OK
./docs/06_HISTORY/RELEASES/R72_CHANGED_FILES.md: OK
./docs/06_HISTORY/RELEASES/R72_RELEASE_NOTES.md: OK
./docs/06_HISTORY/RELEASES/R72_ROLLBACK.md: OK
./docs/06_HISTORY/RELEASES/R73_CHANGED_FILES.md: OK
./docs/06_HISTORY/RELEASES/R73_RELEASE_NOTES.md: OK
./docs/06_HISTORY/RELEASES/R73_ROLLBACK.md: OK
./docs/07_QA_AUDITS/AUDITORIA_MAESTRA_RC10_FINAL.md: OK
./docs/07_QA_AUDITS/AUDIT_20101_R50.md: OK
./docs/07_QA_AUDITS/AUDIT_EVENTS_20101_R53.md: OK
./docs/07_QA_AUDITS/AUDIT_EVENTS_CREATOR_20101_R10.md: OK
./docs/07_QA_AUDITS/AUDIT_EVENTS_FLOW_20101_R44.md: OK
./docs/07_QA_AUDITS/AUDIT_EVENTS_PREMIUM_20101_R48.md: OK
./docs/07_QA_AUDITS/AUDIT_FREEZE_READINESS_20101_R42.md: OK
./docs/07_QA_AUDITS/AUDIT_NETWORK_PUBLIC_PROFILES_20101_R53.md: OK
./docs/07_QA_AUDITS/AUDIT_ORG_ASSIST_PRIORITY_20101_R43.md: OK
./docs/07_QA_AUDITS/AUDIT_PAYMENTS_SHOWCASE_R61.md: OK
./docs/07_QA_AUDITS/AUDIT_PROFILE_PUBLIC_UX_R56.md: OK
./docs/07_QA_AUDITS/AUDIT_R60_EVENTS_NAVIGATION_FLOW.md: OK
./docs/07_QA_AUDITS/AUDIT_R60_MOBILE_NAV_EVENTS_MEDIA_HERO.md: OK
./docs/07_QA_AUDITS/AUDIT_R62_2_FINANCE_PREMIUM_MIGRATIONS_FIX.md: OK
./docs/07_QA_AUDITS/AUDIT_R63_INVENTORY.md: OK
./docs/07_QA_AUDITS/AUDIT_SOCIAL_EVENTS_20101_R49.md: OK
./docs/07_QA_AUDITS/AUDIT_SOCIAL_FEED_20101_R46.md: OK
./docs/07_QA_AUDITS/AUDIT_SOCIAL_INFO_UX_20107_R57.md: OK
./docs/07_QA_AUDITS/AUDIT_SOCIAL_VISIBILITY_MEDIA_FLOW_20101_R47.md: OK
./docs/07_QA_AUDITS/AUDIT_VERIFICATION_20101_R34.md: OK
./docs/07_QA_AUDITS/AUDIT_VERIFICATION_20101_R35.md: OK
./docs/07_QA_AUDITS/AUDIT_VERIFICATION_20101_R36.md: OK
./docs/07_QA_AUDITS/AUDIT_VERIFICATION_20101_R37.md: OK
./docs/07_QA_AUDITS/AUDIT_VERIFICATION_20101_R38.md: OK
./docs/07_QA_AUDITS/AUDIT_VERIFICATION_20101_R40.md: OK
./docs/07_QA_AUDITS/AUDIT_VIDEO_COVERS_20101_R53.md: OK
./docs/07_QA_AUDITS/BACKEND_STATE_20101_R25.md: OK
./docs/07_QA_AUDITS/BACKEND_STATE_20101_R26.md: OK
./docs/07_QA_AUDITS/BACKEND_STATE_20101_R31.md: OK
./docs/07_QA_AUDITS/BACKEND_STATE_20101_R32.md: OK
./docs/07_QA_AUDITS/BACKEND_STATE_20101_R33.md: OK
./docs/07_QA_AUDITS/BACKEND_STATE_20101_R33_1.md: OK
./docs/07_QA_AUDITS/BACKEND_STATE_20101_R35.md: OK
./docs/07_QA_AUDITS/BACKEND_STATE_20101_R38.md: OK
./docs/07_QA_AUDITS/BACKEND_STATE_20101_R40.md: OK
./docs/07_QA_AUDITS/BRAND_HEROES_VISUAL_AUDIT_20100.md: OK
./docs/07_QA_AUDITS/BUILD_20040_SOCIAL_AFFILIATION_CONTACT_VALIDATION.md: OK
./docs/07_QA_AUDITS/BUILD_20041_CONTENT_LIFECYCLE_MEDIA_VALIDATION.md: OK
./docs/07_QA_AUDITS/BUILD_20042_GATEWAY_BRAND_VALIDATION.md: OK
./docs/07_QA_AUDITS/BUILD_20044_VERIFIED_PROFILES_VALIDATION.md: OK
./docs/07_QA_AUDITS/BUILD_20045_PUBLIC_PROFILES_AUDIENCES_VALIDATION.md: OK
./docs/07_QA_AUDITS/BUILD_20046_SECURITY_HARDENING_AUDIT.md: OK
./docs/07_QA_AUDITS/BUILD_20047_MEMBER_PROFILE_VALIDATION.md: OK
./docs/07_QA_AUDITS/BUILD_20048_PREFREEZE_VALIDATION.md: OK
./docs/07_QA_AUDITS/BUILD_20049_FINAL_AUTH_RECEIPTS_VALIDATION.md: OK
./docs/07_QA_AUDITS/BUILD_20050_ACCOUNT_SECURITY_VALIDATION.md: OK
./docs/07_QA_AUDITS/BUILD_20052_CLUB_ONBOARDING_VALIDATION.md: OK
./docs/07_QA_AUDITS/BUILD_20053_CLUB_VERIFICATION_VALIDATION.md: OK
./docs/07_QA_AUDITS/BUILD_20054_SOCIAL_PRODUCT_LIMITS_VALIDATION.md: OK
./docs/07_QA_AUDITS/BUILD_20055_MVP_PROFILE_SCOPE_VALIDATION.md: OK
./docs/07_QA_AUDITS/BUILD_20056_CLUB_NAVIGATION_BRANDING_VALIDATION.md: OK
./docs/07_QA_AUDITS/BUILD_20057_SUPABASE_CONSOLIDATION_VALIDATION.md: OK
./docs/07_QA_AUDITS/BUILD_20058_HEADER_ACTIVITY_SPLIT_VALIDATION.md: OK
./docs/07_QA_AUDITS/BUILD_20058_NAVIGATION_SESSION_UX_VALIDATION.md: OK
./docs/07_QA_AUDITS/BUILD_20059_CHAT_READ_RECEIPTS_VALIDATION.md: OK
./docs/07_QA_AUDITS/BUILD_20059_OPEN_CHAT_AUTOSYNC_VALIDATION.md: OK
./docs/07_QA_AUDITS/BUILD_20060_PLATFORM_PERFORMANCE_SCALE_HARDENING_VALIDATION.md: OK
./docs/07_QA_AUDITS/BUILD_20061_10K_CONCURRENT_SCALE_READINESS_VALIDATION.md: OK
./docs/07_QA_AUDITS/BUILD_20062_COMPETITOR_REOPEN_PROMO_VALIDATION.md: OK
./docs/07_QA_AUDITS/BUILD_20063_SOCIAL_MESSAGING_FINAL_QA_VALIDATION.md: OK
./docs/07_QA_AUDITS/BUILD_20064_MASTER_ADMIN_FRONTEND_CLEANUP_VALIDATION.md: OK
./docs/07_QA_AUDITS/BUILD_20065_ROLE_INVITATIONS_TEAM_FILTER_VALIDATION.md: OK
./docs/07_QA_AUDITS/BUILD_20066_QA_REGISTRATION_PROFILE_SUBMISSION_VALIDATION.md: OK
./docs/07_QA_AUDITS/BUILD_20070_PILOT_READINESS_VALIDATION.md: OK
./docs/07_QA_AUDITS/BUILD_20072_CLOSURE_VALIDATION.md: OK
./docs/07_QA_AUDITS/BUILD_20073_EMAIL_UX_POLISH_VALIDATION.md: OK
./docs/07_QA_AUDITS/BUILD_20074_TEAM_EMAIL_INVITATION_VALIDATION.md: OK
./docs/07_QA_AUDITS/BUILD_20075_STUDENT_EMAIL_INVITATION_VALIDATION.md: OK
./docs/07_QA_AUDITS/BUILD_20076_BANNER_POSITIONING_VALIDATION.md: OK
./docs/07_QA_AUDITS/BUILD_20077_OWNER_ACCESS_VALIDATION.md: OK
./docs/07_QA_AUDITS/BUILD_20077_OWNER_SUPPORT_VALIDATION.md: OK
./docs/07_QA_AUDITS/BUILD_20085_PREMIUM_FINANCE_SOCIAL_VALIDATION.md: OK
./docs/07_QA_AUDITS/BUILD_20086_VALIDATION.md: OK
./docs/07_QA_AUDITS/BUILD_20087_FINANCE_EXPLORER_STABILITY_VALIDATION.md: OK
./docs/07_QA_AUDITS/BUILD_20088_MOBILE_FINANCE_RESPONSIVE_VALIDATION.md: OK
./docs/07_QA_AUDITS/BUILD_20089_FINANCE_USER_LANGUAGE_AUDIT.md: OK
./docs/07_QA_AUDITS/BUILD_20090_EVENTS_FOUNDATION_VALIDATION.md: OK
./docs/07_QA_AUDITS/BUILD_20091_EVENTS_ORGANIZATIONS_VALIDATION.md: OK
./docs/07_QA_AUDITS/BUILD_20092_FIGHTERS_FIGHT_CARDS_VALIDATION.md: OK
./docs/07_QA_AUDITS/BUILD_20093_EVENTS_SOCIAL_VIRAL_VALIDATION.md: OK
./docs/07_QA_AUDITS/BUILD_20094_LIVE_RESULTS_HIGHLIGHTS_HISTORY_VALIDATION.md: OK
./docs/07_QA_AUDITS/BUILD_20095_INTEGRATION_HARDENING_VALIDATION.md: OK
./docs/07_QA_AUDITS/BUILD_20096_EVENTS_PREMIUM_VISUAL_VALIDATION.md: OK
./docs/07_QA_AUDITS/BUILD_20097_EVENTS_WORKSPACE_ISOLATION_VALIDATION.md: OK
./docs/07_QA_AUDITS/BUILD_20098_EVENTS_LARGE_FORMAT_VALIDATION.md: OK
./docs/07_QA_AUDITS/BUILD_20099_EVENTS_OFFICIAL_ALBUM_MEDIA_VALIDATION.md: OK
./docs/07_QA_AUDITS/BUILD_20100_KOMBAX_BRAND_HEROES_VALIDATION.md: OK
./docs/07_QA_AUDITS/BUILD_20101_DEMO_EVENT_SHOWCASE_VALIDATION.md: OK
./docs/07_QA_AUDITS/BUILD_20101_EVENT_VISUAL_EDITOR_HARDENING_VALIDATION.md: OK
./docs/07_QA_AUDITS/BUILD_20101_R34_ASSIST_PREPARATION_VALIDATION.md: OK
./docs/07_QA_AUDITS/BUILD_20101_R36_EVENT_LINKS_FIGHTER_DISCOVERY_VALIDATION.md: OK
./docs/07_QA_AUDITS/BUILD_MANIFEST_SHA256_20061_10K_CONCURRENT_SCALE_READINESS.txt: OK
./docs/07_QA_AUDITS/BUILD_MANIFEST_SHA256_20066_QA_REGISTRATION_PROFILE_SUBMISSION.txt: OK
./docs/07_QA_AUDITS/CLEAN_EXTRACT_R39_TEST_20101_R40.log: OK
./docs/07_QA_AUDITS/CLEAN_EXTRACT_R40_TEST_20101_R40.log: OK
./docs/07_QA_AUDITS/FINAL_PACKAGE_VERIFICATION_20101_R48.txt: OK
./docs/07_QA_AUDITS/FINAL_PACKAGING_CERTIFICATION_20095.md: OK
./docs/07_QA_AUDITS/FINAL_PACKAGING_CERTIFICATION_20096.md: OK
./docs/07_QA_AUDITS/FINAL_PACKAGING_CERTIFICATION_20097.md: OK
./docs/07_QA_AUDITS/FINAL_PACKAGING_CERTIFICATION_20099.md: OK
./docs/07_QA_AUDITS/FINAL_PACKAGING_CERTIFICATION_20101.md: OK
./docs/07_QA_AUDITS/FINAL_PACKAGING_CERTIFICATION_20101_R22.md: OK
./docs/07_QA_AUDITS/FINAL_PACKAGING_CERTIFICATION_20101_R25.md: OK
./docs/07_QA_AUDITS/FINAL_PACKAGING_CERTIFICATION_20101_R26.md: OK
./docs/07_QA_AUDITS/FINAL_PACKAGING_CERTIFICATION_20101_R3.md: OK
./docs/07_QA_AUDITS/FINAL_RELEASE_AUDIT_RC13_BUILD_20025.md: OK
./docs/07_QA_AUDITS/FINAL_REPORT_20111_R63.md: OK
./docs/07_QA_AUDITS/FINAL_REPORT_20115_R64_4.md: OK
./docs/07_QA_AUDITS/FRONTEND_TECHNICAL_MESSAGE_AUDIT_20064.md: OK
./docs/07_QA_AUDITS/FULL_TEST_LOG_20101_R40.txt: OK
./docs/07_QA_AUDITS/FULL_TEST_LOG_20101_R42.txt: OK
./docs/07_QA_AUDITS/FULL_TEST_LOG_20101_R44.txt: OK
./docs/07_QA_AUDITS/GOOGLE_PLAY_READINESS_20101_R33.md: OK
./docs/07_QA_AUDITS/GRADLE_WRAPPER_BUILD_20037_VALIDATION.md: OK
./docs/07_QA_AUDITS/KOMBAX_20126_R75_FINAL_REPORT.md: OK
./docs/07_QA_AUDITS/KOMBAX_20126_R75_QA_SUMMARY.json: OK
./docs/07_QA_AUDITS/KOMBAX_20128_R77_FINAL_REPORT.md: OK
./docs/07_QA_AUDITS/KOMBAX_20128_R77_QA_SUMMARY.json: OK
./docs/07_QA_AUDITS/KOMBAX_20129_R78_I18N_PHASES_1_5_FINAL_REPORT.md: OK
./docs/07_QA_AUDITS/KOMBAX_20129_R78_QA_SUMMARY.json: OK
./docs/07_QA_AUDITS/KOMBAX_20130_R79_FINAL_REPORT.md: OK
./docs/07_QA_AUDITS/KOMBAX_20130_R79_QA_SUMMARY.json: OK
./docs/07_QA_AUDITS/LIVE_SUPABASE_EVENTS_AUDIT_20101_R44.md: OK
./docs/07_QA_AUDITS/LIVE_SUPABASE_EVENTS_R48.md: OK
./docs/07_QA_AUDITS/LIVE_SUPABASE_R49.md: OK
./docs/07_QA_AUDITS/LIVE_SUPABASE_R50.md: OK
./docs/07_QA_AUDITS/LIVE_SUPABASE_R51.md: OK
./docs/07_QA_AUDITS/LIVE_SUPABASE_SOCIAL_R47.md: OK
./docs/07_QA_AUDITS/LIVE_SUPABASE_VERIFICATION_20101_R43.md: OK
./docs/07_QA_AUDITS/MANIFEST_SHA256_PILOT_FINAL_R60.txt: OK
./docs/07_QA_AUDITS/MANIFEST_SHA256_R60_PILOT_FINAL_PROFILE_CHAT_NETWORK_MEDIA_FIX.txt: OK
./docs/07_QA_AUDITS/PACKAGING_CERTIFICATION_20101_R32.md: OK
./docs/07_QA_AUDITS/PACKAGING_CERTIFICATION_20101_R33.md: OK
./docs/07_QA_AUDITS/PACKAGING_CERTIFICATION_20101_R35.md: OK
./docs/07_QA_AUDITS/PACKAGING_CERTIFICATION_20101_R37.md: OK
./docs/07_QA_AUDITS/PACKAGING_CERTIFICATION_20101_R38.md: OK
./docs/07_QA_AUDITS/PACKAGING_CERTIFICATION_20101_R39.md: OK
./docs/07_QA_AUDITS/PACKAGING_CERTIFICATION_20101_R40.md: OK
./docs/07_QA_AUDITS/PARITY_20101_R25.json: OK
./docs/07_QA_AUDITS/PARITY_20101_R38.json: OK
./docs/07_QA_AUDITS/PARITY_20101_R40.json: OK
./docs/07_QA_AUDITS/PARITY_20101_R42.json: OK
./docs/07_QA_AUDITS/PARITY_20101_R44.json: OK
./docs/07_QA_AUDITS/PARITY_MACHINE_20101_R32.json: OK
./docs/07_QA_AUDITS/PARITY_MACHINE_20101_R33.json: OK
./docs/07_QA_AUDITS/PARITY_MACHINE_20101_R33_1.json: OK
./docs/07_QA_AUDITS/PARITY_REPORT_20101_R32.md: OK
./docs/07_QA_AUDITS/PARITY_REPORT_20101_R33.md: OK
./docs/07_QA_AUDITS/PARITY_REPORT_20101_R33_1.md: OK
./docs/07_QA_AUDITS/PARITY_REPORT_20106_R56.json: OK
./docs/07_QA_AUDITS/PARITY_REPORT_20107_R57.json: OK
./docs/07_QA_AUDITS/PARITY_SHA256_20101_R26.json: OK
./docs/07_QA_AUDITS/PILOT_FINAL_AUDIT_R60.md: OK
./docs/07_QA_AUDITS/PILOT_FINAL_BACKEND_STATE_R60.md: OK
./docs/07_QA_AUDITS/PILOT_FINAL_GLOBAL_NAVIGATION_AUDIT_R60.md: OK
./docs/07_QA_AUDITS/PILOT_FINAL_PROFILE_CHAT_NETWORK_MEDIA_AUDIT_R60.md: OK
./docs/07_QA_AUDITS/PILOT_FINAL_PROFILE_CHAT_NETWORK_MEDIA_BACKEND_R60.md: OK
./docs/07_QA_AUDITS/PILOT_FINAL_PROFILE_CHAT_NETWORK_MEDIA_QA_R60.md: OK
./docs/07_QA_AUDITS/PILOT_FINAL_QA_MATRIX_R60.md: OK
./docs/07_QA_AUDITS/PILOT_FINAL_README_R60.md: OK
./docs/07_QA_AUDITS/PILOT_FREEZE_READINESS_20106_R56.md: OK
./docs/07_QA_AUDITS/PILOT_FREEZE_READINESS_20107_R57.md: OK
./docs/07_QA_AUDITS/PILOT_QA_DATA_CLEANUP_SCOPE_R60.md: OK
./docs/07_QA_AUDITS/PILOT_READINESS_20101_R53.md: OK
./docs/07_QA_AUDITS/PILOT_READINESS_20104_R54.md: OK
./docs/07_QA_AUDITS/PILOT_READINESS_CHANGES_20077.md: OK
./docs/07_QA_AUDITS/PILOT_VALIDATION_EVIDENCE_20077.md: OK
./docs/07_QA_AUDITS/QA_20082_RESULT.txt: OK
./docs/07_QA_AUDITS/QA_20083_RESULT.txt: OK
./docs/07_QA_AUDITS/QA_20084_FULL_RESULT.txt: OK
./docs/07_QA_AUDITS/QA_20084_RESULT.txt: OK
./docs/07_QA_AUDITS/QA_20091_FULL_RESULT.txt: OK
./docs/07_QA_AUDITS/QA_20092_FULL_RESULT.txt: OK
./docs/07_QA_AUDITS/QA_20094_FULL_RESULT.txt: OK
./docs/07_QA_AUDITS/QA_20095_FULL_RESULT.txt: OK
./docs/07_QA_AUDITS/QA_20099_FINAL_RESULT.txt: OK
./docs/07_QA_AUDITS/QA_20099_FULL_RESULT.txt: OK
./docs/07_QA_AUDITS/QA_20100_FULL_RESULT.txt: OK
./docs/07_QA_AUDITS/QA_20101_FULL_RESULT.txt: OK
./docs/07_QA_AUDITS/QA_20101_R3_FULL_RESULT.txt: OK
./docs/07_QA_AUDITS/QA_ALPHA_R11.txt: OK
./docs/07_QA_AUDITS/QA_FULL_20098.log: OK
./docs/07_QA_AUDITS/QA_FULL_20103_R53.log: OK
./docs/07_QA_AUDITS/QA_FULL_BUILD_20101_R27.log: OK
./docs/07_QA_AUDITS/QA_GLOBAL_ADMIN_MODERATION_20069.md: OK
./docs/07_QA_AUDITS/QA_HANDOFF_20101_R42.md: OK
./docs/07_QA_AUDITS/QA_HANDOFF_20101_R43.md: OK
./docs/07_QA_AUDITS/QA_HANDOFF_20101_R44.md: OK
./docs/07_QA_AUDITS/QA_HANDOFF_20101_R46.md: OK
./docs/07_QA_AUDITS/QA_HANDOFF_20101_R47.md: OK
./docs/07_QA_AUDITS/QA_HANDOFF_20101_R48.md: OK
./docs/07_QA_AUDITS/QA_HANDOFF_20101_R49.md: OK
./docs/07_QA_AUDITS/QA_HANDOFF_20101_R50.md: OK
./docs/07_QA_AUDITS/QA_HANDOFF_20101_R51.md: OK
./docs/07_QA_AUDITS/QA_HANDOFF_20101_R52.md: OK
./docs/07_QA_AUDITS/QA_HANDOFF_20101_R52_2.md: OK
./docs/07_QA_AUDITS/QA_HANDOFF_20101_R53.md: OK
./docs/07_QA_AUDITS/QA_HANDOFF_20106_R56.md: OK
./docs/07_QA_AUDITS/QA_HANDOFF_20107_R57.md: OK
./docs/07_QA_AUDITS/QA_HANDOFF_20108_R58.md: OK
./docs/07_QA_AUDITS/QA_HANDOFF_20109_R59.md: OK
./docs/07_QA_AUDITS/QA_HANDOFF_20110_R60.md: OK
./docs/07_QA_AUDITS/QA_HANDOFF_20128_R77.md: OK
./docs/07_QA_AUDITS/QA_HANDOFF_R60_EVENTS_NAVIGATION_FLOW.md: OK
./docs/07_QA_AUDITS/QA_HANDOFF_R60_FRONTEND_UI_STABILIZATION.md: OK
./docs/07_QA_AUDITS/QA_HANDOFF_R60_MOBILE_NAV_EVENTS_MEDIA_HERO.md: OK
./docs/07_QA_AUDITS/QA_R63_FINAL.log: OK
./docs/07_QA_AUDITS/QA_R63_FULL_NPM.log: OK
./docs/07_QA_AUDITS/QA_R63_TARGETED.log: OK
./docs/07_QA_AUDITS/QA_R64_4_REGRESSION.log: OK
./docs/07_QA_AUDITS/QA_R79_VIDEO_FULLSCREEN_EXIT_FIX.txt: OK
./docs/07_QA_AUDITS/QA_SECURITY_RLS_20072.md: OK
./docs/07_QA_AUDITS/QA_VALIDATION_20101_R10.md: OK
./docs/07_QA_AUDITS/QA_VALIDATION_20101_R11.md: OK
./docs/07_QA_AUDITS/QA_VALIDATION_20101_R12.md: OK
./docs/07_QA_AUDITS/QA_VALIDATION_20101_R13.md: OK
./docs/07_QA_AUDITS/QA_VALIDATION_20101_R14.md: OK
./docs/07_QA_AUDITS/QA_VALIDATION_20101_R15.md: OK
./docs/07_QA_AUDITS/QA_VALIDATION_20101_R16.md: OK
./docs/07_QA_AUDITS/QA_VALIDATION_20101_R17.md: OK
./docs/07_QA_AUDITS/QA_VALIDATION_20101_R18.md: OK
./docs/07_QA_AUDITS/QA_VALIDATION_20101_R18_URBAN_REALISM.md: OK
./docs/07_QA_AUDITS/QA_VALIDATION_20101_R19.md: OK
./docs/07_QA_AUDITS/QA_VALIDATION_20101_R20.md: OK
./docs/07_QA_AUDITS/QA_VALIDATION_20101_R21.md: OK
./docs/07_QA_AUDITS/QA_VALIDATION_20101_R22.md: OK
./docs/07_QA_AUDITS/QA_VALIDATION_20101_R23.md: OK
./docs/07_QA_AUDITS/QA_VALIDATION_20101_R25.md: OK
./docs/07_QA_AUDITS/QA_VALIDATION_20101_R26.md: OK
./docs/07_QA_AUDITS/QA_VALIDATION_20101_R27.md: OK
./docs/07_QA_AUDITS/QA_VALIDATION_20101_R31.md: OK
./docs/07_QA_AUDITS/QA_VALIDATION_20101_R32.md: OK
./docs/07_QA_AUDITS/QA_VALIDATION_20101_R33.md: OK
./docs/07_QA_AUDITS/QA_VALIDATION_20101_R33_1.md: OK
./docs/07_QA_AUDITS/QA_VALIDATION_20101_R35.md: OK
./docs/07_QA_AUDITS/QA_VALIDATION_20101_R38.md: OK
./docs/07_QA_AUDITS/QA_VALIDATION_20101_R39.md: OK
./docs/07_QA_AUDITS/QA_VALIDATION_20101_R40.md: OK
./docs/07_QA_AUDITS/QA_VALIDATION_20101_R7.md: OK
./docs/07_QA_AUDITS/QA_VALIDATION_20101_R8.md: OK
./docs/07_QA_AUDITS/QA_VALIDATION_20101_R9.md: OK
./docs/07_QA_AUDITS/R23_AUDIT_PLAN.md: OK
./docs/07_QA_AUDITS/R23_AUDIT_REPORT.md: OK
./docs/07_QA_AUDITS/R50_PARITY.json: OK
./docs/07_QA_AUDITS/R53_PARITY_REPORT.json: OK
./docs/07_QA_AUDITS/R62_4_STRIPE_CONNECT_TEST_CHECKLIST.md: OK
./docs/07_QA_AUDITS/R62_4_VALIDATION_RESULT.md: OK
./docs/07_QA_AUDITS/R62_5_1_AI_AGENT_QA_MATRIX.md: OK
./docs/07_QA_AUDITS/R62_5_1_REMOTE_VALIDATION_RESULT.md: OK
./docs/07_QA_AUDITS/R62_5_1_SUPABASE_PILOT_QA_HANDOFF.md: OK
./docs/07_QA_AUDITS/R62_5_2_AI_AGENT_QA_MATRIX.md: OK
./docs/07_QA_AUDITS/R62_5_2_TEST_CHECKLIST.md: OK
./docs/07_QA_AUDITS/R62_5_2_VALIDATION_RESULT.md: OK
./docs/07_QA_AUDITS/R62_5_TEST_CHECKLIST.md: OK
./docs/07_QA_AUDITS/R62_5_VALIDATION_RESULT.md: OK
./docs/07_QA_AUDITS/R62_8_BACKEND_VERIFICATION.md: OK
./docs/07_QA_AUDITS/R62_8_PILOT_QA_HANDOFF.md: OK
./docs/07_QA_AUDITS/R64_AUDIT_REPORT.md: OK
./docs/07_QA_AUDITS/R64_QA_REPORT.md: OK
./docs/07_QA_AUDITS/R65_FINAL_REPORT.md: OK
./docs/07_QA_AUDITS/R67_FINAL_REPORT.md: OK
./docs/07_QA_AUDITS/R67_QA_PILOT_CHECKLIST.md: OK
./docs/07_QA_AUDITS/R69_FINAL_REPORT.md: OK
./docs/07_QA_AUDITS/R69_QA_PILOT_CHECKLIST.md: OK
./docs/07_QA_AUDITS/R70_FINAL_REPORT.md: OK
./docs/07_QA_AUDITS/R70_PARITY.json: OK
./docs/07_QA_AUDITS/R70_QA_PILOT_CHECKLIST.md: OK
./docs/07_QA_AUDITS/R71_FINAL_REPORT.md: OK
./docs/07_QA_AUDITS/R71_QA_PILOT_CHECKLIST.md: OK
./docs/07_QA_AUDITS/R72_AUDIT_REPORT.md: OK
./docs/07_QA_AUDITS/R72_FINAL_REPORT.md: OK
./docs/07_QA_AUDITS/R72_PARITY.json: OK
./docs/07_QA_AUDITS/R72_QA_PILOT_CHECKLIST.md: OK
./docs/07_QA_AUDITS/R72_SECURITY_ADVISORS.md: OK
./docs/07_QA_AUDITS/R73_FINAL_REPORT.md: OK
./docs/07_QA_AUDITS/R73_NPM_TEST_FINAL.log: OK
./docs/07_QA_AUDITS/R73_PARITY.json: OK
./docs/07_QA_AUDITS/R73_QA_REPORT.md: OK
./docs/07_QA_AUDITS/R75_SHOWCASE_MULTICLUB_CONTEXT_AUDIT.md: OK
./docs/07_QA_AUDITS/R77_SHOWCASE_EVENTS_ANALYTICS_REPORTS_AUDIT.md: OK
./docs/07_QA_AUDITS/R78_I18N_PHASES_1_5_AUDIT.md: OK
./docs/07_QA_AUDITS/R79_I18N_COMPLETION_AUDIT.md: OK
./docs/07_QA_AUDITS/RC12_VALIDATION.md: OK
./docs/07_QA_AUDITS/RC13_BUILD_20037_RELEASE_AUDIT.md: OK
./docs/07_QA_AUDITS/RC13_VALIDATION.md: OK
./docs/07_QA_AUDITS/SECRET_PATH_AUDIT_20101_R38.json: OK
./docs/07_QA_AUDITS/SECRET_PATH_AUDIT_20101_R40.json: OK
./docs/07_QA_AUDITS/SECRET_PATH_AUDIT_20101_R42.json: OK
./docs/07_QA_AUDITS/SECRET_PATH_AUDIT_20101_R44.json: OK
./docs/07_QA_AUDITS/SUPABASE_ADVISORS_20101_R48.md: OK
./docs/07_QA_AUDITS/SUPABASE_ADVISORS_20110_R60.md: OK
./docs/07_QA_AUDITS/SUPABASE_ADVISORS_R32.md: OK
./docs/07_QA_AUDITS/SUPABASE_ADVISORS_R33_1.md: OK
./docs/07_QA_AUDITS/SUPABASE_DEMO_EVENT_AUDIT_20101.md: OK
./docs/07_QA_AUDITS/SUPABASE_EVENTS_ALBUM_AUDIT_20099.md: OK
./docs/07_QA_AUDITS/SUPABASE_EVENTS_BACKEND_AUDIT_20093.md: OK
./docs/07_QA_AUDITS/SUPABASE_EVENTS_BACKEND_AUDIT_20094.md: OK
./docs/07_QA_AUDITS/SUPABASE_EVENTS_LARGE_FORMAT_AUDIT_20098.md: OK
./docs/07_QA_AUDITS/SUPABASE_EVENTS_WORKSPACE_AUDIT_20097.md: OK
./docs/07_QA_AUDITS/SUPABASE_EVENT_VISUAL_AUDIT_20101_R3.md: OK
./docs/07_QA_AUDITS/SUPABASE_INTEGRATION_AUDIT_20095.md: OK
./docs/07_QA_AUDITS/SUPABASE_SECURITY_DEFINER_AUDIT_20077.md: OK
./docs/07_QA_AUDITS/TEST_RESULTS.md: OK
./docs/07_QA_AUDITS/TEST_RESULTS_20101_R23.log: OK
./docs/07_QA_AUDITS/TEST_RESULTS_20101_R26_FULL.log: OK
./docs/07_QA_AUDITS/TEST_RESULTS_20101_R32.md: OK
./docs/07_QA_AUDITS/TEST_RESULTS_20101_R32_FULL.log: OK
./docs/07_QA_AUDITS/TEST_RESULTS_20101_R33.md: OK
./docs/07_QA_AUDITS/TEST_RESULTS_20101_R33_1.md: OK
./docs/07_QA_AUDITS/TEST_RESULTS_20101_R33_1_FULL.log: OK
./docs/07_QA_AUDITS/TEST_RESULTS_20101_R33_1_TARGET.log: OK
./docs/07_QA_AUDITS/TEST_RESULTS_20101_R33_1_TARGET_R32.log: OK
./docs/07_QA_AUDITS/TEST_RESULTS_20101_R33_1_TARGET_R33.log: OK
./docs/07_QA_AUDITS/TEST_RESULTS_20101_R33_FULL.log: OK
./docs/07_QA_AUDITS/TEST_RESULTS_20107_R57_FULL.exitcode: OK
./docs/07_QA_AUDITS/TEST_RESULTS_20107_R57_FULL.log: OK
./docs/07_QA_AUDITS/VALIDACION_RC10_FINAL.md: OK
./docs/07_QA_AUDITS/VISUAL_AUDIT_20096.md: OK
./docs/07_QA_AUDITS/VISUAL_AUDIT_20101_R7.md: OK
./docs/08_MANIFESTS_LOGS/ARTIFACT_HASHES_20101_R42.sha256: OK
./docs/08_MANIFESTS_LOGS/ARTIFACT_HASHES_20101_R44.sha256: OK
./docs/08_MANIFESTS_LOGS/BACKEND_IMMUTABILITY_R40_TO_R42.json: OK
./docs/08_MANIFESTS_LOGS/BACKEND_IMMUTABILITY_R43_TO_R44.json: OK
./docs/08_MANIFESTS_LOGS/BASE_R20_ZIP_SHA256.txt: OK
./docs/08_MANIFESTS_LOGS/BASE_SOURCE_20077_SHA256.txt: OK
./docs/08_MANIFESTS_LOGS/BUILD_20071_KEYFILES_SHA256.txt: OK
./docs/08_MANIFESTS_LOGS/BUILD_20074_MANIFEST.sha256: OK
./docs/08_MANIFESTS_LOGS/BUILD_20075_KEYFILES_SHA256.txt: OK
./docs/08_MANIFESTS_LOGS/BUILD_20076_KEYFILES_SHA256.txt: OK
./docs/08_MANIFESTS_LOGS/BUILD_20077_PILOT_CANDIDATE_MANIFEST_SHA256.txt: OK
./docs/08_MANIFESTS_LOGS/BUILD_20077_SUPPORT_KEYFILES_SHA256.txt: OK
./docs/08_MANIFESTS_LOGS/BUILD_20084_FULL_MANIFEST_SHA256.txt: OK
./docs/08_MANIFESTS_LOGS/BUILD_20086_FULL_MANIFEST_SHA256.txt: OK
./docs/08_MANIFESTS_LOGS/BUILD_20087_FULL_MANIFEST_SHA256.txt: OK
./docs/08_MANIFESTS_LOGS/BUILD_20088_FULL_MANIFEST_SHA256.txt: OK
./docs/08_MANIFESTS_LOGS/BUILD_20089_FULL_MANIFEST_SHA256.txt: OK
./docs/08_MANIFESTS_LOGS/BUILD_20090_FULL_MANIFEST_SHA256.txt: OK
./docs/08_MANIFESTS_LOGS/BUILD_20090_MANIFEST_SHA256.txt: OK
./docs/08_MANIFESTS_LOGS/BUILD_20091_FULL_MANIFEST_SHA256.txt: OK
./docs/08_MANIFESTS_LOGS/BUILD_20092_FULL_MANIFEST_SHA256.txt: OK
./docs/08_MANIFESTS_LOGS/BUILD_20094_BUILD_RESULT.txt: OK
./docs/08_MANIFESTS_LOGS/BUILD_20095_FULL_RESULT.txt: OK
./docs/08_MANIFESTS_LOGS/BUILD_20098.log: OK
./docs/08_MANIFESTS_LOGS/BUILD_20099_FULL_RESULT.txt: OK
./docs/08_MANIFESTS_LOGS/BUILD_20100_FULL_RESULT.txt: OK
./docs/08_MANIFESTS_LOGS/BUILD_20101_FULL_RESULT.txt: OK
./docs/08_MANIFESTS_LOGS/BUILD_20101_R32.log: OK
./docs/08_MANIFESTS_LOGS/BUILD_20101_R33.log: OK
./docs/08_MANIFESTS_LOGS/BUILD_20101_R33_1.log: OK
./docs/08_MANIFESTS_LOGS/BUILD_20101_R3_FULL_RESULT.txt: OK
./docs/08_MANIFESTS_LOGS/BUILD_20101_R6_FULL_RESULT.txt: OK
./docs/08_MANIFESTS_LOGS/BUILD_20107_R57.log: OK
./docs/08_MANIFESTS_LOGS/BUILD_LOG_20101_R38.txt: OK
./docs/08_MANIFESTS_LOGS/BUILD_LOG_20101_R40.txt: OK
./docs/08_MANIFESTS_LOGS/BUILD_LOG_20101_R42.txt: OK
./docs/08_MANIFESTS_LOGS/BUILD_LOG_20101_R44.txt: OK
./docs/08_MANIFESTS_LOGS/BUILD_MANIFEST_SHA256_20026.txt: OK
./docs/08_MANIFESTS_LOGS/BUILD_MANIFEST_SHA256_20027.txt: OK
./docs/08_MANIFESTS_LOGS/BUILD_MANIFEST_SHA256_20028.txt: OK
./docs/08_MANIFESTS_LOGS/BUILD_MANIFEST_SHA256_20030.txt: OK
./docs/08_MANIFESTS_LOGS/BUILD_MANIFEST_SHA256_20044.txt: OK
./docs/08_MANIFESTS_LOGS/BUILD_MANIFEST_SHA256_20045.txt: OK
./docs/08_MANIFESTS_LOGS/BUILD_MANIFEST_SHA256_20046.txt: OK
./docs/08_MANIFESTS_LOGS/BUILD_MANIFEST_SHA256_20048.txt: OK
./docs/08_MANIFESTS_LOGS/BUILD_MANIFEST_SHA256_20049.txt: OK
./docs/08_MANIFESTS_LOGS/BUILD_MANIFEST_SHA256_20050.txt: OK
./docs/08_MANIFESTS_LOGS/BUILD_MANIFEST_SHA256_20052.txt: OK
./docs/08_MANIFESTS_LOGS/BUILD_MANIFEST_SHA256_20053.txt: OK
./docs/08_MANIFESTS_LOGS/BUILD_MANIFEST_SHA256_20054.txt: OK
./docs/08_MANIFESTS_LOGS/BUILD_MANIFEST_SHA256_20055.txt: OK
./docs/08_MANIFESTS_LOGS/BUILD_MANIFEST_SHA256_20056.txt: OK
./docs/08_MANIFESTS_LOGS/BUILD_MANIFEST_SHA256_20057.txt: OK
./docs/08_MANIFESTS_LOGS/BUILD_MANIFEST_SHA256_20058.txt: OK
./docs/08_MANIFESTS_LOGS/BUILD_MANIFEST_SHA256_20058_HEADER_ACTIVITY_SPLIT.txt: OK
./docs/08_MANIFESTS_LOGS/BUILD_MANIFEST_SHA256_20059_CHAT_READ_RECEIPTS.txt: OK
./docs/08_MANIFESTS_LOGS/BUILD_MANIFEST_SHA256_20059_OPEN_CHAT_AUTOSYNC.txt: OK
./docs/08_MANIFESTS_LOGS/BUILD_MANIFEST_SHA256_20060_PLATFORM_PERFORMANCE_SCALE_HARDENING.txt: OK
./docs/08_MANIFESTS_LOGS/BUILD_MANIFEST_SHA256_20062_COMPETITOR_REOPEN_PROMO.txt: OK
./docs/08_MANIFESTS_LOGS/BUILD_MANIFEST_SHA256_20063_SOCIAL_MESSAGING_FINAL_QA.txt: OK
./docs/08_MANIFESTS_LOGS/BUILD_MANIFEST_SHA256_20065_ROLE_INVITATIONS_TEAM_FILTER.txt: OK
./docs/08_MANIFESTS_LOGS/BUILD_MANIFEST_SHA256_20072_CLOSURE_HARDENING.txt: OK
./docs/08_MANIFESTS_LOGS/BUILD_MANIFEST_SHA256_20073_EMAIL_UX_POLISH.txt: OK
./docs/08_MANIFESTS_LOGS/BUILD_MANIFEST_SHA256_20095.txt: OK
./docs/08_MANIFESTS_LOGS/BUILD_MANIFEST_SHA256_20096.txt: OK
./docs/08_MANIFESTS_LOGS/BUILD_MANIFEST_SHA256_20097.txt: OK
./docs/08_MANIFESTS_LOGS/BUILD_MANIFEST_SHA256_20100.txt: OK
./docs/08_MANIFESTS_LOGS/BUILD_MANIFEST_SHA256_20101_R11.txt: OK
./docs/08_MANIFESTS_LOGS/BUILD_MANIFEST_SHA256_20101_R13.txt: OK
./docs/08_MANIFESTS_LOGS/BUILD_MANIFEST_SHA256_20101_R3.txt: OK
./docs/08_MANIFESTS_LOGS/BUILD_MANIFEST_SHA256_20101_R34.txt: OK
./docs/08_MANIFESTS_LOGS/BUILD_MANIFEST_SHA256_20101_R35.txt: OK
./docs/08_MANIFESTS_LOGS/BUILD_MANIFEST_SHA256_20101_R36.txt: OK
./docs/08_MANIFESTS_LOGS/BUILD_MANIFEST_SHA256_20101_R38.txt: OK
./docs/08_MANIFESTS_LOGS/BUILD_MANIFEST_SHA256_20101_R39.txt: OK
./docs/08_MANIFESTS_LOGS/BUILD_MANIFEST_SHA256_20101_R40.txt: OK
./docs/08_MANIFESTS_LOGS/BUILD_MANIFEST_SHA256_20101_R6.txt: OK
./docs/08_MANIFESTS_LOGS/BUILD_MANIFEST_SHA256_20101_R7.txt: OK
./docs/08_MANIFESTS_LOGS/BUILD_MANIFEST_SHA256_20101_R8.txt: OK
./docs/08_MANIFESTS_LOGS/BUILD_R64_4.log: OK
./docs/08_MANIFESTS_LOGS/BUILD_RESULTS_20101_R26.log: OK
./docs/08_MANIFESTS_LOGS/BUILD_RESULT_20101_R23.log: OK
./docs/08_MANIFESTS_LOGS/CLEAN_EXTRACT_BUILD_20101_R40.log: OK
./docs/08_MANIFESTS_LOGS/FREEZE_MANIFEST_20101_R42.json: OK
./docs/08_MANIFESTS_LOGS/FREEZE_MANIFEST_20101_R43.json: OK
./docs/08_MANIFESTS_LOGS/FREEZE_MANIFEST_20101_R44.json: OK
./docs/08_MANIFESTS_LOGS/FREEZE_MANIFEST_20101_R47.json: OK
./docs/08_MANIFESTS_LOGS/FREEZE_MANIFEST_20101_R48.json: OK
./docs/08_MANIFESTS_LOGS/FREEZE_MANIFEST_20101_R50.json: OK
./docs/08_MANIFESTS_LOGS/KOMBAX_20126_R75_MANIFEST_SHA256.txt: OK
./docs/08_MANIFESTS_LOGS/KOMBAX_20127_R76_MANIFEST_SHA256.txt: OK
./docs/08_MANIFESTS_LOGS/KOMBAX_20128_R77_FINAL_BUILD_TEST.exitcode: OK
./docs/08_MANIFESTS_LOGS/KOMBAX_20128_R77_FINAL_BUILD_TEST.log: OK
./docs/08_MANIFESTS_LOGS/KOMBAX_20128_R77_MANIFEST_SHA256.txt: OK
./docs/08_MANIFESTS_LOGS/KOMBAX_20129_R78_MANIFEST_SHA256.txt: OK
./docs/08_MANIFESTS_LOGS/KOMBAX_20130_R79_MANIFEST_SHA256.txt: OK
./docs/08_MANIFESTS_LOGS/KOMBAX_20130_R79_VIDEO_FULLSCREEN_EXIT_FIX_MANIFEST_SHA256.txt: OK
./docs/08_MANIFESTS_LOGS/MANIFEST_SHA256.txt: OK
./docs/08_MANIFESTS_LOGS/MANIFEST_SHA256_20047.txt: OK
./docs/08_MANIFESTS_LOGS/MANIFEST_SHA256_20064.txt: OK
./docs/08_MANIFESTS_LOGS/MANIFEST_SHA256_20098.txt: OK
./docs/08_MANIFESTS_LOGS/MANIFEST_SHA256_20099.txt: OK
./docs/08_MANIFESTS_LOGS/MANIFEST_SHA256_20108_R58.txt: OK
./docs/08_MANIFESTS_LOGS/MANIFEST_SHA256_20109_R59.txt: OK
./docs/08_MANIFESTS_LOGS/MANIFEST_SHA256_20110_R60.txt: OK
./docs/08_MANIFESTS_LOGS/MANIFEST_SHA256_20111_R63.txt: OK
./docs/08_MANIFESTS_LOGS/MANIFEST_SHA256_20115_R64_4.txt: OK
./docs/08_MANIFESTS_LOGS/MANIFEST_SHA256_R60_FRONTEND_UI_EVENTS_FLOW.txt: OK
./docs/08_MANIFESTS_LOGS/MANIFEST_SHA256_R60_FRONTEND_UI_STABILIZED.txt: OK
./docs/08_MANIFESTS_LOGS/MANIFEST_SHA256_R60_GLOBAL_NAVIGATION.txt: OK
./docs/08_MANIFESTS_LOGS/MANIFEST_SHA256_R60_MOBILE_NAV_EVENTS_MEDIA_HERO.txt: OK
./docs/08_MANIFESTS_LOGS/MANIFEST_VERIFY_20099.txt: OK
./docs/08_MANIFESTS_LOGS/MANIFEST_VERIFY_20100.log: OK
./docs/08_MANIFESTS_LOGS/ORIGINAL_BUILD_20096.sha256: OK
./docs/08_MANIFESTS_LOGS/PACKAGING_MANIFEST_20101_R22.json: OK
./docs/08_MANIFESTS_LOGS/PACKAGING_MANIFEST_20101_R27.json: OK
./docs/08_MANIFESTS_LOGS/PACKAGING_MANIFEST_SHA256.txt: OK
./docs/08_MANIFESTS_LOGS/R56_SCOPE_BASELINE_SHA256.txt: OK
./docs/08_MANIFESTS_LOGS/R62_5_1_REMOTE_MIGRATION_MANIFEST.txt: OK
./docs/08_MANIFESTS_LOGS/R64_ARTIFACT_MANIFEST_SHA256.txt: OK
./docs/08_MANIFESTS_LOGS/R64_BUILD_RESULT.txt: OK
./docs/08_MANIFESTS_LOGS/R65_MANIFEST.sha256: OK
./docs/08_MANIFESTS_LOGS/R67_MANIFEST.sha256: OK
./docs/08_MANIFESTS_LOGS/R69_MANIFEST.sha256: OK
./docs/08_MANIFESTS_LOGS/R70_MANIFEST.sha256: OK
./docs/08_MANIFESTS_LOGS/R71_MANIFEST.sha256: OK
./docs/08_MANIFESTS_LOGS/R72_BUILD.log: OK
./docs/08_MANIFESTS_LOGS/R72_FINAL_BUILD.log: OK
./docs/08_MANIFESTS_LOGS/R72_FINAL_NPM_TEST.exitcode: OK
./docs/08_MANIFESTS_LOGS/R72_FINAL_NPM_TEST.log: OK
./docs/08_MANIFESTS_LOGS/R72_MANIFEST.sha256: OK
./docs/08_MANIFESTS_LOGS/R73_BUILD.exitcode: OK
./docs/08_MANIFESTS_LOGS/R73_BUILD.log: OK
./docs/08_MANIFESTS_LOGS/R73_BUILD_FINAL.log: OK
./docs/08_MANIFESTS_LOGS/R73_MANIFEST.sha256: OK
./docs/08_MANIFESTS_LOGS/R73_NPM_TEST.exitcode: OK
./docs/08_MANIFESTS_LOGS/R73_NPM_TEST.log: OK
./docs/08_MANIFESTS_LOGS/R80_PACKAGE_MANIFEST_BEFORE_REORDER_SHA256.txt: OK
./docs/08_MANIFESTS_LOGS/RC12_MANIFEST_SHA256.txt: OK
./docs/08_MANIFESTS_LOGS/RC13_MANIFEST_SHA256.txt: OK
./docs/08_MANIFESTS_LOGS/ROOT_REORGANIZATION_MAP_R80.json: OK
./docs/08_MANIFESTS_LOGS/TARGETED_REGRESSION_20101_R38.log: OK
./docs/08_MANIFESTS_LOGS/TARGETED_REGRESSION_20101_R40.log: OK
./docs/08_MANIFESTS_LOGS/TRANSFER_MANIFEST_SHA256_20096.txt: OK
./docs/08_MANIFESTS_LOGS/URBAN_WARRIORS_JIUJITSU_EVENT_MANIFEST_20101_R8.md: OK
./docs/08_MANIFESTS_LOGS/build-r25.log: OK
./docs/08_MANIFESTS_LOGS/npm-test-r25-full.log: OK
./docs/09_GUIDES_SOURCE/01_crear_un_club_o_asociacion_deportiva.md: OK
./docs/09_GUIDES_SOURCE/02_organizar_un_evento_de_deportes_de_contacto.md: OK
./docs/09_GUIDES_SOURCE/03_organizar_un_interclub.md: OK
./docs/09_GUIDES_SOURCE/04_licencias_deportivas_alta_renovacion_y_gestion.md: OK
./docs/09_GUIDES_SOURCE/05_seguros_y_coberturas.md: OK
./docs/09_GUIDES_SOURCE/06_menores_en_actividad_y_competicion_deportiva.md: OK
./docs/09_GUIDES_SOURCE/07_instalaciones_recintos_y_autorizaciones.md: OK
./docs/09_GUIDES_SOURCE/08_proteccion_de_datos_imagen_y_comunicaciones.md: OK
./docs/09_GUIDES_SOURCE/09_ticketing_venta_de_entradas_y_control_de_acceso.md: OK
./docs/09_GUIDES_SOURCE/10_federaciones_y_relaciones_federativas.md: OK
./docs/09_GUIDES_SOURCE/11_deportistas_extranjeros_y_participacion_internacional.md: OK
./docs/09_GUIDES_SOURCE/12_patrocinio_marcas_y_colaboraciones.md: OK
./docs/09_GUIDES_SOURCE/13_organizacion_de_combates_y_participantes.md: OK
./docs/09_GUIDES_SOURCE/14_documentacion_y_checklist_del_organizador.md: OK
./docs/09_GUIDES_SOURCE/15_obligaciones_posteriores_al_evento.md: OK
./docs/09_GUIDES_SOURCE/SOURCES_MATRIX.md: OK
./docs/09_GUIDES_SOURCE/guides_index.json: OK
./docs/99_ARCHIVE_ROOT/BACKEND_HOTFIX_20101_R16_URBAN_FIGHTER_IMAGES.md: OK
./docs/99_ARCHIVE_ROOT/BASELINE_RC10.md: OK
./docs/99_ARCHIVE_ROOT/BRAND_HEROES_VISUAL_SYSTEM_20100.md: OK
./docs/99_ARCHIVE_ROOT/BUILD_20078_PUBLIC_PRODUCT_OVERVIEW.md: OK
./docs/99_ARCHIVE_ROOT/FEDERATION_LICENSES_FUNCTIONAL_SPEC_R33.md: OK
./docs/99_ARCHIVE_ROOT/FEDERATION_TEAM_PERMISSIONS_R33.md: OK
./docs/99_ARCHIVE_ROOT/FOUNDERS_PROMOTION_TRACEABILITY_20062.md: OK
./docs/99_ARCHIVE_ROOT/GOOGLE_PLAY_RELEASE_CHECKLIST_20101_R19.md: OK
./docs/99_ARCHIVE_ROOT/GOOGLE_PLAY_RELEASE_CHECKLIST_20101_R20.md: OK
./docs/99_ARCHIVE_ROOT/GOOGLE_PLAY_RELEASE_CHECKLIST_20101_R21.md: OK
./docs/99_ARCHIVE_ROOT/GOOGLE_PLAY_RELEASE_CHECKLIST_20101_R22.md: OK
./docs/99_ARCHIVE_ROOT/GOOGLE_PLAY_RELEASE_CHECKLIST_20101_R23.md: OK
./docs/99_ARCHIVE_ROOT/GOOGLE_PLAY_RELEASE_CHECKLIST_20101_R25.md: OK
./docs/99_ARCHIVE_ROOT/INFORME_RC10_FINAL_MVP.md: OK
./docs/99_ARCHIVE_ROOT/INTERNAL_ACCOUNT_MEMBERSHIP_FLOW_20109_R59.md: OK
./docs/99_ARCHIVE_ROOT/MIGRATION_LIST_20101_R32.md: OK
./docs/99_ARCHIVE_ROOT/MIGRATION_LIST_20101_R33.md: OK
./docs/99_ARCHIVE_ROOT/MIGRATION_LIST_20101_R33_1.md: OK
./docs/99_ARCHIVE_ROOT/MIGRATION_LIST_20101_R35.md: OK
./docs/99_ARCHIVE_ROOT/MIGRATION_LIST_20101_R37.md: OK
./docs/99_ARCHIVE_ROOT/MIGRATION_LIST_20101_R38.md: OK
./docs/99_ARCHIVE_ROOT/MIGRATION_LIST_20101_R40.md: OK
./docs/99_ARCHIVE_ROOT/PACKAGE_SMOKE_20101_R42.txt: OK
./docs/99_ARCHIVE_ROOT/PACKAGE_SMOKE_20101_R43.txt: OK
./docs/99_ARCHIVE_ROOT/PACKAGE_SMOKE_20101_R44.txt: OK
./docs/99_ARCHIVE_ROOT/PACKAGE_SMOKE_20101_R47.txt: OK
./docs/99_ARCHIVE_ROOT/PACKAGE_SMOKE_20101_R48.txt: OK
./docs/99_ARCHIVE_ROOT/PACKAGE_SMOKE_20101_R50.txt: OK
./docs/99_ARCHIVE_ROOT/PACKAGE_SMOKE_20101_R51.txt: OK
./docs/99_ARCHIVE_ROOT/PLAN_INTERVENCION_20086_FINANZAS_PREMIUM.md: OK
./docs/99_ARCHIVE_ROOT/PLAN_INTERVENCION_20087_FINANCE_EXPLORER_STABILITY.md: OK
./docs/99_ARCHIVE_ROOT/PLATFORM_PERFORMANCE_BUDGET_20060.md: OK
./docs/99_ARCHIVE_ROOT/PREPARED_RELEASE_20101_R33_1.md: OK
./docs/99_ARCHIVE_ROOT/PROFILE_FEDERATION_UX_MATRIX_R33_1.md: OK
./docs/99_ARCHIVE_ROOT/R33_BACKEND_RECONCILIATION.md: OK
./docs/99_ARCHIVE_ROOT/R56_DIFF_FROM_R55_RUNTIME.json: OK
./docs/99_ARCHIVE_ROOT/R62_4_MODIFIED_FILES.txt: OK
./docs/99_ARCHIVE_ROOT/R62_4_STRIPE_CONNECT_QA.md: OK
./docs/99_ARCHIVE_ROOT/R62_5_2_IMPLEMENTATION_QA.md: OK
./docs/99_ARCHIVE_ROOT/R62_5_3_IMPLEMENTATION_QA.md: OK
./docs/99_ARCHIVE_ROOT/R62_5_SHOWCASE_EVENTS_TICKETING_QA.md: OK
./docs/99_ARCHIVE_ROOT/R62_6_IMPLEMENTATION_QA.md: OK
./docs/99_ARCHIVE_ROOT/R62_7_IMPLEMENTATION_QA.md: OK
./docs/99_ARCHIVE_ROOT/R62_8_FINAL_PILOT_CERTIFICATION.md: OK
./docs/99_ARCHIVE_ROOT/R64_CAPABILITIES_MATRIX.md: OK
./docs/99_ARCHIVE_ROOT/R64_CHECKLISTS.md: OK
./docs/99_ARCHIVE_ROOT/R64_FEES_MATRIX.md: OK
./docs/99_ARCHIVE_ROOT/R64_IMPLEMENTATION_REPORT.md: OK
./docs/99_ARCHIVE_ROOT/R64_PENDING_DECISIONS.md: OK
./docs/99_ARCHIVE_ROOT/R64_PRICING_MATRIX.md: OK
./docs/99_ARCHIVE_ROOT/R64_PROFILE_MATRIX.md: OK
./docs/99_ARCHIVE_ROOT/R65_SUPABASE_LIVE_STATE.md: OK
./docs/99_ARCHIVE_ROOT/R67_SUPABASE_LIVE_STATE.md: OK
./docs/99_ARCHIVE_ROOT/R69_SUPABASE_LIVE_STATE.md: OK
./docs/99_ARCHIVE_ROOT/R70_DIFF.json: OK
./docs/99_ARCHIVE_ROOT/R70_SUPABASE_LIVE_STATE.md: OK
./docs/99_ARCHIVE_ROOT/R71_PACKAGE_SECURITY_SCAN.md: OK
./docs/99_ARCHIVE_ROOT/R71_PACKAGE_SMOKE.md: OK
./docs/99_ARCHIVE_ROOT/R72_ARCHITECTURE.md: OK
./docs/99_ARCHIVE_ROOT/R72_DIFF.json: OK
./docs/99_ARCHIVE_ROOT/R72_PRICING_MATRIX.md: OK
./docs/99_ARCHIVE_ROOT/R72_SECRET_SCAN.json: OK
./docs/99_ARCHIVE_ROOT/R72_SUPABASE_LIVE_STATE.md: OK
./docs/99_ARCHIVE_ROOT/R73_DIFF.json: OK
./docs/99_ARCHIVE_ROOT/R73_SECRET_SCAN.json: OK
./docs/99_ARCHIVE_ROOT/R73_SUPABASE_STATE.md: OK
./docs/99_ARCHIVE_ROOT/R79_VIDEO_FULLSCREEN_EXIT_FIX_REPORT.md: OK
./docs/99_ARCHIVE_ROOT/RC13_BUILD_20018_IMPLEMENTATION_REPORT.md: OK
./docs/99_ARCHIVE_ROOT/RC13_BUILD_20019_FINAL_POLISH_REPORT.md: OK
./docs/99_ARCHIVE_ROOT/RC13_BUILD_20020_SESSION_VISIBILITY_FIX.md: OK
./docs/99_ARCHIVE_ROOT/RC13_BUILD_20022_IMPLEMENTATION_REPORT.md: OK
./docs/99_ARCHIVE_ROOT/RC13_BUILD_20023_IMPLEMENTATION_REPORT.md: OK
./docs/99_ARCHIVE_ROOT/RC13_BUILD_20024_IMPLEMENTATION_REPORT.md: OK
./docs/99_ARCHIVE_ROOT/RC13_BUILD_20025_IMPLEMENTATION_REPORT.md: OK
./docs/99_ARCHIVE_ROOT/RC13_BUILD_20026_PREMIUM_REBUILD_REPORT.md: OK
./docs/99_ARCHIVE_ROOT/RC13_BUILD_20027_IMPLEMENTATION_REPORT.md: OK
./docs/99_ARCHIVE_ROOT/RC13_BUILD_20028_IMPLEMENTATION_REPORT.md: OK
./docs/99_ARCHIVE_ROOT/RC13_BUILD_20029_IMPLEMENTATION_REPORT.md: OK
./docs/99_ARCHIVE_ROOT/RC13_BUILD_20030_IMPLEMENTATION_REPORT.md: OK
./docs/99_ARCHIVE_ROOT/RC13_BUILD_20036_IMPLEMENTATION_REPORT.md: OK
./docs/99_ARCHIVE_ROOT/RC13_BUILD_20038_IMPLEMENTATION_REPORT.md: OK
./docs/99_ARCHIVE_ROOT/RC13_BUILD_20039_IMPLEMENTATION_REPORT.md: OK
./docs/99_ARCHIVE_ROOT/RC13_IMPLEMENTATION_REPORT.md: OK
./docs/99_ARCHIVE_ROOT/README_20080_HANDOFF.txt: OK
./docs/99_ARCHIVE_ROOT/README_20081_HANDOFF.txt: OK
./docs/99_ARCHIVE_ROOT/README_20082_HANDOFF.txt: OK
./docs/99_ARCHIVE_ROOT/README_20083_HANDOFF.txt: OK
./docs/99_ARCHIVE_ROOT/README_20084_HANDOFF.txt: OK
./docs/99_ARCHIVE_ROOT/README_20086_HANDOFF.txt: OK
./docs/99_ARCHIVE_ROOT/README_20090_HANDOFF.txt: OK
./docs/99_ARCHIVE_ROOT/README_20091_HANDOFF.txt: OK
./docs/99_ARCHIVE_ROOT/README_20092_HANDOFF.txt: OK
./docs/99_ARCHIVE_ROOT/README_20094_HANDOFF.txt: OK
./docs/99_ARCHIVE_ROOT/README_20095_HANDOFF.txt: OK
./docs/99_ARCHIVE_ROOT/README_20096_HANDOFF.txt: OK
./docs/99_ARCHIVE_ROOT/README_FIRST_20110_R60.md: OK
./docs/99_ARCHIVE_ROOT/README_FIRST_20113_R64_2.md: OK
./docs/99_ARCHIVE_ROOT/README_FIRST_20115_R64_4.md: OK
./docs/99_ARCHIVE_ROOT/RELEASE_CHECKLIST_20111_R63.md: OK
./docs/99_ARCHIVE_ROOT/RELEASE_IDENTITY_20094.txt: OK
./docs/99_ARCHIVE_ROOT/RELEASE_IDENTITY_20095.txt: OK
./docs/99_ARCHIVE_ROOT/RELEASE_IDENTITY_20096.txt: OK
./docs/99_ARCHIVE_ROOT/RELEASE_IDENTITY_20097.txt: OK
./docs/99_ARCHIVE_ROOT/RELEASE_IDENTITY_20100.txt: OK
./docs/99_ARCHIVE_ROOT/RELEASE_IDENTITY_20101.txt: OK
./docs/99_ARCHIVE_ROOT/RELEASE_IDENTITY_20108_R58.txt: OK
./docs/99_ARCHIVE_ROOT/RELEASE_IDENTITY_20109_R59.txt: OK
./docs/99_ARCHIVE_ROOT/RELEASE_IDENTITY_20110_R60.txt: OK
./docs/99_ARCHIVE_ROOT/RELEASE_IDENTITY_20111_R63.txt: OK
./docs/99_ARCHIVE_ROOT/RELEASE_IDENTITY_20113_R64_2.txt: OK
./docs/99_ARCHIVE_ROOT/RELEASE_IDENTITY_20115_R64_4.txt: OK
./docs/99_ARCHIVE_ROOT/SQL_EJECUTAR_RC10_022.sql: OK
./docs/99_ARCHIVE_ROOT/SQL_PATCH_043_046_20260817.md: OK
./docs/99_ARCHIVE_ROOT/SUPABASE_KOMBAX_RC13_20022_20025_RUNBOOK.md: OK
./docs/99_ARCHIVE_ROOT/SUPABASE_KOMBAX_RC13_20027_RUNBOOK.md: OK
./docs/99_ARCHIVE_ROOT/SUPABASE_KOMBAX_RC13_20028_RUNBOOK.md: OK
./docs/99_ARCHIVE_ROOT/SUPABASE_KOMBAX_RC13_20029_RUNBOOK.md: OK
./docs/99_ARCHIVE_ROOT/SUPABASE_KOMBAX_RC13_20030_RUNBOOK.md: OK
./docs/99_ARCHIVE_ROOT/SUPABASE_MVP_FREEZE_RUNBOOK.md: OK
./docs/99_ARCHIVE_ROOT/VISUAL_FIX_20101_R9.md: OK
./docs/99_ARCHIVE_ROOT/hero-r60-current.html: OK
./docs/APPLY_20084_FULL_REPO.md: OK
./docs/AUTH_SECURITY_20084.md: OK
./docs/FINANCE_PREMIUM_V2_20080_ROLLOUT.md: OK
./docs/FINANCE_PREMIUM_V2_20081_REPORTS.md: OK
./docs/FINANCE_PREMIUM_V2_20082_PRODUCTION_BASELINE.md: OK
./docs/FINANCE_PREMIUM_V2_20082_QA.md: OK
./docs/FINANCE_PREMIUM_V2_20083_FINAL.md: OK
./docs/FINANCE_PREMIUM_V2_INSTALL_ORDER_20082.md: OK
./docs/INCIDENT_RESPONSE_MINIMUM_20084.md: OK
./docs/KOMBAX_20083_CONTEXT_ISOLATION_AUDIT.md: OK
./docs/KOMBAX_20083_INSTALL_ORDER.md: OK
./docs/PILOT_ACTIVATION_RUNBOOK_20084.md: OK
./docs/PILOT_QA_2_CLUBS_20_USERS_20084.md: OK
./docs/SECRET_SCAN_20084.md: OK
./docs/SECURITY_ADVISOR_TRIAGE_20084.md: OK
./docs/SECURITY_GO_LIVE_20084.md: OK
./docs/THREAT_MODEL_20084.md: OK
./docs/audits/R73_SOURCE_PROMPT_R71_TO_R72.md: OK
./docs/commercial/KOMBAX_COMMERCIAL_REFERENCE_R64.md: OK
./docs/commercial/KOMBAX_COMMERCIAL_REFERENCE_R72.md: OK
./docs/commercial/KOMBAX_PLAN_PRECIOS.pdf: OK
./docs/history/QA_20084_PATCH_RESULT_ARCHIVE.txt: OK
./docs/i18n/ANDROID_PREFLIGHT_FINAL_B01.exitcode: OK
./docs/i18n/ANDROID_PREFLIGHT_FINAL_B01.log: OK
./docs/i18n/ANDROID_PREFLIGHT_FINAL_B02.exitcode: OK
./docs/i18n/ANDROID_PREFLIGHT_FINAL_B02.log: OK
./docs/i18n/B02_SOURCE_ZIP.sha256: OK
./docs/i18n/BASELINE_ANDROID_PREFLIGHT_R73.exitcode: OK
./docs/i18n/BASELINE_ANDROID_PREFLIGHT_R73.log: OK
./docs/i18n/BASELINE_BUILD_R73.exitcode: OK
./docs/i18n/BASELINE_BUILD_R73.log: OK
./docs/i18n/BASELINE_LEGAL_GATE_R73.exitcode: OK
./docs/i18n/BASELINE_LEGAL_GATE_R73.log: OK
./docs/i18n/BASELINE_NPM_TEST_R73.exitcode: OK
./docs/i18n/BASELINE_NPM_TEST_R73.log: OK
./docs/i18n/BUILD_FINAL_B01.exitcode: OK
./docs/i18n/BUILD_FINAL_B01.log: OK
./docs/i18n/BUILD_FINAL_B02.exitcode: OK
./docs/i18n/BUILD_FINAL_B02.log: OK
./docs/i18n/I18N_INVENTORY_FINAL_B01.log: OK
./docs/i18n/I18N_TEST_B01.exitcode: OK
./docs/i18n/I18N_TEST_B01.log: OK
./docs/i18n/I18N_TEST_B02.exitcode: OK
./docs/i18n/I18N_TEST_B02.log: OK
./docs/i18n/I18N_TEST_FINAL_B02.exitcode: OK
./docs/i18n/I18N_TEST_FINAL_B02.log: OK
./docs/i18n/I18N_VALIDATION_FINAL_B02.exitcode: OK
./docs/i18n/I18N_VALIDATION_FINAL_B02.log: OK
./docs/i18n/KOMBAX_I18N_ARCHITECTURE.md: OK
./docs/i18n/KOMBAX_I18N_B03_SCOPE_AUDIT.json: OK
./docs/i18n/KOMBAX_I18N_BLOCK_01_REPORT.md: OK
./docs/i18n/KOMBAX_I18N_BLOCK_02_REPORT.md: OK
./docs/i18n/KOMBAX_I18N_BLOCK_03_REPORT.md: OK
./docs/i18n/KOMBAX_I18N_BLOCK_04_REPORT.md: OK
./docs/i18n/KOMBAX_I18N_CHANGELOG.md: OK
./docs/i18n/KOMBAX_I18N_CODE_DELTA_B01.md: OK
./docs/i18n/KOMBAX_I18N_CODE_DELTA_B02.json: OK
./docs/i18n/KOMBAX_I18N_CODE_DELTA_B02.md: OK
./docs/i18n/KOMBAX_I18N_CODE_DELTA_B03.json: OK
./docs/i18n/KOMBAX_I18N_CODE_DELTA_B04.json: OK
./docs/i18n/KOMBAX_I18N_DEVELOPER_GUIDE.md: OK
./docs/i18n/KOMBAX_I18N_FORMATTING.md: OK
./docs/i18n/KOMBAX_I18N_HANDOFF.json: OK
./docs/i18n/KOMBAX_I18N_HARDCODE_AUDIT.json: OK
./docs/i18n/KOMBAX_I18N_INVENTORY.json: OK
./docs/i18n/KOMBAX_I18N_INVENTORY.md: OK
./docs/i18n/KOMBAX_I18N_MANUAL_DEVICE_QA.md: OK
./docs/i18n/KOMBAX_I18N_MASTER_PLAN.md: OK
./docs/i18n/KOMBAX_I18N_MIGRATION_INVENTORY.md: OK
./docs/i18n/KOMBAX_I18N_NEXT_BLOCK.md: OK
./docs/i18n/KOMBAX_I18N_QA.md: OK
./docs/i18n/KOMBAX_I18N_RELEASE_READINESS.md: OK
./docs/i18n/KOMBAX_I18N_RELEASE_REPORT.md: OK
./docs/i18n/KOMBAX_I18N_ROLLBACK.md: OK
./docs/i18n/KOMBAX_I18N_SUPABASE_DEPLOYMENT_STATUS.md: OK
./docs/i18n/KOMBAX_I18N_TRANSLATION_COVERAGE.json: OK
./docs/i18n/KOMBAX_I18N_UNIVERSAL_EXPERIENCE.md: OK
./docs/i18n/KOMBAX_I18N_UNIVERSAL_RELEASE_REPORT.md: OK
./docs/i18n/KOMBAX_I18N_VALIDATION.json: OK
./docs/i18n/LEGAL_GATE_FINAL_B01.exitcode: OK
./docs/i18n/LEGAL_GATE_FINAL_B01.log: OK
./docs/i18n/LEGAL_GATE_FINAL_B02.exitcode: OK
./docs/i18n/LEGAL_GATE_FINAL_B02.log: OK
./docs/i18n/NPM_TEST_FINAL_B01.exitcode: OK
./docs/i18n/NPM_TEST_FINAL_B01.log: OK
./docs/i18n/NPM_TEST_FINAL_B02.exitcode: OK
./docs/i18n/NPM_TEST_FINAL_B02.log: OK
./docs/i18n/R73_CRITICAL_BASELINE.sha256: OK
./docs/i18n/R73_CRITICAL_CURRENT_B01.sha256: OK
./docs/i18n/R73_CRITICAL_CURRENT_B02.sha256: OK
./docs/i18n/R73_SOURCE_MANIFEST_BASELINE.sha256: OK
./docs/i18n/R73_SOURCE_ZIP.sha256: OK
./docs/i18n/R78_FULL_PRODUCT_AUDIT.json: OK
./docs/i18n/R79_FULL_PRODUCT_AUDIT.json: OK
./docs/i18n/activation/ALL8_FINAL_NPM_TEST.log: OK
./docs/i18n/activation/KOMBAX_I18N_ALL8_ACTIVATION_GATE.json: OK
./docs/i18n/activation/KOMBAX_I18N_ALL8_DELTA.json: OK
./docs/i18n/activation/KOMBAX_I18N_LANGUAGE_ACTIVATION_CHANGELOG.md: OK
./docs/i18n/activation/KOMBAX_I18N_LANGUAGE_ACTIVATION_HANDOFF.json: OK
./docs/i18n/activation/KOMBAX_I18N_LANGUAGE_ACTIVATION_QA.md: OK
./docs/i18n/activation/KOMBAX_I18N_LANGUAGE_ACTIVATION_RELEASE_REPORT.md: OK
./docs/i18n/activation/logs/ALL8_FINAL_ANDROID_PREFLIGHT.exitcode: OK
./docs/i18n/activation/logs/ALL8_FINAL_ANDROID_PREFLIGHT.log: OK
./docs/i18n/activation/logs/ALL8_FINAL_BUILD.exitcode: OK
./docs/i18n/activation/logs/ALL8_FINAL_BUILD.log: OK
./docs/i18n/activation/logs/ALL8_FINAL_LEGAL_GATE.exitcode: OK
./docs/i18n/activation/logs/ALL8_FINAL_LEGAL_GATE.log: OK
./docs/i18n/activation/logs/ALL8_FINAL_NPM_TEST.exitcode: OK
./docs/i18n/generated-guides-b03/KOMBAX_MIGRATIONS_GUIDE_de.pdf: OK
./docs/i18n/generated-guides-b03/KOMBAX_MIGRATIONS_GUIDE_en.pdf: OK
./docs/i18n/generated-guides-b03/KOMBAX_MIGRATIONS_GUIDE_es.pdf: OK
./docs/i18n/generated-guides-b03/KOMBAX_MIGRATIONS_GUIDE_fil.pdf: OK
./docs/i18n/generated-guides-b03/KOMBAX_MIGRATIONS_GUIDE_fr.pdf: OK
./docs/i18n/generated-guides-b03/KOMBAX_MIGRATIONS_GUIDE_it.pdf: OK
./docs/i18n/generated-guides-b03/KOMBAX_MIGRATIONS_GUIDE_pt.pdf: OK
./docs/i18n/generated-guides-b03/KOMBAX_MIGRATIONS_GUIDE_th.pdf: OK
./docs/i18n/logs/ANDROID_PREFLIGHT_FINAL_B04.exitcode: OK
./docs/i18n/logs/ANDROID_PREFLIGHT_FINAL_B04.log: OK
./docs/i18n/logs/ANDROID_PREFLIGHT_FREEZE_B04.exitcode: OK
./docs/i18n/logs/ANDROID_PREFLIGHT_FREEZE_B04.log: OK
./docs/i18n/logs/BASELINE_NPM_TEST_B04.exitcode: OK
./docs/i18n/logs/BASELINE_NPM_TEST_B04.log: OK
./docs/i18n/logs/BUILD_FINAL_B04.exitcode: OK
./docs/i18n/logs/BUILD_FINAL_B04.log: OK
./docs/i18n/logs/BUILD_FREEZE_B04.exitcode: OK
./docs/i18n/logs/BUILD_FREEZE_B04.log: OK
./docs/i18n/logs/I18N_TEST_FINAL_B04.exitcode: OK
./docs/i18n/logs/I18N_TEST_FINAL_B04.log: OK
./docs/i18n/logs/I18N_TEST_FINAL_FINAL_B04.exitcode: OK
./docs/i18n/logs/I18N_TEST_FINAL_FINAL_B04.log: OK
./docs/i18n/logs/I18N_TEST_POSTDOC_B04.log: OK
./docs/i18n/logs/I18N_VALIDATION_B04.log: OK
./docs/i18n/logs/I18N_VALIDATION_FINAL_B04.exitcode: OK
./docs/i18n/logs/I18N_VALIDATION_FINAL_B04.log: OK
./docs/i18n/logs/I18N_VALIDATION_FREEZE_B04.exitcode: OK
./docs/i18n/logs/I18N_VALIDATION_FREEZE_B04.log: OK
./docs/i18n/logs/LEGAL_GATE_FINAL_B04.exitcode: OK
./docs/i18n/logs/LEGAL_GATE_FINAL_B04.log: OK
./docs/i18n/logs/LEGAL_GATE_FREEZE_B04.exitcode: OK
./docs/i18n/logs/LEGAL_GATE_FREEZE_B04.log: OK
./docs/i18n/logs/NPM_TEST_FINAL_B04.exitcode: OK
./docs/i18n/logs/NPM_TEST_FINAL_B04.log: OK
./docs/i18n/logs/NPM_TEST_FREEZE_B04.exitcode: OK
./docs/i18n/logs/NPM_TEST_FREEZE_B04.log: OK
./docs/i18n/logs/b03/baseline_build.log: OK
./docs/i18n/logs/b03/baseline_i18n_validate.log: OK
./docs/i18n/logs/b03/baseline_npm_test.log: OK
./docs/i18n/logs/b03/closure_android_preflight.exitcode: OK
./docs/i18n/logs/b03/closure_android_preflight.log: OK
./docs/i18n/logs/b03/closure_build.exitcode: OK
./docs/i18n/logs/b03/closure_build.log: OK
./docs/i18n/logs/b03/closure_i18n_validate.exitcode: OK
./docs/i18n/logs/b03/closure_i18n_validate.log: OK
./docs/i18n/logs/b03/closure_legal_gate.exitcode: OK
./docs/i18n/logs/b03/closure_legal_gate.log: OK
./docs/i18n/logs/b03/closure_npm_test.exitcode: OK
./docs/i18n/logs/b03/closure_npm_test.log: OK
./docs/i18n/logs/b03/final_android_preflight.exitcode: OK
./docs/i18n/logs/b03/final_android_preflight.log: OK
./docs/i18n/logs/b03/final_build.exitcode: OK
./docs/i18n/logs/b03/final_build.log: OK
./docs/i18n/logs/b03/final_legal_gate.exitcode: OK
./docs/i18n/logs/b03/final_legal_gate.log: OK
./docs/i18n/logs/b03/final_npm_test.exitcode: OK
./docs/i18n/logs/b03/final_npm_test.log: OK
./docs/i18n/remediation/BASELINE_RB02_HARDCODE.log: OK
./docs/i18n/remediation/BASELINE_RB02_I18N_VALIDATE.log: OK
./docs/i18n/remediation/BASELINE_RB02_NPM_TEST.log: OK
./docs/i18n/remediation/KOMBAX_I18N_EN_QUALITY_GATE_RB02.json: OK
./docs/i18n/remediation/KOMBAX_I18N_PUBLIC_SURFACES_AUDIT_RB02.json: OK
./docs/i18n/remediation/KOMBAX_I18N_REMEDIATION_CHANGELOG.md: OK
./docs/i18n/remediation/KOMBAX_I18N_REMEDIATION_DELTA_RB01.json: OK
./docs/i18n/remediation/KOMBAX_I18N_REMEDIATION_DELTA_RB02.json: OK
./docs/i18n/remediation/KOMBAX_I18N_REMEDIATION_HANDOFF.json: OK
./docs/i18n/remediation/KOMBAX_I18N_REMEDIATION_MASTER_PLAN.md: OK
./docs/i18n/remediation/KOMBAX_I18N_REMEDIATION_NEXT_BLOCK.md: OK
./docs/i18n/remediation/KOMBAX_I18N_REMEDIATION_QA.md: OK
./docs/i18n/remediation/KOMBAX_I18N_REMEDIATION_RELEASE_REPORT_RB01.md: OK
./docs/i18n/remediation/KOMBAX_I18N_REMEDIATION_RELEASE_REPORT_RB02.md: OK
./docs/i18n/remediation/KOMBAX_I18N_REMEDIATION_ZIP_INTEGRITY_RB01.json: OK
./docs/i18n/remediation/KOMBAX_I18N_REMEDIATION_ZIP_INTEGRITY_RB02.json: OK
./docs/i18n/remediation/KOMBAX_I18N_RUNTIME_COPY_AUDIT_RB02.json: OK
./docs/i18n/remediation/KOMBAX_I18N_SYSTEM_CHANNEL_AUDIT_RB02.json: OK
./docs/i18n/remediation/RB02_EN_EXACT.tsv: OK
./docs/i18n/remediation/logs/RB02_FINAL2_ANDROID_PREFLIGHT.exitcode: OK
./docs/i18n/remediation/logs/RB02_FINAL2_ANDROID_PREFLIGHT.log: OK
./docs/i18n/remediation/logs/RB02_FINAL2_BUILD.exitcode: OK
./docs/i18n/remediation/logs/RB02_FINAL2_BUILD.log: OK
./docs/i18n/remediation/logs/RB02_FINAL2_LEGAL_GATE.exitcode: OK
./docs/i18n/remediation/logs/RB02_FINAL2_LEGAL_GATE.log: OK
./docs/i18n/remediation/logs/RB02_FINAL2_NPM_TEST.exitcode: OK
./docs/i18n/remediation/logs/RB02_FINAL2_NPM_TEST.log: OK
./docs/i18n/remediation/logs/RB02_FINAL_ANDROID_PREFLIGHT.exitcode: OK
./docs/i18n/remediation/logs/RB02_FINAL_ANDROID_PREFLIGHT.log: OK
./docs/i18n/remediation/logs/RB02_FINAL_BUILD.exitcode: OK
./docs/i18n/remediation/logs/RB02_FINAL_BUILD.log: OK
./docs/i18n/remediation/logs/RB02_FINAL_I18N_VALIDATE.log: OK
./docs/i18n/remediation/logs/RB02_FINAL_LEGAL_GATE.exitcode: OK
./docs/i18n/remediation/logs/RB02_FINAL_LEGAL_GATE.log: OK
./docs/i18n/remediation/logs/RB02_FINAL_NPM_TEST.exitcode: OK
./docs/i18n/remediation/logs/RB02_FINAL_NPM_TEST.log: OK
./docs/i18n/universal-content-translation/legacy-prototype/20260915224500_kombax_universal_content_translation.sql.txt: OK
./docs/i18n/universal-content-translation/legacy-prototype/KOMBAX_UNIVERSAL_CONTENT_TRANSLATION_ARCHITECTURE.md: OK
./docs/i18n/universal-content-translation/legacy-prototype/KOMBAX_UNIVERSAL_CONTENT_TRANSLATION_QA.md: OK
./docs/i18n/universal-content-translation/legacy-prototype/KOMBAX_UNIVERSAL_CONTENT_TRANSLATION_RELEASE_REPORT.md: OK
./docs/i18n/universal-content-translation/legacy-prototype/README.md: OK
./docs/i18n/universal-content-translation/legacy-prototype/content-translate.index.ts.txt: OK
./docs/i18n/universal-content-translation/legacy-prototype/test-kombax-i18n-universal-content.mjs.txt: OK
./docs/i18n/universal/logs/UNIVERSAL_FINAL_ANDROID_PREFLIGHT.exitcode: OK
./docs/i18n/universal/logs/UNIVERSAL_FINAL_ANDROID_PREFLIGHT.log: OK
./docs/i18n/universal/logs/UNIVERSAL_FINAL_BUILD.exitcode: OK
./docs/i18n/universal/logs/UNIVERSAL_FINAL_BUILD.log: OK
./docs/i18n/universal/logs/UNIVERSAL_FINAL_LEGAL_GATE.exitcode: OK
./docs/i18n/universal/logs/UNIVERSAL_FINAL_LEGAL_GATE.log: OK
./docs/i18n/universal/logs/UNIVERSAL_FINAL_NPM_TEST.exitcode: OK
./docs/i18n/universal/logs/UNIVERSAL_FINAL_NPM_TEST.log: OK
./docs/legal/KOMBAX_CONTRACT_MATRIX_R72.md: OK
./docs/legal/KOMBAX_EVENTS_COMMUNITY_R72_QA.md: OK
./docs/legal/KOMBAX_SHOWCASE_REPUTATION_CATALOG_R72_QA.md: OK
./docs/patches/ANDROID_PATCH_20084_APPLIED.diff: OK
./docs/profile-matrix/R28_BACKEND_RECONCILIATION.md: OK
./docs/protected/KOMBAX_GUIA_MIGRACIONES_CLUB_FEDERACION_R60.html: OK
./docs/protected/KOMBAX_GUIA_MIGRACIONES_CLUB_FEDERACION_R60.pdf: OK
./docs/r74/BUILD_MANIFEST_SHA256_20125_R74.txt: OK
./docs/r74/CHANGELOG_20125_R74.md: OK
./docs/r74/FINAL_REPORT_20125_R74.md: OK
./docs/r74/FREEZE_MANIFEST_20125_R74.json: OK
./docs/r74/PILOT_FREEZE_READINESS_20125_R74.md: OK
./docs/r74/R74_ANDROID_PREFLIGHT.exitcode: OK
./docs/r74/R74_ANDROID_PREFLIGHT.log: OK
./docs/r74/R74_BUILD.exitcode: OK
./docs/r74/R74_BUILD.log: OK
./docs/r74/R74_CHANGED_FILES.txt: OK
./docs/r74/R74_CRITICAL_HASHES.txt: OK
./docs/r74/R74_NPM_TEST.exitcode: OK
./docs/r74/R74_NPM_TEST.log: OK
./docs/r74/R74_QA_SUMMARY.json: OK
./docs/r74/R74_SECRET_SCAN.txt: OK
./docs/r74/ROLLBACK_20125_R74.md: OK
./docs/r74/SUPABASE_LIVE_AUDIT_20125_R74.md: OK
./docs/r76/KOMBAX_20127_R76_QA_SUMMARY.json: OK
./docs/r76/KOMBAX_R76_SOCIAL_DISCOVERY_PREMIUM_AUDIT.md: OK
./docs/r76/R76_CRITICAL_HASHES.txt: OK
./docs/releases/R64_2_AUDIT.md: OK
./docs/releases/R64_2_CAPABILITIES_MATRIX.md: OK
./docs/releases/R64_2_CHANGED_FILES.json: OK
./docs/releases/R64_2_CHANGED_FILES.md: OK
./docs/releases/R64_2_CHECKLISTS.md: OK
./docs/releases/R64_2_FEE_PARTNER_MATRIX.md: OK
./docs/releases/R64_2_IMPLEMENTATION.md: OK
./docs/releases/R64_2_PENDING.md: OK
./docs/releases/R64_2_PRICING_MATRIX.md: OK
./docs/releases/R64_2_PROFILE_MATRIX.md: OK
./docs/releases/R64_2_QA.md: OK
./docs/releases/R64_2_ROLLBACK.md: OK
./docs/releases/R64_4_IMPLEMENTATION_REPORT.md: OK
./docs/releases/R64_4_PENDING.md: OK
./docs/releases/R64_4_PRICING_MATRIX.md: OK
./docs/releases/R64_4_QA.md: OK
./docs/releases/R64_4_ROLLBACK.md: OK
./ios/KombaxIOS/Info.plist: OK
./ios/KombaxIOS/KombaxApp.swift: OK
./ios/KombaxIOS/KombaxIOS.entitlements: OK
./ios/KombaxIOS/KombaxTerminalBridge.swift: OK
./ios/KombaxIOS/KombaxWebView.swift: OK
./ios/README.md: OK
./ios/project.yml: OK
./load/k6-kombax-10k-concurrent.js: OK
./load/k6-kombax-capacity.js: OK
./maintenance/INDEX.md: OK
./maintenance/R54/CHANGED_FILES.md: OK
./maintenance/R54/EVENTS_FLOW_QUALITY.md: OK
./maintenance/R54/QA_HANDOFF.md: OK
./maintenance/R54/WORKMAP.md: OK
./maintenance/R54/logs/QA_R54_ANDROID_DEBUG.log: OK
./maintenance/R54/logs/QA_R54_FULL_TEST.log: OK
./maintenance/R56/AUDIT_PROFILE_PUBLIC_UX_R56.md: OK
./maintenance/R56/INDEX.md: OK
./maintenance/R56/PILOT_FREEZE_READINESS_20106_R56.md: OK
./maintenance/R56/PLAN_IMPLEMENTACION_R56.md: OK
./maintenance/R56/QA_HANDOFF_20106_R56.md: OK
./netlify.toml: OK
./package.json: OK
./pnpm-lock.yaml: OK
./qa/R64_1_RESPONSIVE_NAV_QA.md: OK
./qa/r34/PARITY_R34.json: OK
./qa/r34/R34_ANDROID_PREFLIGHT.log: OK
./qa/r34/R34_BUILD.log: OK
./qa/r34/R34_FULL_REGRESSION.log: OK
./qa/r34/R34_TARGETED_AUDIT.log: OK
./qa/r34/SOURCE_COUNTS.txt: OK
./qa/r36/LIVE_BACKEND_R36_AUDIT.md: OK
./qa/r36/PARITY_R36.json: OK
./qa/r36/R36_ANDROID_PREFLIGHT.log: OK
./qa/r36/R36_BUILD.log: OK
./qa/r36/R36_FULL_REGRESSION.log: OK
./qa/r36/R36_PORTABILITY_SECURITY_SCAN.log: OK
./qa/r36/R36_TARGETED_AUDIT.log: OK
./qa/r36/SOURCE_COUNTS.txt: OK
./qa/r37/PARITY_R37.json: OK
./qa/r37/R37_ANDROID_PREFLIGHT.log: OK
./qa/r37/R37_ANDROID_PREFLIGHT_FINAL.log: OK
./qa/r37/R37_BUILD.log: OK
./qa/r37/R37_BUILD_FINAL.log: OK
./qa/r37/R37_FULL_REGRESSION.log: OK
./qa/r37/R37_FULL_REGRESSION_FINAL.log: OK
./qa/r37/R37_TARGETED_FINAL.log: OK
./qa/r37/R37_TARGETED_REGRESSION.log: OK
./qa/r39-final/android-preflight.log: OK
./qa/r39-final/build.log: OK
./qa/r39-final/npm-test.log: OK
./qa/r64_2/android-preflight.exitcode: OK
./qa/r64_2/android-preflight.log: OK
./qa/r64_2/build.log: OK
./qa/r64_2/r64_2_secret_scan.log: OK
./qa/r64_2/test-kombax-20097-events-workspace-isolation.exitcode: OK
./qa/r64_2/test-kombax-20097-events-workspace-isolation.log: OK
./qa/r64_2/test-kombax-20101-event-creator-r14.exitcode: OK
./qa/r64_2/test-kombax-20101-event-creator-r14.log: OK
./qa/r64_2/test-kombax-20101-showcase-urban-products-r19.exitcode: OK
./qa/r64_2/test-kombax-20101-showcase-urban-products-r19.log: OK
./qa/r64_2/test-kombax-20108-r58-identity-memberships-media.exitcode: OK
./qa/r64_2/test-kombax-20108-r58-identity-memberships-media.log: OK
./qa/r64_2/test-kombax-20109-r59-enrollment-activation-accounts.exitcode: OK
./qa/r64_2/test-kombax-20109-r59-enrollment-activation-accounts.log: OK
./qa/r64_2/test-kombax-20112-r64-1-global-responsive-navigation.exitcode: OK
./qa/r64_2/test-kombax-20112-r64-1-global-responsive-navigation.log: OK
./qa/r64_2/test-kombax-20112-r64-1-legal-assist-specialists.exitcode: OK
./qa/r64_2/test-kombax-20112-r64-1-legal-assist-specialists.log: OK
./qa/r64_2/test-kombax-20112-r64-commercial-pricing.exitcode: OK
./qa/r64_2/test-kombax-20112-r64-commercial-pricing.log: OK
./qa/r64_2/test-kombax-20113-r64-2-club-onboarding-premium.log: OK
./scripts/android-debug-qa.mjs: OK
./scripts/android-play-bundle.mjs: OK
./scripts/android-release-preflight.mjs: OK
./scripts/backup-kombax-full.ps1: OK
./scripts/backup-supabase-free.ps1: OK
./scripts/backup-supabase-storage.mjs: OK
./scripts/build-r80-payments-guide.py: OK
./scripts/build-rb02-exact-copy.mjs: OK
./scripts/build.mjs: OK
./scripts/create-kombax-guides-preblock.py: OK
./scripts/data/r79-i18n-phase6-10-inventory.json: OK
./scripts/fixtures/r64-global-nav-responsive.html: OK
./scripts/fixtures/r64-responsive-matrix.html: OK
./scripts/generate-kombax-load-fixture.mjs: OK
./scripts/generate-kombax-migration-guide-r60.py: OK
./scripts/generate-r81-payments-guide.py: OK
./scripts/i18n-all8-activation-gate.mjs: OK
./scripts/i18n-b03-scope-audit.mjs: OK
./scripts/i18n-en-quality-gate.mjs: OK
./scripts/i18n-hardcode-audit.mjs: OK
./scripts/i18n-inventory.mjs: OK
./scripts/i18n-public-surface-audit.mjs: OK
./scripts/i18n-r78-full-product-audit.mjs: OK
./scripts/i18n-r79-full-product-audit.mjs: OK
./scripts/i18n-runtime-copy-audit.mjs: OK
./scripts/i18n-system-channel-audit.mjs: OK
./scripts/i18n-universal-content-gate.mjs: OK
./scripts/i18n-validate.mjs: OK
./scripts/release-legal-gate.mjs: OK
./scripts/restore-supabase-db.ps1: OK
./scripts/restore-supabase-storage.mjs: OK
./scripts/serve.mjs: OK
./scripts/test-architecture.mjs: OK
./scripts/test-auth-email-templates-20072.mjs: OK
./scripts/test-auth-email-templates-20073.mjs: OK
./scripts/test-backup-storage-20071.mjs: OK
./scripts/test-contract.mjs: OK
./scripts/test-disaster-recovery-20072.mjs: OK
./scripts/test-health-20072.mjs: OK
./scripts/test-kombax-20022.mjs: OK
./scripts/test-kombax-20023.mjs: OK
./scripts/test-kombax-20024.mjs: OK
./scripts/test-kombax-20025.mjs: OK
./scripts/test-kombax-20026-premium.mjs: OK
./scripts/test-kombax-20027-implementation.mjs: OK
./scripts/test-kombax-20028-implementation.mjs: OK
./scripts/test-kombax-20029-social-showcase.mjs: OK
./scripts/test-kombax-20030-monitor-scopes.mjs: OK
./scripts/test-kombax-20031-social-profile-avatar.mjs: OK
./scripts/test-kombax-20032-invitations.mjs: OK
./scripts/test-kombax-20033-club-access-codes.mjs: OK
./scripts/test-kombax-20034-premium-neon-global.mjs: OK
./scripts/test-kombax-20035-social-showcase-audit.mjs: OK
./scripts/test-kombax-20036-interactive-club-manual.mjs: OK
./scripts/test-kombax-20037-release-hardening.mjs: OK
./scripts/test-kombax-20038-identity-album-media.mjs: OK
./scripts/test-kombax-20039-member-manual.mjs: OK
./scripts/test-kombax-20040-social-affiliation-contact.mjs: OK
./scripts/test-kombax-20041-content-lifecycle-media.mjs: OK
./scripts/test-kombax-20042-gateway-brand.mjs: OK
./scripts/test-kombax-20043-relations-privacy.mjs: OK
./scripts/test-kombax-20044-verified-profiles.mjs: OK
./scripts/test-kombax-20045-public-profiles-audiences.mjs: OK
./scripts/test-kombax-20046-security.mjs: OK
./scripts/test-kombax-20047-member-profile.mjs: OK
./scripts/test-kombax-20048-prefreeze.mjs: OK
./scripts/test-kombax-20049-auth-receipts.mjs: OK
./scripts/test-kombax-20050-account-security.mjs: OK
./scripts/test-kombax-20051-security-ui-transversal.mjs: OK
./scripts/test-kombax-20052-club-onboarding.mjs: OK
./scripts/test-kombax-20053-club-verification.mjs: OK
./scripts/test-kombax-20054-social-product-limits.mjs: OK
./scripts/test-kombax-20055-mvp-profile-scope.mjs: OK
./scripts/test-kombax-20056-club-navigation-branding.mjs: OK
./scripts/test-kombax-20057-relational-fk-indexes.mjs: OK
./scripts/test-kombax-20057-rls-policy-consolidation.mjs: OK
./scripts/test-kombax-20057-supabase-consolidation.mjs: OK
./scripts/test-kombax-20058-header-activity.mjs: OK
./scripts/test-kombax-20058-navigation-session-ux.mjs: OK
./scripts/test-kombax-20059-read-receipts.mjs: OK
./scripts/test-kombax-20059-unlimited-chat.mjs: OK
./scripts/test-kombax-20060-performance-scale.mjs: OK
./scripts/test-kombax-20061-10k-scale.mjs: OK
./scripts/test-kombax-20062-competitor-reopen-promo.mjs: OK
./scripts/test-kombax-20063-social-messaging-final.mjs: OK
./scripts/test-kombax-20064-master-admin-cleanup.mjs: OK
./scripts/test-kombax-20065-role-invitations.mjs: OK
./scripts/test-kombax-20066-qa-fixes.mjs: OK
./scripts/test-kombax-20067-owner-password-only.mjs: OK
./scripts/test-kombax-20068-showcase-profiles.mjs: OK
./scripts/test-kombax-20069-global-admin-moderation.mjs: OK
./scripts/test-kombax-20070-pilot-readiness.mjs: OK
./scripts/test-kombax-20071-security-privacy-hardening.mjs: OK
./scripts/test-kombax-20072-legal-child-safety-ops.mjs: OK
./scripts/test-kombax-20072-platform-legal.mjs: OK
./scripts/test-kombax-20072-verifier-storage.mjs: OK
./scripts/test-kombax-20073-email-ux-polish.mjs: OK
./scripts/test-kombax-20074-team-email-invitations.mjs: OK
./scripts/test-kombax-20075-student-email-invitations.mjs: OK
./scripts/test-kombax-20076-banner-positioning.mjs: OK
./scripts/test-kombax-20077-backup-export-gateway.mjs: OK
./scripts/test-kombax-20077-backup-ops.mjs: OK
./scripts/test-kombax-20077-data-lifecycle.mjs: OK
./scripts/test-kombax-20077-owner-password-critical-otp.mjs: OK
./scripts/test-kombax-20077-owner-support.mjs: OK
./scripts/test-kombax-20078-public-product-overview.mjs: OK
./scripts/test-kombax-20079-finance-premium-foundation.mjs: OK
./scripts/test-kombax-20080-finance-premium.mjs: OK
./scripts/test-kombax-20081-finance-reports.mjs: OK
./scripts/test-kombax-20082-finance-qa.mjs: OK
./scripts/test-kombax-20082-finance-regression-matrix.mjs: OK
./scripts/test-kombax-20083-context-isolation.mjs: OK
./scripts/test-kombax-20083-finance-final.mjs: OK
./scripts/test-kombax-20083-release.mjs: OK
./scripts/test-kombax-20084-context-regression.mjs: OK
./scripts/test-kombax-20084-cumulative-release.mjs: OK
./scripts/test-kombax-20084-pilot-release.mjs: OK
./scripts/test-kombax-20084-security-go-live.mjs: OK
./scripts/test-kombax-20085-premium-finance-social.mjs: OK
./scripts/test-kombax-20086-finance-receipts-reports-visuals.mjs: OK
./scripts/test-kombax-20087-finance-explorer-stability.mjs: OK
./scripts/test-kombax-20088-finance-mobile-responsive.mjs: OK
./scripts/test-kombax-20089-finance-user-language.mjs: OK
./scripts/test-kombax-20090-events-foundation.mjs: OK
./scripts/test-kombax-20091-events-organizations.mjs: OK
./scripts/test-kombax-20092-fighters-fight-cards.mjs: OK
./scripts/test-kombax-20093-events-social-viral.mjs: OK
./scripts/test-kombax-20094-live-results-highlights-history.mjs: OK
./scripts/test-kombax-20095-integration-hardening.mjs: OK
./scripts/test-kombax-20096-events-premium-visual.mjs: OK
./scripts/test-kombax-20097-events-workspace-isolation.mjs: OK
./scripts/test-kombax-20098-events-large-format.mjs: OK
./scripts/test-kombax-20099-events-official-album-media.mjs: OK
./scripts/test-kombax-20100-brand-heroes.mjs: OK
./scripts/test-kombax-20101-android-fighter-images-r17.mjs: OK
./scripts/test-kombax-20101-assistance-allowances-v213.mjs: OK
./scripts/test-kombax-20101-customer-ops-v05.mjs: OK
./scripts/test-kombax-20101-demo-event-image-routing-r18.mjs: OK
./scripts/test-kombax-20101-demo-event-showcase.mjs: OK
./scripts/test-kombax-20101-event-creator-r14.mjs: OK
./scripts/test-kombax-20101-event-management-r16.mjs: OK
./scripts/test-kombax-20101-event-visual-editor-hardening.mjs: OK
./scripts/test-kombax-20101-events-filter-create-r6.mjs: OK
./scripts/test-kombax-20101-federation-licenses-r33.mjs: OK
./scripts/test-kombax-20101-gateway-atmospheric-r7.mjs: OK
./scripts/test-kombax-20101-gateway-reframe-r12.mjs: OK
./scripts/test-kombax-20101-global-media-framing-r21.mjs: OK
./scripts/test-kombax-20101-managed-profile-hubs-r29.mjs: OK
./scripts/test-kombax-20101-mobile-events-fightcards-r13.mjs: OK
./scripts/test-kombax-20101-performance-scale-r22.mjs: OK
./scripts/test-kombax-20101-pilot-stabilization-r25.mjs: OK
./scripts/test-kombax-20101-privacy-support-events-nav-r26.mjs: OK
./scripts/test-kombax-20101-professional-finance-r31.mjs: OK
./scripts/test-kombax-20101-professional-relations-r30.mjs: OK
./scripts/test-kombax-20101-profile-capability-r28.mjs: OK
./scripts/test-kombax-20101-profile-matrix-r32.mjs: OK
./scripts/test-kombax-20101-r33-1-federation-ux.mjs: OK
./scripts/test-kombax-20101-r34-assist-preparation.mjs: OK
./scripts/test-kombax-20101-r35-event-centric-preparation.mjs: OK
./scripts/test-kombax-20101-r36-event-links-fighter-discovery.mjs: OK
./scripts/test-kombax-20101-r37-brand-business-hub.mjs: OK
./scripts/test-kombax-20101-r38-assist-chat-migration-economy.mjs: OK
./scripts/test-kombax-20101-r39-club-navigation-migrations.mjs: OK
./scripts/test-kombax-20101-r40-social-events-visibility.mjs: OK
./scripts/test-kombax-20101-r42-freeze-candidate.mjs: OK
./scripts/test-kombax-20101-r43-org-assist-priority.mjs: OK
./scripts/test-kombax-20101-r44-events-flow-stability.mjs: OK
./scripts/test-kombax-20101-r45-showcase-mobile-visual.mjs: OK
./scripts/test-kombax-20101-r46-social-feed-relevance.mjs: OK
./scripts/test-kombax-20101-r47-social-visibility-media-flow.mjs: OK
./scripts/test-kombax-20101-r48-events-premium-polish.mjs: OK
./scripts/test-kombax-20101-r49-social-events-final-polish.mjs: OK
./scripts/test-kombax-20101-r50-media-framing-hd60.mjs: OK
./scripts/test-kombax-20101-r51-video-covers-album-framing.mjs: OK
./scripts/test-kombax-20101-r52-1-android-build.mjs: OK
./scripts/test-kombax-20101-r52-2-social-android-poster.mjs: OK
./scripts/test-kombax-20101-r52-social-video-cover-inheritance.mjs: OK
./scripts/test-kombax-20101-r53-pilot-network-profile-events.mjs: OK
./scripts/test-kombax-20101-real-alpha-smoke-r11.mjs: OK
./scripts/test-kombax-20101-responsive-visual-tuning-r15.mjs: OK
./scripts/test-kombax-20101-showcase-urban-products-r19.mjs: OK
./scripts/test-kombax-20101-single-main-event-r18.mjs: OK
./scripts/test-kombax-20101-social-smoke-r10.mjs: OK
./scripts/test-kombax-20101-support-email-frontend-r27.mjs: OK
./scripts/test-kombax-20101-urban-fighter-images-r23.mjs: OK
./scripts/test-kombax-20101-urban-realism-r18.mjs: OK
./scripts/test-kombax-20101-urban-warriors-jiujitsu-r8.mjs: OK
./scripts/test-kombax-20101-urban-warriors-muay-thai-seminar-r20.mjs: OK
./scripts/test-kombax-20101-visual-hero-r9.mjs: OK
./scripts/test-kombax-20104-r54-events-flow-mobile-quality.mjs: OK
./scripts/test-kombax-20105-r55-events-media-architecture.mjs: OK
./scripts/test-kombax-20105-r55-events-media-load-budget.mjs: OK
./scripts/test-kombax-20106-r56-profile-public-ux.mjs: OK
./scripts/test-kombax-20107-r57-social-info-ux.mjs: OK
./scripts/test-kombax-20108-r58-identity-memberships-media.mjs: OK
./scripts/test-kombax-20109-r59-enrollment-activation-accounts.mjs: OK
./scripts/test-kombax-20110-r60-events-navigation-flow.mjs: OK
./scripts/test-kombax-20110-r60-final-pilot-assist-conversations.mjs: OK
./scripts/test-kombax-20110-r60-global-back-close-navigation.mjs: OK
./scripts/test-kombax-20110-r60-migrations-guide-history.mjs: OK
./scripts/test-kombax-20110-r60-mobile-nav-media-hero-flow.mjs: OK
./scripts/test-kombax-20110-r60-nav-support-privacy-delete-hero.mjs: OK
./scripts/test-kombax-20110-r60-pilot-final-profile-chat-polish.mjs: OK
./scripts/test-kombax-20110-r61-payments-commerce.mjs: OK
./scripts/test-kombax-20110-r62-4-sql-integrity.mjs: OK
./scripts/test-kombax-20110-r62-4-stripe-connect-hardening.mjs: OK
./scripts/test-kombax-20110-r62-5-2-ticket-qr-access-sidebar.mjs: OK
./scripts/test-kombax-20110-r62-5-3-ticket-personalization.mjs: OK
./scripts/test-kombax-20110-r62-5-showcase-events-ticketing.mjs: OK
./scripts/test-kombax-20110-r62-6-social-discovery.mjs: OK
./scripts/test-kombax-20110-r62-7-showcase-marketplace-owner.mjs: OK
./scripts/test-kombax-20110-r62-8-showcase-events-commercial.mjs: OK
./scripts/test-kombax-20111-r63-commercial-compliance.mjs: OK
./scripts/test-kombax-20112-r64-1-global-responsive-navigation.mjs: OK
./scripts/test-kombax-20112-r64-1-legal-assist-specialists.mjs: OK
./scripts/test-kombax-20112-r64-commercial-pricing.mjs: OK
./scripts/test-kombax-20112-r64-legal-runtime-alignment.mjs: OK
./scripts/test-kombax-20113-r64-2-club-onboarding-premium.mjs: OK
./scripts/test-kombax-20114-r64-3-showcase-commerce-ticketing.mjs: OK
./scripts/test-kombax-20115-r64-4-final-pricing.mjs: OK
./scripts/test-kombax-20116-r65-commerce-events-operations.mjs: OK
./scripts/test-kombax-20116-r65-release-regression.mjs: OK
./scripts/test-kombax-20117-r66-commercial-discovery.mjs: OK
./scripts/test-kombax-20117-r66-release-regression.mjs: OK
./scripts/test-kombax-20118-r67-commercial-continuity.mjs: OK
./scripts/test-kombax-20118-r67-identity-spectator.mjs: OK
./scripts/test-kombax-20118-r67-release-regression.mjs: OK
./scripts/test-kombax-20119-r68-commercial-continuity.mjs: OK
./scripts/test-kombax-20119-r68-identity-spectator.mjs: OK
./scripts/test-kombax-20119-r68-release-regression.mjs: OK
./scripts/test-kombax-20119-r68-showcase-seller-center.mjs: OK
./scripts/test-kombax-20120-r69-commercial-continuity.mjs: OK
./scripts/test-kombax-20120-r69-events-operations-center.mjs: OK
./scripts/test-kombax-20120-r69-identity-spectator.mjs: OK
./scripts/test-kombax-20120-r69-release-regression.mjs: OK
./scripts/test-kombax-20120-r69-showcase-seller-center.mjs: OK
./scripts/test-kombax-20121-r70-commercial-continuity.mjs: OK
./scripts/test-kombax-20121-r70-events-operations-center.mjs: OK
./scripts/test-kombax-20121-r70-identity-spectator.mjs: OK
./scripts/test-kombax-20121-r70-release-regression.mjs: OK
./scripts/test-kombax-20121-r70-showcase-seller-center.mjs: OK
./scripts/test-kombax-20121-r70-sidebar-private-centers.mjs: OK
./scripts/test-kombax-20122-r71-commercial-continuity.mjs: OK
./scripts/test-kombax-20122-r71-events-operations-center.mjs: OK
./scripts/test-kombax-20122-r71-identity-spectator.mjs: OK
./scripts/test-kombax-20122-r71-release-regression.mjs: OK
./scripts/test-kombax-20122-r71-showcase-seller-center.mjs: OK
./scripts/test-kombax-20122-r71-sidebar-product-accordions.mjs: OK
./scripts/test-kombax-20123-r72-commercial-continuity.mjs: OK
./scripts/test-kombax-20123-r72-events-operations-center.mjs: OK
./scripts/test-kombax-20123-r72-identity-spectator.mjs: OK
./scripts/test-kombax-20123-r72-release-regression.mjs: OK
./scripts/test-kombax-20123-r72-reputation-catalog.mjs: OK
./scripts/test-kombax-20123-r72-showcase-seller-center.mjs: OK
./scripts/test-kombax-20123-r72-sidebar-product-accordions.mjs: OK
./scripts/test-kombax-20124-r73-reputation-community-completion.mjs: OK
./scripts/test-kombax-20125-r74-i18n-showcase-events-multiclub.mjs: OK
./scripts/test-kombax-20126-r75-showcase-context-separation.mjs: OK
./scripts/test-kombax-20127-r76-social-discovery-premium.mjs: OK
./scripts/test-kombax-20128-r77-premium-analytics-reports.mjs: OK
./scripts/test-kombax-20129-r78-i18n-phases-1-5.mjs: OK
./scripts/test-kombax-20130-r79-i18n-phases-6-10.mjs: OK
./scripts/test-kombax-20131-r80-stripe-sepa-payments.mjs: OK
./scripts/test-kombax-20132-r80-payments-visibility-hotfix.mjs: OK
./scripts/test-kombax-20133-r81-tap-to-pay.mjs: OK
./scripts/test-kombax-20134-phase0-audit-freeze.mjs: OK
./scripts/test-kombax-i18n-b01.mjs: OK
./scripts/test-kombax-i18n-b02.mjs: OK
./scripts/test-kombax-i18n-b03.mjs: OK
./scripts/test-kombax-i18n-b04.mjs: OK
./scripts/test-kombax-i18n-remediation-rb01.mjs: OK
./scripts/test-kombax-i18n-remediation-rb02.mjs: OK
./scripts/test-kombax-preblock-design-content.mjs: OK
./scripts/test-rc10.mjs: OK
./scripts/test-rc12-finance-receipts.mjs: OK
./scripts/test-rc13-android-play-readiness.mjs: OK
./scripts/test-rc13-backend-gate.mjs: OK
./scripts/test-rc13-club-public-profile.mjs: OK
./scripts/test-rc13-events.mjs: OK
./scripts/test-rc13-final-polish.mjs: OK
./scripts/test-rc13-finance-math.mjs: OK
./scripts/test-rc13-notifications-actionable.mjs: OK
./scripts/test-rc13-responsive.mjs: OK
./scripts/test-rc13-social-access-safety.mjs: OK
./scripts/test-rc13-social-profiles.mjs: OK
./scripts/test-rc13-sql-chain.mjs: OK
./scripts/test-rc4.mjs: OK
./scripts/test-rc5.mjs: OK
./scripts/test-rc6.mjs: OK
./scripts/test-rc7.mjs: OK
./scripts/test-rc8.mjs: OK
./scripts/test-rc9.mjs: OK
./scripts/test-recovery-023.mjs: OK
./scripts/test-release-b-safe-areas.mjs: OK
./scripts/test-release-c-firebase-safe.mjs: OK
./scripts/test-release-d-reminders.mjs: OK
./scripts/test-release-e-finance.mjs: OK
./scripts/test-release-f-material.mjs: OK
./scripts/test-release-g-community.mjs: OK
./scripts/test-release-h-images.mjs: OK
./scripts/test-release-i-video.mjs: OK
./scripts/test-release-j-multiclub.mjs: OK
./supabase/.temp/cli-latest: OK
./supabase/.temp/linked-project.json: OK
./supabase/.temp/postgres-version: OK
./supabase/auth_templates/README_20049.md: OK
./supabase/auth_templates/README_20072.md: OK
./supabase/auth_templates/README_20073.md: OK
./supabase/auth_templates/confirmation_20072.html: OK
./supabase/auth_templates/confirmation_20073.html: OK
./supabase/auth_templates/confirmation_20124_i18n.html: OK
./supabase/auth_templates/invite_20072.html: OK
./supabase/auth_templates/invite_20073.html: OK
./supabase/auth_templates/invite_20124_i18n.html: OK
./supabase/auth_templates/magic_link_otp_20072.html: OK
./supabase/auth_templates/magic_link_otp_20073.html: OK
./supabase/auth_templates/magic_link_otp_20124_i18n.html: OK
./supabase/auth_templates/password_changed_20072.html: OK
./supabase/auth_templates/password_changed_20073.html: OK
./supabase/auth_templates/password_changed_20124_i18n.html: OK
./supabase/auth_templates/reauthentication_otp_20072.html: OK
./supabase/auth_templates/reauthentication_otp_20073.html: OK
./supabase/auth_templates/reauthentication_otp_20124_i18n.html: OK
./supabase/auth_templates/recovery_otp_20049.html: OK
./supabase/auth_templates/recovery_otp_20072.html: OK
./supabase/auth_templates/recovery_otp_20073.html: OK
./supabase/auth_templates/recovery_otp_20124_i18n.html: OK
./supabase/config.toml: OK
./supabase/cron_notification_dispatch.sql.example: OK
./supabase/cron_payment_reminders.sql.example: OK
./supabase/fixtures/040_demo_clubs.sql: OK
./supabase/fixtures/load/010_clubs.sql: OK
./supabase/fixtures/load/050_clubs.sql: OK
./supabase/fixtures/load/100_clubs.sql: OK
./supabase/functions/_shared/cron-security.ts: OK
./supabase/functions/_shared/stripe.ts: OK
./supabase/functions/account-deletion-executor/index.ts: OK
./supabase/functions/backup-export-20077/index.ts: OK
./supabase/functions/backup-verify-20077/index.ts: OK
./supabase/functions/event-media-url/index.ts: OK
./supabase/functions/finance-recurring/index.ts: OK
./supabase/functions/finance-report/index.ts: OK
./supabase/functions/health/index.ts: OK
./supabase/functions/invite-email/index.ts: OK
./supabase/functions/kombax-assist-r38/deno.json: OK
./supabase/functions/kombax-assist-r38/index.ts: OK
./supabase/functions/kombax-content-translate/deno.json: OK
./supabase/functions/kombax-content-translate/index.ts: OK
./supabase/functions/kombax-history-delete-r60/index.ts: OK
./supabase/functions/kombax-report-r77/index.ts: OK
./supabase/functions/migration-guide-r60/guide-pdf.ts: OK
./supabase/functions/migration-guide-r60/guide-pdfs-i18n.ts: OK
./supabase/functions/migration-guide-r60/index.ts: OK
./supabase/functions/notification-dispatch/index.ts: OK
./supabase/functions/payment-reminders/index.ts: OK
./supabase/functions/stripe-account-finance/index.ts: OK
./supabase/functions/stripe-checkout/index.ts: OK
./supabase/functions/stripe-connect/index.ts: OK
./supabase/functions/stripe-refund/index.ts: OK
./supabase/functions/stripe-sepa/index.ts: OK
./supabase/functions/stripe-terminal/index.ts: OK
./supabase/functions/stripe-webhook/index.ts: OK
./supabase/migration_archive/20260910192600_kombax_showcase_orders_events_ticketing_stripe_r62_5.sql: OK
./supabase/migration_archive/R65_CONSOLIDATED_REFERENCE_20260914003000.sql: OK
./supabase/migrations/001_phase1_complete.sql: OK
./supabase/migrations/002_access_payments_posts_notifications.sql: OK
./supabase/migrations/003_extend_fee_status.sql: OK
./supabase/migrations/004_payment_reminders_workflow.sql: OK
./supabase/migrations/005_security_hardening.sql: OK
./supabase/migrations/006_production_runtime_fixes.sql: OK
./supabase/migrations/007_operational_v130.sql: OK
./supabase/migrations/008_audit_operational_v131.sql: OK
./supabase/migrations/009_final_operational_v140.sql: OK
./supabase/migrations/010_family_multisport_firebase_final.sql: OK
./supabase/migrations/012_operational_integrity_v152.sql: OK
./supabase/migrations/013_autotest_signature_fix_v152.sql: OK
./supabase/migrations/014_autotest_notification_fix_v152.sql: OK
./supabase/migrations/015_mutation_governance_v160.sql: OK
./supabase/migrations/016_recibos_cuota.sql: OK
./supabase/migrations/017_persistence_recovery_v161.sql: OK
./supabase/migrations/018_final_product_lifecycle_documents_v162.sql: OK
./supabase/migrations/019_final_deletion_media_cleanup_v163.sql: OK
./supabase/migrations/020_session_reservations_document_download_v164.sql: OK
./supabase/migrations/021_access_roles_gestor_coordinacion_v165.sql: OK
./supabase/migrations/022_rc10_final_mvp_v166.sql: OK
./supabase/migrations/023_restore_rc10_gateway_v166.sql: OK
./supabase/migrations/024_finance_annual_metrics.sql: OK
./supabase/migrations/025_material_validation_finance.sql: OK
./supabase/migrations/026_material_payment_reminders.sql: OK
./supabase/migrations/027_community_cursor_index.sql: OK
./supabase/migrations/028_community_image_metadata.sql: OK
./supabase/migrations/029_community_video_covers.sql: OK
./supabase/migrations/030_multiclub_rls_performance.sql: OK
./supabase/migrations/031_finance_receipts_breakdown.sql: OK
./supabase/migrations/032_social_profiles_likes.sql: OK
./supabase/migrations/033_events_competitions.sql: OK
./supabase/migrations/034_notifications_actionable.sql: OK
./supabase/migrations/035_club_public_profile.sql: OK
./supabase/migrations/036_social_access_safety_age.sql: OK
./supabase/migrations/037_notification_read_consistency.sql: OK
./supabase/migrations/038_content_lifecycle.sql: OK
./supabase/migrations/039_club_branding_themes.sql: OK
./supabase/migrations/040_kombax_gateway_multiclub.sql: OK
./supabase/migrations/041_kombax_social_alpha.sql: OK
./supabase/migrations/042_kombax_showcase.sql: OK
./supabase/migrations/043_kombax_profiles_verification_album.sql: OK
./supabase/migrations/044_kombax_social_interactions.sql: OK
./supabase/migrations/045_kombax_relations_showcase_limits.sql: OK
./supabase/migrations/046_kombax_club_album.sql: OK
./supabase/migrations/047_account_deletion_requests.sql: OK
./supabase/migrations/048_kombax_showcase_global_mutation.sql: OK
./supabase/migrations/049_kombax_social_global_access.sql: OK
./supabase/migrations/050_kombax_ugc_moderation_compliance.sql: OK
./supabase/migrations/051_kombax_identity_context.sql: OK
./supabase/migrations/052_kombax_public_profiles.sql: OK
./supabase/migrations/053_kombax_social_media_publisher.sql: OK
./supabase/migrations/054_kombax_showcase_actions.sql: OK
./supabase/migrations/055_kombax_platform_admin.sql: OK
./supabase/migrations/056_kombax_release_contract.sql: OK
./supabase/migrations/057_club_work_scopes_finance_privacy.sql: OK
./supabase/migrations/058_kombax_social_profile_avatar_consistency.sql: OK
./supabase/migrations/059_kombax_invitation_codes.sql: OK
./supabase/migrations/060_kombax_club_access_codes.sql: OK
./supabase/migrations/061_kombax_premium_neon_theme_public_profiles.sql: OK
./supabase/migrations/062_kombax_social_showcase_audit_hardening.sql: OK
./supabase/migrations/063_kombax_identity_album_media_20038.sql: OK
./supabase/migrations/064_kombax_identity_helpers_hardening_20038.sql: OK
./supabase/migrations/065_kombax_social_affiliation_contact_20040.sql: OK
./supabase/migrations/066_kombax_contact_index_hardening_20040.sql: OK
./supabase/migrations/067_kombax_content_lifecycle_media_20041.sql: OK
./supabase/migrations/068_kombax_relations_privacy_20043.sql: OK
./supabase/migrations/069_kombax_verified_identity_policy_20044.sql: OK
./supabase/migrations/070_kombax_profile_governance_managers_20044.sql: OK
./supabase/migrations/071_kombax_plans_entitlements_20044.sql: OK
./supabase/migrations/072_kombax_verified_profiles_validation_20044.sql: OK
./supabase/migrations/073_kombax_competitor_identity_continuity_20044.sql: OK
./supabase/migrations/074_kombax_verified_profiles_social_guards_20044.sql: OK
./supabase/migrations/075_kombax_verified_profiles_public_apis_20044.sql: OK
./supabase/migrations/076_kombax_verified_profiles_owner_apis_20044.sql: OK
./supabase/migrations/077_kombax_verified_profiles_mutations_20044.sql: OK
./supabase/migrations/078_kombax_verified_profiles_media_20044.sql: OK
./supabase/migrations/079_kombax_verified_profiles_admin_hardening_20044.sql: OK
./supabase/migrations/080_kombax_subscription_window_hardening_20044.sql: OK
./supabase/migrations/081_kombax_verified_profile_internal_rpc_hardening_20044.sql: OK
./supabase/migrations/082_kombax_platform_owner_bootstrap_20044.sql: OK
./supabase/migrations/083_kombax_public_profiles_post_audiences_20045.sql: OK
./supabase/migrations/084_kombax_social_legacy_rpc_shutdown_20046.sql: OK
./supabase/migrations/085_kombax_restricted_social_media_20046.sql: OK
./supabase/migrations/086_kombax_access_code_rate_limit_20046.sql: OK
./supabase/migrations/087_kombax_api_surface_hardening_20046.sql: OK
./supabase/migrations/088_kombax_superseded_rpc_shutdown_20046.sql: OK
./supabase/migrations/089_kombax_internal_rpc_default_privileges_20046.sql: OK
./supabase/migrations/090_kombax_default_privileges_complete_20046.sql: OK
./supabase/migrations/091_kombax_media_preserved_impl_shutdown_20046.sql: OK
./supabase/migrations/092_kombax_internal_helper_shutdown_20046.sql: OK
./supabase/migrations/093_kombax_member_public_profile_null_badge_fix_20047.sql: OK
./supabase/migrations/094_kombax_canonical_member_profile_20048.sql: OK
./supabase/migrations/095_kombax_club_social_directory_20048.sql: OK
./supabase/migrations/096_kombax_multiclub_receipt_branding_20049.sql: OK
./supabase/migrations/097_kombax_club_onboarding_20052.sql: OK
./supabase/migrations/098_kombax_club_verification_20053.sql: OK
./supabase/migrations/099_kombax_social_product_limits_20054.sql: OK
./supabase/migrations/100_kombax_supabase_consolidation_20057.sql: OK
./supabase/migrations/101_kombax_rls_policy_consolidation_20057.sql: OK
./supabase/migrations/102_kombax_relational_fk_indexes_20057.sql: OK
./supabase/migrations/103_kombax_header_activity_20058.sql: OK
./supabase/migrations/104_kombax_unlimited_chat_20059.sql: OK
./supabase/migrations/105_kombax_platform_performance_20060.sql: OK
./supabase/migrations/106_kombax_10k_concurrent_scale_20061.sql: OK
./supabase/migrations/107_kombax_social_showcase_messaging_20063.sql: OK
./supabase/migrations/108_kombax_master_admin_otp_20064.sql: OK
./supabase/migrations/109_kombax_role_invitations_team_filter_20065.sql: OK
./supabase/migrations/111_kombax_club_verification_event_constraint_20068.sql: OK
./supabase/migrations/112_kombax_competitor_verified_age_social_20069.sql: OK
./supabase/migrations/113_kombax_showcase_all_profile_types_20068.sql: OK
./supabase/migrations/114_kombax_global_admin_moderation_20069.sql: OK
./supabase/migrations/115_kombax_global_admin_entity_search_fix_20069.sql: OK
./supabase/migrations/116_kombax_global_admin_account_state_fix_20069.sql: OK
./supabase/migrations/117_kombax_pilot_readiness_20070.sql: OK
./supabase/migrations/118_kombax_cron_service_role_fix_20070.sql: OK
./supabase/migrations/119_kombax_privacy_deletion_owner_20071.sql: OK
./supabase/migrations/120_kombax_club_push_mandatory_20071.sql: OK
./supabase/migrations/121_kombax_minor_social_guardian_consent_20071.sql: OK
./supabase/migrations/122_kombax_message_reporting_20071.sql: OK
./supabase/migrations/123_kombax_minor_social_safety_controls_20071.sql: OK
./supabase/migrations/124_kombax_social_rules_child_safety_20071.sql: OK
./supabase/migrations/125_kombax_minor_trigger_rpc_shutdown_20071.sql: OK
./supabase/migrations/126_kombax_legacy_anon_code_validator_shutdown_20071.sql: OK
./supabase/migrations/127_kombax_pilot_readiness_truth_20071.sql: OK
./supabase/migrations/128_kombax_verifier_storage_least_privilege_20072.sql: OK
./supabase/migrations/129_kombax_platform_legal_acceptance_20072.sql: OK
./supabase/migrations/130_kombax_student_email_invitation_constraint_20075.sql: OK
./supabase/migrations/131_kombax_profile_banner_position_20076.sql: OK
./supabase/migrations/132_kombax_club_public_banner_position_20076.sql: OK
./supabase/migrations/133_kombax_global_data_lifecycle_history_20077.sql: OK
./supabase/migrations/134_kombax_permanent_delete_20077.sql: OK
./supabase/migrations/135_kombax_metrics_store_collect_20077.sql: OK
./supabase/migrations/136_kombax_metrics_readers_20077.sql: OK
./supabase/migrations/137_kombax_retention_cron_20077.sql: OK
./supabase/migrations/138_kombax_metrics_backfill_truth_20077.sql: OK
./supabase/migrations/139_kombax_owner_password_session_critical_otp_20077.sql: OK
./supabase/migrations/140_kombax_owner_support_mode_20077.sql: OK
./supabase/migrations/141_kombax_backup_export_gateway_20077.sql: OK
./supabase/migrations/142_kombax_backup_run_tracking_20077.sql: OK
./supabase/migrations/143_kombax_finance_premium_v2_20079.sql: OK
./supabase/migrations/144_kombax_finance_premium_dashboard_v2_20080.sql: OK
./supabase/migrations/145_kombax_finance_premium_reports_v2_20081.sql: OK
./supabase/migrations/146_kombax_finance_premium_qa_v2_20082.sql: OK
./supabase/migrations/147_kombax_workspace_context_isolation_20083.sql: OK
./supabase/migrations/148_kombax_finance_premium_final_gate_20083.sql: OK
./supabase/migrations/149_kombax_security_go_live_20084.sql: OK
./supabase/migrations/150_kombax_finance_premium_visual_analytics_20085.sql: OK
./supabase/migrations/151_kombax_finance_premium_pilot_ui_20085.sql: OK
./supabase/migrations/152_kombax_finance_pilot_readiness_gate_fix_20085.sql: OK
./supabase/migrations/153_kombax_finance_gate_role_signature_fix_20085.sql: OK
./supabase/migrations/154_kombax_finance_security_supporting_indexes_20085.sql: OK
./supabase/migrations/155_kombax_finance_explorer_stability_20087.sql: OK
./supabase/migrations/156_kombax_finance_stability_hardening_20087.sql: OK
./supabase/migrations/157_kombax_finance_runtime_contract_20087.sql: OK
./supabase/migrations/158_kombax_finance_explorer_cross_filters_20087.sql: OK
./supabase/migrations/159_kombax_events_foundation_20090.sql: OK
./supabase/migrations/160_kombax_events_organizations_20091.sql: OK
./supabase/migrations/161_kombax_events_fighters_fight_cards_20092.sql: OK
./supabase/migrations/162_kombax_events_social_viral_20093.sql: OK
./supabase/migrations/163_kombax_events_fk_indexes_20093.sql: OK
./supabase/migrations/164_kombax_events_live_results_20094.sql: OK
./supabase/migrations/165_kombax_events_media_highlights_20094.sql: OK
./supabase/migrations/166_kombax_events_history_hardening_20094.sql: OK
./supabase/migrations/167_kombax_events_media_function_marker_20094.sql: OK
./supabase/migrations/168_kombax_events_result_write_path_hardening_20094.sql: OK
./supabase/migrations/169_kombax_events_fk_indexes_20094.sql: OK
./supabase/migrations/170_kombax_events_media_asset_acl_20094.sql: OK
./supabase/migrations/171_kombax_events_workspace_isolation_20097.sql: OK
./supabase/migrations/172_kombax_events_workspace_invitations_20097.sql: OK
./supabase/migrations/173_kombax_events_large_format_experience_20098.sql: OK
./supabase/migrations/174_kombax_events_large_format_helper_acl_20098.sql: OK
./supabase/migrations/175_kombax_events_official_album_media_20099.sql: OK
./supabase/migrations/176_kombax_events_album_idempotency_hardening_20099.sql: OK
./supabase/migrations/177_kombax_events_demo_showcase_20101.sql: OK
./supabase/migrations/178_kombax_events_visual_editor_hardening_20101.sql: OK
./supabase/migrations/179_kombax_events_urban_warriors_pilot_20101.sql: OK
./supabase/migrations/180_kombax_events_urban_warriors_jiujitsu_demo_20101_r8.sql: OK
./supabase/migrations/181_kombax_events_creator_participant_update_20101_r14.sql: OK
./supabase/migrations/183_kombax_events_single_main_event_demo_hardening_20101_r18.sql: OK
./supabase/migrations/183_kombax_events_urban_fighter_storage_repair_20101.sql: OK
./supabase/migrations/184_kombax_events_urban_realism_20101_r18.sql: OK
./supabase/migrations/185_kombax_showcase_urban_warriors_demo_products_20101_r19.sql: OK
./supabase/migrations/186_kombax_urban_warriors_muay_thai_seminar_20101_r20.sql: OK
./supabase/migrations/187_kombax_global_media_framing_20101_r21.sql: OK
./supabase/migrations/188_kombax_global_media_framing_completion_20101_r21.sql: OK
./supabase/migrations/189_kombax_events_performance_scale_fightcard_media_20101_r22.sql: OK
./supabase/migrations/190_kombax_events_bundle_roles_20101_r22.sql: OK
./supabase/migrations/191_kombax_events_keyset_asset_reuse_20101_r22.sql: OK
./supabase/migrations/194_kombax_authorized_support_privacy_20101_r26.sql: OK
./supabase/migrations/195_kombax_authorized_support_pgcrypto_fix_20101_r26.sql: OK
./supabase/migrations/199_kombax_managed_profile_hubs_20101_r29.sql: OK
./supabase/migrations/200_kombax_professional_relations_operations_20101_r30.sql: OK
./supabase/migrations/201_kombax_professional_relations_r30_advisor_hardening.sql: OK
./supabase/migrations/20260901070443_kombax_customer_operations_email_first_v030.sql: OK
./supabase/migrations/20260909183939_kombax_connect_direct_charges_stripe_managed_fees_r62.sql: OK
./supabase/migrations/20260910175619_kombax_stripe_connect_hardening_federation_r62_4.sql: OK
./supabase/migrations/20260910180156_kombax_r625_connect_event_organizer.sql: OK
./supabase/migrations/20260910180332_kombax_r625_ticketing_schema_seller.sql: OK
./supabase/migrations/20260910180404_kombax_r625_ticketing_rpcs.sql: OK
./supabase/migrations/20260910180447_kombax_r625_checkout_showcase_orders.sql: OK
./supabase/migrations/20260910180521_kombax_r625_webhook_privileges.sql: OK
./supabase/migrations/20260910180842_kombax_r625_pilot_security_performance_hardening.sql: OK
./supabase/migrations/20260911083016_kombax_r6252_event_ticket_qr_access.sql: OK
./supabase/migrations/20260911083146_kombax_r6252_qr_access_performance_hardening.sql: OK
./supabase/migrations/20260911085236_kombax_r6253_event_ticket_personalization.sql: OK
./supabase/migrations/20260911102242_kombax_r626_social_discovery.sql: OK
./supabase/migrations/20260911124000_kombax_r627_showcase_marketplace_owner.sql: OK
./supabase/migrations/20260911125400_kombax_r627_marketplace_fk_indexes.sql: OK
./supabase/migrations/20260911133000_kombax_r628_showcase_orders.sql: OK
./supabase/migrations/20260911133000_kombax_r628_showcase_orders.sql.min: OK
./supabase/migrations/20260911133100_kombax_r628_events_ticketing_addon.sql: OK
./supabase/migrations/20260911133100_kombax_r628_events_ticketing_addon.sql.min: OK
./supabase/migrations/20260911133200_kombax_r628_kombax_spain_policies.sql: OK
./supabase/migrations/20260911133200_kombax_r628_kombax_spain_policies.sql.min: OK
./supabase/migrations/20260911134500_kombax_r628_kombax_spain_identity_fix.sql: OK
./supabase/migrations/20260912004500_kombax_r63_commercial_compliance_hardening.sql: OK
./supabase/migrations/20260912210000_kombax_r64_commercial_pricing_foundation.sql: OK
./supabase/migrations/20260912211000_kombax_r64_connect_platform_fees_ticketing.sql: OK
./supabase/migrations/20260912212000_kombax_r64_events_ai_partner_runtime.sql: OK
./supabase/migrations/20260912213000_kombax_r64_migrations_brand_guide_access.sql: OK
./supabase/migrations/20260912214000_kombax_r64_plan_compat_ticketing_promotion.sql: OK
./supabase/migrations/20260913211500_kombax_r642_club_onboarding_premium.sql: OK
./supabase/migrations/20260913213000_kombax_r642_events_entitlement_review.sql: OK
./supabase/migrations/20260913223000_kombax_r643_showcase_commerce_ticketing_pricing.sql: OK
./supabase/migrations/20260913223620_kombax_r65_commerce_events_operations_part1.sql: OK
./supabase/migrations/20260913223644_kombax_r65_commerce_events_operations_part2.sql: OK
./supabase/migrations/20260913223707_kombax_r65_refund_prepare.sql: OK
./supabase/migrations/20260913223732_kombax_r65_refund_finalize_and_batches.sql: OK
./supabase/migrations/20260913223753_kombax_r65_sales_and_finance.sql: OK
./supabase/migrations/20260913223819_kombax_r65_bi_qr_order_operations.sql: OK
./supabase/migrations/20260913223837_kombax_r65_webhook_v265.sql: OK
./supabase/migrations/20260913223848_kombax_r65_outbox_hardening.sql: OK
./supabase/migrations/20260913231000_kombax_r644_destacar_accessible.sql: OK
./supabase/migrations/20260913232901_kombax_r66_commercial_discovery_onboarding.sql: OK
./supabase/migrations/20260913233235_kombax_r66_founder_monthly_guard.sql: OK
./supabase/migrations/20260914080534_kombax_r68_showcase_seller_activation_basic_access.sql: OK
./supabase/migrations/20260914083811_kombax_r69_event_center_operations.sql: OK
./supabase/migrations/20260914185428_kombax_r72_01_catalog_foundation.sql: OK
./supabase/migrations/20260914185453_kombax_r72_02_reputation_schema.sql: OK
./supabase/migrations/20260914185518_kombax_r72_03_showcase_capacity.sql: OK
./supabase/migrations/20260914185547_kombax_r72_04_catalog_entitlements.sql: OK
./supabase/migrations/20260914185556_kombax_r72_05_verified_reputation_helpers.sql: OK
./supabase/migrations/20260914185646_kombax_r72_06_showcase_reviews.sql: OK
./supabase/migrations/20260914185719_kombax_r72_07_events_community.sql: OK
./supabase/migrations/20260914185741_kombax_r72_08_safe_delete_storage.sql: OK
./supabase/migrations/20260914185755_kombax_r72_09_reputation_moderation.sql: OK
./supabase/migrations/20260914185813_kombax_r72_10_contracts_policies.sql: OK
./supabase/migrations/20260914190143_kombax_r72_11_reputation_fk_indexes.sql: OK
./supabase/migrations/20260914195741_kombax_r73_reputation_community_completion.sql: OK
./supabase/migrations/20260914230000_kombax_i18n_locale_preference_b01.sql: OK
./supabase/migrations/20260914233000_kombax_i18n_legal_metadata_b03.sql: OK
./supabase/migrations/20260915224500_kombax_universal_content_translation_u01.sql: OK
./supabase/migrations/20260916090000_kombax_r78_translation_cache_grants.sql: OK
./supabase/migrations/202_kombax_professional_basic_finance_20101_r31.sql: OK
./supabase/migrations/203_kombax_professional_finance_runtime_20101_r31.sql: OK
./supabase/migrations/204_kombax_professional_notifications_policy_hardening_20101_r31.sql: OK
./supabase/migrations/205_kombax_federation_licenses_admin_20101_r33.sql: OK
./supabase/migrations/206_kombax_federation_licenses_r33_hardening.sql: OK
./supabase/migrations/207_kombax_federation_license_documents_reader_20101_r33.sql: OK
./supabase/migrations/208_kombax_federation_club_scope_fix_20101_r33.sql: OK
./supabase/migrations/209_kombax_federation_r33_fk_index_hardening_20101.sql: OK
./supabase/migrations/210_kombax_managed_profile_modules_r33_1.sql: OK
./supabase/migrations/211_kombax_customer_ops_pwa_ticket_rpc.sql: OK
./supabase/migrations/212_kombax_customer_ops_ticket_event_status.sql: OK
./supabase/migrations/213_kombax_assistance_allowances.sql: OK
./supabase/migrations/214_kombax_assistance_allowances_hardening.sql: OK
./supabase/migrations/215_kombax_assistance_allowances_fk_indexes.sql: OK
./supabase/migrations/216_kombax_competition_preparation_weight_control.sql: OK
./supabase/migrations/217_kombax_migration_staging_uploads.sql: OK
./supabase/migrations/218_kombax_event_centric_preparation.sql: OK
./supabase/migrations/219_kombax_event_centric_preparation_privacy_hardening.sql: OK
./supabase/migrations/220_kombax_event_connections_publication_r36.sql: OK
./supabase/migrations/221_kombax_fighter_discovery_invitations_r36.sql: OK
./supabase/migrations/222_kombax_r36_privacy_audit_hardening.sql: OK
./supabase/migrations/223_kombax_brand_business_hub_r37.sql: OK
./supabase/migrations/224_kombax_brand_business_api_r37.sql: OK
./supabase/migrations/225_kombax_brand_business_privacy_hardening_r37.sql: OK
./supabase/migrations/226_kombax_brand_public_targets_r37.sql: OK
./supabase/migrations/227_kombax_assist_economy_foundation_r38.sql: OK
./supabase/migrations/228_kombax_assist_customer_api_r38.sql: OK
./supabase/migrations/229_kombax_assist_service_api_r38.sql: OK
./supabase/migrations/230_kombax_migration_metering_r38.sql: OK
./supabase/migrations/231_kombax_assist_r38_hardening.sql: OK
./supabase/migrations/232_kombax_assist_migrations_channel_split_r38.sql: OK
./supabase/migrations/233_kombax_customer_ops_activation_gate_r38.sql: OK
./supabase/migrations/234_kombax_assist_r38_fk_performance_indexes.sql: OK
./supabase/migrations/235_kombax_org_assist_priority_r43.sql: OK
./supabase/migrations/235_kombax_social_network_visibility_r40.sql: OK
./supabase/migrations/236_kombax_event_visibility_r40.sql: OK
./supabase/migrations/236_kombax_social_feed_relevance_r46.sql: OK
./supabase/migrations/237_kombax_social_visibility_core_r47.sql: OK
./supabase/migrations/238_kombax_social_feed_preferences_r47.sql: OK
./supabase/migrations/239_kombax_social_mutation_visibility_r47.sql: OK
./supabase/migrations/240_kombax_social_like_interest_separation_r49.sql: OK
./supabase/migrations/241_kombax_social_hd60_media_r50.sql: OK
./supabase/migrations/242_kombax_social_identity_album_hd60_r50.sql: OK
./supabase/migrations/243_kombax_social_hd_guard_search_path_r50.sql: OK
./supabase/migrations/244_kombax_social_hd_guard_orientation_r50.sql: OK
./supabase/migrations/245_kombax_video_covers_album_framing_r51.sql: OK
./supabase/migrations/246_kombax_social_album_cover_inheritance_r52.sql: OK
./supabase/migrations/247_kombax_network_public_profiles_r53.sql: OK
./supabase/migrations/248_kombax_events_media_architecture_r55.sql: OK
./supabase/migrations/249_kombax_identity_memberships_media_r58.sql: OK
./supabase/migrations/250_kombax_enrollment_activation_accounts_r59.sql: OK
./supabase/migrations/251_kombax_migrations_guide_history_r60.sql: OK
./supabase/migrations/252_kombax_r60_history_performance_hardening.sql: OK
./supabase/migrations/253_kombax_pilot_management_assist_r60.sql: OK
./supabase/migrations/254_kombax_support_guided_management_split_r60.sql: OK
./supabase/migrations/255_kombax_pilot_profile_chat_network_media_fix_r60.sql: OK
./supabase/migrations/256_kombax_relation_state_network_compat_r60.sql: OK
./supabase/migrations/257_kombax_pilot_public_qa_cleanup_r60.sql: OK
./supabase/migrations/258_kombax_pilot_navigation_privacy_history_delete_r60.sql: OK
./supabase/migrations/259_kombax_payments_connect_showcase_commerce_r61.sql: OK
./supabase/migrations/260_kombax_showcase_club_autoprovision.sql: OK
./supabase/migrations/261_kombax_events_multiclub_authorized_connections.sql: OK
./supabase/migrations/262_noop_verify_grants_r74.sql: OK
./supabase/migrations/263_kombax_events_multiclub_fk_indexes_r74.sql: OK
./supabase/migrations/264_kombax_showcase_multiclub_context_r75.sql: OK
./supabase/migrations/265_kombax_analytics_reports_r77.sql: OK
./supabase/migrations/266_kombax_report_payload_completeness_r77.sql: OK
./supabase/migrations/267_kombax_analytics_exact_range_r77.sql: OK
./supabase/migrations/268_kombax_report_exact_range_r77.sql: OK
./supabase/migrations/269_kombax_stripe_sepa_payment_center_r80.sql: OK
./supabase/migrations/270_kombax_terminal_tap_to_pay_r81.sql: OK
./supabase/preflight_109_kombax_role_invitations_team_filter_20065.sql: OK
./supabase/reference_migrations/R72_MONOLITHIC_REFERENCE_20123.sql: OK
./supabase/rollback/rollback_169_kombax_events_fk_indexes_20094.sql: OK
./supabase/rollback/rollback_170_kombax_events_media_asset_acl_20094.sql: OK
./supabase/rollback/rollback_r63_commercial_compliance.sql: OK
./supabase/rollbacks/023_restore_rc10_gateway_v166.sql: OK
./supabase/rollbacks/024_finance_annual_metrics.sql: OK
./supabase/rollbacks/025_material_validation_finance.sql: OK
./supabase/rollbacks/026_material_payment_reminders.sql: OK
./supabase/rollbacks/027_community_cursor_index.sql: OK
./supabase/rollbacks/028_community_image_metadata.sql: OK
./supabase/rollbacks/029_community_video_covers.sql: OK
./supabase/rollbacks/030_multiclub_rls_performance.sql: OK
./supabase/rollbacks/031_finance_receipts_breakdown.sql: OK
./supabase/rollbacks/032_social_profiles_likes.sql: OK
./supabase/rollbacks/033_events_competitions.sql: OK
./supabase/rollbacks/034_notifications_actionable.sql: OK
./supabase/rollbacks/035_club_public_profile.sql: OK
./supabase/rollbacks/036_social_access_safety_age.sql: OK
./supabase/rollbacks/037_notification_read_consistency.sql: OK
./supabase/rollbacks/038_content_lifecycle.sql: OK
./supabase/rollbacks/039_club_branding_themes.sql: OK
./supabase/rollbacks/040_kombax_gateway_multiclub.sql: OK
./supabase/rollbacks/041_kombax_social_alpha.sql: OK
./supabase/rollbacks/042_kombax_showcase.sql: OK
./supabase/rollbacks/043_kombax_profiles_verification_album.sql: OK
./supabase/rollbacks/044_kombax_social_interactions.sql: OK
./supabase/rollbacks/045_kombax_relations_showcase_limits.sql: OK
./supabase/rollbacks/046_kombax_club_album.sql: OK
./supabase/rollbacks/047_account_deletion_requests.sql: OK
./supabase/rollbacks/048_kombax_showcase_global_mutation.sql: OK
./supabase/rollbacks/049_kombax_social_global_access.sql: OK
./supabase/rollbacks/050_kombax_ugc_moderation_compliance.sql: OK
./supabase/rollbacks/051_kombax_identity_context.sql: OK
./supabase/rollbacks/052_kombax_public_profiles.sql: OK
./supabase/rollbacks/053_kombax_social_media_publisher.sql: OK
./supabase/rollbacks/054_kombax_showcase_actions.sql: OK
./supabase/rollbacks/055_kombax_platform_admin.sql: OK
./supabase/rollbacks/056_kombax_release_contract.sql: OK
./supabase/rollbacks/057_club_work_scopes_finance_privacy_rollback.sql: OK
./supabase/rollbacks/059_kombax_invitation_codes.sql: OK
./supabase/rollbacks/065_kombax_social_affiliation_contact_20040_rollback.sql: OK
./supabase/rollbacks/066_kombax_contact_index_hardening_20040_rollback.sql: OK
./supabase/rollbacks/067_kombax_content_lifecycle_media_20041_rollback.sql: OK
./supabase/rollbacks/068_kombax_relations_privacy_20043_rollback.sql: OK
./supabase/rollbacks/069_kombax_verified_identity_policy_20044_rollback.sql: OK
./supabase/rollbacks/070_kombax_profile_governance_managers_20044_rollback.sql: OK
./supabase/rollbacks/071_kombax_plans_entitlements_20044_rollback.sql: OK
./supabase/rollbacks/072_kombax_verified_profiles_validation_20044_rollback.sql: OK
./supabase/rollbacks/073_kombax_competitor_identity_continuity_20044_rollback.sql: OK
./supabase/rollbacks/074_kombax_verified_profiles_social_guards_20044_rollback.sql: OK
./supabase/rollbacks/075_kombax_verified_profiles_public_apis_20044_rollback.sql: OK
./supabase/rollbacks/076_kombax_verified_profiles_owner_apis_20044_rollback.sql: OK
./supabase/rollbacks/077_kombax_verified_profiles_mutations_20044_rollback.sql: OK
./supabase/rollbacks/078_kombax_verified_profiles_media_20044_rollback.sql: OK
./supabase/rollbacks/079_kombax_verified_profiles_admin_hardening_20044_rollback.sql: OK
./supabase/rollbacks/083_kombax_public_profiles_post_audiences_20045_rollback.sql: OK
./supabase/rollbacks/084_kombax_social_legacy_rpc_shutdown_20046.sql: OK
./supabase/rollbacks/085_kombax_restricted_social_media_20046.sql: OK
./supabase/rollbacks/086_kombax_access_code_rate_limit_20046.sql: OK
./supabase/rollbacks/087_kombax_api_surface_hardening_20046.sql: OK
./supabase/rollbacks/088_kombax_superseded_rpc_shutdown_20046.sql: OK
./supabase/rollbacks/089_kombax_internal_rpc_default_privileges_20046.sql: OK
./supabase/rollbacks/090_kombax_default_privileges_complete_20046.sql: OK
./supabase/rollbacks/091_kombax_media_preserved_impl_shutdown_20046.sql: OK
./supabase/rollbacks/092_kombax_internal_helper_shutdown_20046.sql: OK
./supabase/rollbacks/093_kombax_member_public_profile_null_badge_fix_20047.rollback.sql: OK
./supabase/rollbacks/094_kombax_canonical_member_profile_20048_rollback.sql: OK
./supabase/rollbacks/095_kombax_club_social_directory_20048_rollback.sql: OK
./supabase/rollbacks/096_kombax_multiclub_receipt_branding_20049_rollback.sql: OK
./supabase/rollbacks/097_kombax_club_onboarding_20052_rollback.sql: OK
./supabase/rollbacks/098_kombax_club_verification_20053_rollback.sql: OK
./supabase/rollbacks/099_kombax_social_product_limits_20054_rollback.sql: OK
./supabase/rollbacks/100_kombax_supabase_consolidation_20057_rollback.sql: OK
./supabase/rollbacks/101_kombax_rls_policy_consolidation_20057_rollback.sql: OK
./supabase/rollbacks/102_kombax_relational_fk_indexes_20057_rollback.sql: OK
./supabase/rollbacks/103_kombax_header_activity_20058_rollback.sql: OK
./supabase/rollbacks/104_kombax_unlimited_chat_20059_rollback.sql: OK
./supabase/rollbacks/105_kombax_platform_performance_20060_rollback.sql: OK
./supabase/rollbacks/106_kombax_10k_concurrent_scale_20061_rollback.sql: OK
./supabase/rollbacks/107_kombax_social_showcase_messaging_20063_rollback.sql: OK
./supabase/rollbacks/108_kombax_master_admin_otp_20064_rollback.sql: OK
./supabase/rollbacks/109_kombax_role_invitations_team_filter_20065_rollback.sql: OK
./supabase/rollbacks/159_kombax_events_foundation_20090_rollback.sql: OK
./supabase/rollbacks/160_kombax_events_organizations_20091_rollback.sql: OK
./supabase/rollbacks/161_kombax_events_fighters_fight_cards_20092_rollback.sql: OK
./supabase/rollbacks/162_kombax_events_social_viral_20093_rollback.sql: OK
./supabase/rollbacks/163_kombax_events_fk_indexes_20093_rollback.sql: OK
./supabase/rollbacks/164_kombax_events_live_results_20094_rollback.sql: OK
./supabase/rollbacks/165_kombax_events_media_highlights_20094_rollback.sql: OK
./supabase/rollbacks/166_kombax_events_history_hardening_20094_rollback.sql: OK
./supabase/rollbacks/171_kombax_events_workspace_isolation_20097.sql: OK
./supabase/rollbacks/172_kombax_events_workspace_invitations_20097.sql: OK
./supabase/rollbacks/173_kombax_events_large_format_experience_20098.sql: OK
./supabase/rollbacks/174_kombax_events_large_format_helper_acl_20098.sql: OK
./supabase/rollbacks/20260914195741_kombax_r73_reputation_community_completion_rollback.sql: OK
./supabase/rollbacks/rollback_080_kombax_subscription_window_hardening_20044.sql: OK
./supabase/rollbacks/rollback_081_kombax_verified_profile_internal_rpc_hardening_20044.sql: OK
./supabase/seed-assets/urban-warriors-jiujitsu-fighter-repair/adult.webp: OK
./supabase/seed-assets/urban-warriors-jiujitsu-fighter-repair/youth.webp: OK
./supabase/seed.sql: OK
./supabase/setup/bootstrap_urban_warriors_club.sql: OK
./supabase/setup/grant_platform_admin.sql.example: OK
./supabase/tests/rls_scenarios.md: OK
./supabase/verification/025_RUN_THIS_v3_NO_VIEWS.sql: OK
./supabase/verification/093_kombax_member_public_profile_null_badge_fix_20047.verify.sql: OK
./supabase/verification/104_kombax_unlimited_chat_20059_verification.sql: OK
./supabase/verification/105_kombax_platform_performance_20060_verification.sql: OK
./supabase/verification/106_kombax_10k_concurrent_scale_20061_verification.sql: OK
./supabase/verification/107_kombax_social_showcase_messaging_20063_verification.sql: OK
./supabase/verification/109_kombax_role_invitations_team_filter_20065_verification.sql: OK
./supabase/verification/187_verify_kombax_global_media_framing_20101_r21.sql: OK
./supabase/verification/VERIFY_186_KOMBAX_URBAN_WARRIORS_MUAY_THAI_SEMINAR_R20.sql: OK
./supabase/verification/final_audit_023_030.sql: OK
./supabase/verification/pre_apk_backend_health.sql: OK
./supabase/verification/preflight_024_030.sql: OK
./supabase/verification/preflight_025_material.sql: OK
./supabase/verification/preflight_026_reminders.sql: OK
./supabase/verification/preflight_028_images.sql: OK
./supabase/verification/preflight_029_video.sql: OK
./supabase/verification/preflight_030_multiclub.sql: OK
./supabase/verification/preflight_031_finance_receipts.sql: OK
./supabase/verification/preflight_032_social.sql: OK
./supabase/verification/preflight_033_events.sql: OK
./supabase/verification/preflight_034_notifications.sql: OK
./supabase/verification/preflight_035_club_public_profile.sql: OK
./supabase/verification/preflight_036_social_access.sql: OK
./supabase/verification/preflight_037_notifications.sql: OK
./supabase/verification/preflight_038_lifecycle.sql: OK
./supabase/verification/preflight_039_branding.sql: OK
./supabase/verification/preflight_040_gateway.sql: OK
./supabase/verification/preflight_041_kombax_social.sql: OK
./supabase/verification/preflight_042_showcase.sql: OK
./supabase/verification/preflight_043_profiles.sql: OK
./supabase/verification/preflight_044_social.sql: OK
./supabase/verification/preflight_045_relations_showcase.sql: OK
./supabase/verification/preflight_046_club_album.sql: OK
./supabase/verification/preflight_047_account_deletion.sql: OK
./supabase/verification/preflight_048_showcase_global.sql: OK
./supabase/verification/preflight_049_social_global.sql: OK
./supabase/verification/preflight_050_ugc_moderation.sql: OK
./supabase/verification/preflight_051_identity_context.sql: OK
./supabase/verification/preflight_052_public_profiles.sql: OK
./supabase/verification/preflight_053_social_media.sql: OK
./supabase/verification/preflight_054_showcase_actions.sql: OK
./supabase/verification/preflight_055_platform_admin.sql: OK
./supabase/verification/preflight_056_release_contract.sql: OK
./supabase/verification/preflight_057_work_scopes.sql: OK
./supabase/verification/preflight_083_kombax_public_profiles_post_audiences_20045.sql: OK
./supabase/verification/preflight_094_kombax_canonical_member_profile_20048.sql: OK
./supabase/verification/preflight_095_kombax_club_social_directory_20048.sql: OK
./supabase/verification/preflight_096_kombax_multiclub_receipt_branding_20049.sql: OK
./supabase/verification/preflight_107_kombax_social_showcase_messaging_20063.sql: OK
./supabase/verification/preflight_108_kombax_master_admin_otp_20064.sql: OK
./supabase/verification/preflight_164_kombax_events_live_results_20094.sql: OK
./supabase/verification/preflight_165_kombax_events_media_highlights_20094.sql: OK
./supabase/verification/preflight_166_kombax_events_history_hardening_20094.sql: OK
./supabase/verification/preflight_173_events_large_format.sql: OK
./supabase/verification/preflight_174_events_large_format_helper_acl.sql: OK
./supabase/verification/preflight_20046_security.sql: OK
./supabase/verification/test_031_receipts_transactional.sql: OK
./supabase/verification/test_034_notifications_transactional.sql: OK
./supabase/verification/test_037_notifications_transactional.sql: OK
./supabase/verification/test_038_lifecycle_transactional.sql: OK
./supabase/verification/test_039_branding_transactional.sql: OK
./supabase/verification/test_040_gateway_transactional.sql: OK
./supabase/verification/test_041_kombax_social_transactional.sql: OK
./supabase/verification/test_042_showcase_transactional.sql: OK
./supabase/verification/test_043_profiles_transactional.sql: OK
./supabase/verification/test_044_social_transactional.sql: OK
./supabase/verification/test_045_relations_showcase_transactional.sql: OK
./supabase/verification/test_046_club_album_transactional.sql: OK
./supabase/verification/test_047_account_deletion_transactional.sql: OK
./supabase/verification/test_048_showcase_global_transactional.sql: OK
./supabase/verification/test_049_social_global_transactional.sql: OK
./supabase/verification/test_050_ugc_moderation_transactional.sql: OK
./supabase/verification/test_051_identity_context_transactional.sql: OK
./supabase/verification/test_052_public_profiles_transactional.sql: OK
./supabase/verification/test_053_social_media_transactional.sql: OK
./supabase/verification/test_054_showcase_actions_transactional.sql: OK
./supabase/verification/test_055_platform_admin_transactional.sql: OK
./supabase/verification/test_056_release_contract_transactional.sql: OK
./supabase/verification/test_057_work_scopes_transactional.sql: OK
./supabase/verification/test_083_kombax_public_profiles_post_audiences_transactional.sql: OK
./supabase/verification/verify_029_video.sql: OK
./supabase/verification/verify_030_multiclub.sql: OK
./supabase/verification/verify_031_finance_receipts.sql: OK
./supabase/verification/verify_032_social.sql: OK
./supabase/verification/verify_033_events.sql: OK
./supabase/verification/verify_034_notifications.sql: OK
./supabase/verification/verify_035_club_public_profile.sql: OK
./supabase/verification/verify_036_social_access.sql: OK
./supabase/verification/verify_037_notifications.sql: OK
./supabase/verification/verify_038_lifecycle.sql: OK
./supabase/verification/verify_039_branding.sql: OK
./supabase/verification/verify_040_gateway.sql: OK
./supabase/verification/verify_041_kombax_social.sql: OK
./supabase/verification/verify_042_showcase.sql: OK
./supabase/verification/verify_043_profiles.sql: OK
./supabase/verification/verify_044_social.sql: OK
./supabase/verification/verify_045_relations_showcase.sql: OK
./supabase/verification/verify_046_club_album.sql: OK
./supabase/verification/verify_047_account_deletion.sql: OK
./supabase/verification/verify_048_showcase_global.sql: OK
./supabase/verification/verify_049_social_global.sql: OK
./supabase/verification/verify_050_ugc_moderation.sql: OK
./supabase/verification/verify_051_identity_context.sql: OK
./supabase/verification/verify_052_public_profiles.sql: OK
./supabase/verification/verify_053_social_media.sql: OK
./supabase/verification/verify_054_showcase_actions.sql: OK
./supabase/verification/verify_055_platform_admin.sql: OK
./supabase/verification/verify_056_release_contract.sql: OK
./supabase/verification/verify_057_work_scopes.sql: OK
./supabase/verification/verify_058_social_profile_avatar_consistency.sql: OK
./supabase/verification/verify_059_invitation_codes.sql: OK
./supabase/verification/verify_060_club_access_codes.sql: OK
./supabase/verification/verify_061_premium_neon_theme.sql: OK
./supabase/verification/verify_062_social_showcase_audit_hardening.sql: OK
./supabase/verification/verify_063_kombax_identity_album_media_20038.sql: OK
./supabase/verification/verify_064_kombax_identity_helpers_hardening_20038.sql: OK
./supabase/verification/verify_065_kombax_social_affiliation_contact_20040.sql: OK
./supabase/verification/verify_066_kombax_contact_index_hardening_20040.sql: OK
./supabase/verification/verify_067_kombax_content_lifecycle_media_20041.sql: OK
./supabase/verification/verify_068_kombax_relations_privacy_20043.sql: OK
./supabase/verification/verify_069_kombax_verified_identity_policy_20044.sql: OK
./supabase/verification/verify_070_kombax_profile_governance_managers_20044.sql: OK
./supabase/verification/verify_071_kombax_plans_entitlements_20044.sql: OK
./supabase/verification/verify_072_kombax_verified_profiles_core_20044.sql: OK
./supabase/verification/verify_072_kombax_verified_profiles_validation_20044.sql: OK
./supabase/verification/verify_073_kombax_competitor_identity_continuity_20044.sql: OK
./supabase/verification/verify_073_kombax_verified_profiles_public_apis_20044.sql: OK
./supabase/verification/verify_074_kombax_verified_profiles_mutations_20044.sql: OK
./supabase/verification/verify_074_kombax_verified_profiles_social_guards_20044.sql: OK
./supabase/verification/verify_075_kombax_verified_profiles_admin_hardening_20044.sql: OK
./supabase/verification/verify_075_kombax_verified_profiles_public_apis_20044.sql: OK
./supabase/verification/verify_076_kombax_verified_profiles_owner_apis_20044.sql: OK
./supabase/verification/verify_077_kombax_verified_profiles_mutations_20044.sql: OK
./supabase/verification/verify_078_kombax_verified_profiles_media_20044.sql: OK
./supabase/verification/verify_079_kombax_verified_profiles_admin_hardening_20044.sql: OK
./supabase/verification/verify_080_kombax_subscription_window_hardening_20044.sql: OK
./supabase/verification/verify_081_kombax_verified_profile_internal_rpc_hardening_20044.sql: OK
./supabase/verification/verify_083_kombax_public_profiles_post_audiences_20045.sql: OK
./supabase/verification/verify_084_social_legacy_rpc_shutdown.sql: OK
./supabase/verification/verify_085_restricted_social_media.sql: OK
./supabase/verification/verify_086_access_code_rate_limit.sql: OK
./supabase/verification/verify_087_api_surface_hardening.sql: OK
./supabase/verification/verify_088_superseded_rpc_shutdown.sql: OK
./supabase/verification/verify_089_internal_rpc_default_privileges.sql: OK
./supabase/verification/verify_090_default_privileges_complete.sql: OK
./supabase/verification/verify_091_media_preserved_impl_shutdown.sql: OK
./supabase/verification/verify_092_internal_helper_shutdown.sql: OK
./supabase/verification/verify_094_kombax_canonical_member_profile_20048.sql: OK
./supabase/verification/verify_095_kombax_club_social_directory_20048.sql: OK
./supabase/verification/verify_096_kombax_multiclub_receipt_branding_20049.sql: OK
./supabase/verification/verify_103_kombax_header_activity_20058.sql: OK
./supabase/verification/verify_108_kombax_master_admin_otp_20064.sql: OK
./supabase/verification/verify_117_kombax_pilot_readiness_20070.sql: OK
./supabase/verification/verify_119_kombax_privacy_deletion_owner_20071.sql: OK
./supabase/verification/verify_121_kombax_minor_social_guardian_consent_20071.sql: OK
./supabase/verification/verify_122_kombax_message_reporting_20071.sql: OK
./supabase/verification/verify_159_kombax_events_foundation_20090.sql: OK
./supabase/verification/verify_160_kombax_events_organizations_20091.sql: OK
./supabase/verification/verify_161_kombax_events_fighters_fight_cards_20092.sql: OK
./supabase/verification/verify_162_kombax_events_social_viral_20093.sql: OK
./supabase/verification/verify_163_kombax_events_fk_indexes_20093.sql: OK
./supabase/verification/verify_164_kombax_events_live_results_20094.sql: OK
./supabase/verification/verify_165_kombax_events_media_highlights_20094.sql: OK
./supabase/verification/verify_166_kombax_events_history_hardening_20094.sql: OK
./supabase/verification/verify_168_kombax_events_result_write_path_hardening_20094.sql: OK
./supabase/verification/verify_169_kombax_events_fk_indexes_20094.sql: OK
./supabase/verification/verify_170_kombax_events_media_asset_acl_20094.sql: OK
./supabase/verification/verify_171_events_workspace_isolation.sql: OK
./supabase/verification/verify_173_events_large_format.sql: OK
./supabase/verification/verify_174_events_large_format_helper_acl.sql: OK
./supabase/verification/verify_175_events_official_album_media.sql: OK
./supabase/verification/verify_185_kombax_showcase_urban_warriors_demo_products_20101_r19.sql: OK
./supabase/verification/verify_259_payments_commerce.sql: OK
./supabase/verification/verify_r62_4_stripe_connect.sql: OK
./supabase/verification/verify_r62_5_1_pilot_hardening.sql: OK
./supabase/verification/verify_r62_5_2_event_ticket_qr_access.sql: OK
./supabase/verification/verify_r62_5_3_event_ticket_personalization.sql: OK
./supabase/verification/verify_r62_5_showcase_events_ticketing.sql: OK
./supabase/verification/verify_r62_6_social_discovery.sql: OK
./supabase/verification/verify_r62_7_showcase_marketplace_owner.sql: OK
./supabase/verification/verify_r62_connect_direct_charges.sql: OK
./supabase/verification/verify_r63_commercial_compliance.sql: OK
./web/assets/assist/assistant-avatar.webp: OK
./web/assets/assist/chat-empty.webp: OK
./web/assets/assist/hero-assist.webp: OK
./web/assets/assist/hero-migrations.webp: OK
./web/assets/brand-heroes/gateway-kombax-community.webp: OK
./web/assets/brand-heroes/hero-consulting-card.webp: OK
./web/assets/brand-heroes/hero-consulting.webp: OK
./web/assets/brand-heroes/hero-events.webp: OK
./web/assets/brand-heroes/hero-guides-card.webp: OK
./web/assets/brand-heroes/hero-guides.webp: OK
./web/assets/brand-heroes/hero-showcase.webp: OK
./web/assets/brand-heroes/hero-social.webp: OK
./web/assets/brand-heroes/hero-training-card.webp: OK
./web/assets/brand-heroes/hero-training.webp: OK
./web/assets/brand-heroes/smoke-alpha-cyan.webp: OK
./web/assets/brand-heroes/smoke-alpha-neutral.webp: OK
./web/assets/brand-heroes/smoke-alpha-red.webp: OK
./web/assets/brand-heroes/smoke-alpha-warm.webp: OK
./web/assets/brand/kombax-symbol-black.png: OK
./web/assets/brand/kombax-symbol-red.png: OK
./web/assets/brand/kombax-symbol-white.png: OK
./web/assets/demo-events/noche-impacto-barcelona/album-promo.webp: OK
./web/assets/demo-events/noche-impacto-barcelona/banner.webp: OK
./web/assets/demo-events/noche-impacto-barcelona/club-fenix-logo.webp: OK
./web/assets/demo-events/noche-impacto-barcelona/co-main.webp: OK
./web/assets/demo-events/noche-impacto-barcelona/fight-card-full.webp: OK
./web/assets/demo-events/noche-impacto-barcelona/fighter-adrian-cruz.webp: OK
./web/assets/demo-events/noche-impacto-barcelona/fighter-bruno-mota.webp: OK
./web/assets/demo-events/noche-impacto-barcelona/fighter-claudia-sanz.webp: OK
./web/assets/demo-events/noche-impacto-barcelona/fighter-dario-moreno.webp: OK
./web/assets/demo-events/noche-impacto-barcelona/fighter-hugo-salvatierra.webp: OK
./web/assets/demo-events/noche-impacto-barcelona/fighter-ivan-keller.webp: OK
./web/assets/demo-events/noche-impacto-barcelona/fighter-leo-serra.webp: OK
./web/assets/demo-events/noche-impacto-barcelona/fighter-maia-costa.webp: OK
./web/assets/demo-events/noche-impacto-barcelona/fighter-marcos-duran.webp: OK
./web/assets/demo-events/noche-impacto-barcelona/fighter-nerea-rivas.webp: OK
./web/assets/demo-events/noche-impacto-barcelona/fighter-vera-leon.webp: OK
./web/assets/demo-events/noche-impacto-barcelona/fighter-youssef-kadi.webp: OK
./web/assets/demo-events/noche-impacto-barcelona/highlights.webp: OK
./web/assets/demo-events/noche-impacto-barcelona/main-event.webp: OK
./web/assets/demo-events/noche-impacto-barcelona/nova-combat-logo.webp: OK
./web/assets/demo-events/noche-impacto-barcelona/poster.webp: OK
./web/assets/demo-events/noche-impacto-barcelona/press-day.webp: OK
./web/assets/demo-events/noche-impacto-barcelona/results.webp: OK
./web/assets/demo-events/noche-impacto-barcelona/tickets-venue.webp: OK
./web/assets/demo-events/noche-impacto-barcelona/undercard.webp: OK
./web/assets/demo-events/urban-warriors-jiujitsu-interclub/action-adults-01.webp: OK
./web/assets/demo-events/urban-warriors-jiujitsu-interclub/action-adults-02.webp: OK
./web/assets/demo-events/urban-warriors-jiujitsu-interclub/action-adults-03.webp: OK
./web/assets/demo-events/urban-warriors-jiujitsu-interclub/action-adults-04.webp: OK
./web/assets/demo-events/urban-warriors-jiujitsu-interclub/action-adults-05.webp: OK
./web/assets/demo-events/urban-warriors-jiujitsu-interclub/action-adults-06.webp: OK
./web/assets/demo-events/urban-warriors-jiujitsu-interclub/action-adults-07.webp: OK
./web/assets/demo-events/urban-warriors-jiujitsu-interclub/action-adults-08.webp: OK
./web/assets/demo-events/urban-warriors-jiujitsu-interclub/album-official.webp: OK
./web/assets/demo-events/urban-warriors-jiujitsu-interclub/banner.webp: OK
./web/assets/demo-events/urban-warriors-jiujitsu-interclub/fighters-realistic/aina-torres.webp: OK
./web/assets/demo-events/urban-warriors-jiujitsu-interclub/fighters-realistic/bruno-sato.webp: OK
./web/assets/demo-events/urban-warriors-jiujitsu-interclub/fighters-realistic/daniel-ortiz.webp: OK
./web/assets/demo-events/urban-warriors-jiujitsu-interclub/fighters-realistic/emma-leon.webp: OK
./web/assets/demo-events/urban-warriors-jiujitsu-interclub/fighters-realistic/hana-ribeiro.webp: OK
./web/assets/demo-events/urban-warriors-jiujitsu-interclub/fighters-realistic/hugo-rios.webp: OK
./web/assets/demo-events/urban-warriors-jiujitsu-interclub/fighters-realistic/laia-costa.webp: OK
./web/assets/demo-events/urban-warriors-jiujitsu-interclub/fighters-realistic/leo-martin.webp: OK
./web/assets/demo-events/urban-warriors-jiujitsu-interclub/fighters-realistic/malik-benitez.webp: OK
./web/assets/demo-events/urban-warriors-jiujitsu-interclub/fighters-realistic/marc-vidal.webp: OK
./web/assets/demo-events/urban-warriors-jiujitsu-interclub/main-event.webp: OK
./web/assets/demo-events/urban-warriors-jiujitsu-interclub/poster.webp: OK
./web/assets/demo-events/urban-warriors-jiujitsu-interclub/registrations.webp: OK
./web/assets/demo-events/urban-warriors-jiujitsu-interclub/results-highlights.webp: OK
./web/assets/demo-events/urban-warriors-jiujitsu-interclub/youth-division.webp: OK
./web/assets/demo-events/urban-warriors-muay-thai-seminar/album-01-clinch.webp: OK
./web/assets/demo-events/urban-warriors-muay-thai-seminar/album-02-knee-technique.webp: OK
./web/assets/demo-events/urban-warriors-muay-thai-seminar/banner.webp: OK
./web/assets/demo-events/urban-warriors-muay-thai-seminar/fighter-adrian-serrano.webp: OK
./web/assets/demo-events/urban-warriors-muay-thai-seminar/poster.webp: OK
./web/assets/demo-showcase/urban-warriors/urban-performance-whey-recovery.webp: OK
./web/assets/demo-showcase/urban-warriors/urban-warriors-casco-integral-pro.webp: OK
./web/assets/demo-showcase/urban-warriors/urban-warriors-guantes-integrales-elite.webp: OK
./web/assets/docs/Cartel_Descarga_KOMBAX_Club.png: OK
./web/assets/docs/GUIA_KOMBAX_COBROS_STRIPE_SEPA_R80.pdf: OK
./web/assets/docs/GUIA_KOMBAX_COBROS_TAP_TO_PAY_IPHONE_R81.pdf: OK
./web/assets/docs/commercial/KOMBAX_PLAN_PRECIOS.pdf: OK
./web/assets/events/kombax-events-burst.svg: OK
./web/assets/events/kombax-events-grid.svg: OK
./web/assets/events/kombax-events-neon-mesh.svg: OK
./web/assets/events/template-manifest.json: OK
./web/assets/events/templates/event-poster-arena.svg: OK
./web/assets/events/templates/event-poster-federation.svg: OK
./web/assets/events/templates/event-poster-fight.svg: OK
./web/assets/events/templates/event-poster-seminar.svg: OK
./web/assets/events/templates/event-share-square.svg: OK
./web/assets/events/templates/event-share-story.svg: OK
./web/assets/events/templates/fight-card-frame.svg: OK
./web/assets/events/templates/fight-card-square.svg: OK
./web/assets/events/templates/fight-card-story.svg: OK
./web/assets/events/templates/fight-share-square.svg: OK
./web/assets/events/templates/fight-share-story.svg: OK
./web/assets/events/templates/fighter-placeholder.svg: OK
./web/assets/events/templates/organization-lockup.svg: OK
./web/assets/events/templates/result-share-square.svg: OK
./web/assets/events/templates/result-share-story.svg: OK
./web/assets/events/templates/sponsor-strip.svg: OK
./web/assets/icons/icon-128.png: OK
./web/assets/icons/icon-144.png: OK
./web/assets/icons/icon-152.png: OK
./web/assets/icons/icon-192.png: OK
./web/assets/icons/icon-384.png: OK
./web/assets/icons/icon-512.png: OK
./web/assets/icons/icon-72.png: OK
./web/assets/icons/icon-96.png: OK
./web/assets/icons/icon-maskable-192.png: OK
./web/assets/icons/icon-maskable-512.png: OK
./web/assets/install-qr.png: OK
./web/assets/kombax-symbol.png: OK
./web/assets/urban-warriors-logo.png: OK
./web/child-safety.html: OK
./web/config.js: OK
./web/css/app.css: OK
./web/css/kombax-analytics-r77.css: OK
./web/css/kombax-brand-heroes.css: OK
./web/css/kombax-commercial.css: OK
./web/css/kombax-events.css: OK
./web/css/kombax-i18n.css: OK
./web/css/kombax-premium.css: OK
./web/css/kombax-public-overview.css: OK
./web/css/kombax-social.css: OK
./web/css/kombax-ui-stabilization-r60.css: OK
./web/delete-account.html: OK
./web/index.html: OK
./web/js/app.js: OK
./web/js/core/adaptive-poller.js: OK
./web/js/core/assist-specialists.js: OK
./web/js/core/backend.js: OK
./web/js/core/capability-resolver.js: OK
./web/js/core/commercial-pricing.js: OK
./web/js/core/context-isolation-20083.js: OK
./web/js/core/demo-directory.js: OK
./web/js/core/demo-showcase.js: OK
./web/js/core/finance-adapter.js: OK
./web/js/core/finance-math.js: OK
./web/js/core/identity-context.js: OK
./web/js/core/invitations.js: OK
./web/js/core/media.js: OK
./web/js/core/permissions.js: OK
./web/js/core/platform.js: OK
./web/js/core/profile-registry.js: OK
./web/js/core/query-cache.js: OK
./web/js/core/repositories.js: OK
./web/js/core/security-go-live-20084.js: OK
./web/js/core/state.js: OK
./web/js/core/supabase.js: OK
./web/js/core/telemetry.js: OK
./web/js/core/utils.js: OK
./web/js/delete-account.js: OK
./web/js/i18n/boot-language.js: OK
./web/js/i18n/formatters.js: OK
./web/js/i18n/index.js: OK
./web/js/i18n/legacy-auto-en-sources.js: OK
./web/js/i18n/legacy-auto-en.js: OK
./web/js/i18n/legacy-copy-de-complete.js: OK
./web/js/i18n/legacy-copy-de-rb03.json: OK
./web/js/i18n/legacy-copy-en-rb02-exact.js: OK
./web/js/i18n/legacy-copy-en-rb02.js: OK
./web/js/i18n/legacy-copy-en.js: OK
./web/js/i18n/legacy-copy-fil-complete.js: OK
./web/js/i18n/legacy-copy-fil-rb03.json: OK
./web/js/i18n/legacy-copy-fr-complete.js: OK
./web/js/i18n/legacy-copy-fr-rb03.json: OK
./web/js/i18n/legacy-copy-it-complete.js: OK
./web/js/i18n/legacy-copy-it-rb03.json: OK
./web/js/i18n/legacy-copy-pt-complete.js: OK
./web/js/i18n/legacy-copy-pt-rb03.json: OK
./web/js/i18n/legacy-copy-th-complete.js: OK
./web/js/i18n/legacy-copy-th-rb03.json: OK
./web/js/i18n/legacy-dynamic-patterns.js: OK
./web/js/i18n/legacy-runtime.js: OK
./web/js/i18n/locale-metadata.js: OK
./web/js/i18n/locale-storage.js: OK
./web/js/i18n/locales/_apply-flat.js: OK
./web/js/i18n/locales/de/activation-quality.js: OK
./web/js/i18n/locales/de/activation-rb03.js: OK
./web/js/i18n/locales/de/admin.js: OK
./web/js/i18n/locales/de/assist.js: OK
./web/js/i18n/locales/de/auth.js: OK
./web/js/i18n/locales/de/club.js: OK
./web/js/i18n/locales/de/commerce.js: OK
./web/js/i18n/locales/de/common.js: OK
./web/js/i18n/locales/de/emails.js: OK
./web/js/i18n/locales/de/errors.js: OK
./web/js/i18n/locales/de/events.js: OK
./web/js/i18n/locales/de/federation.js: OK
./web/js/i18n/locales/de/finance.js: OK
./web/js/i18n/locales/de/index.js: OK
./web/js/i18n/locales/de/legal.js: OK
./web/js/i18n/locales/de/marketing.js: OK
./web/js/i18n/locales/de/migrations.js: OK
./web/js/i18n/locales/de/navigation.js: OK
./web/js/i18n/locales/de/notifications.js: OK
./web/js/i18n/locales/de/onboarding.js: OK
./web/js/i18n/locales/de/payments.js: OK
./web/js/i18n/locales/de/profile.js: OK
./web/js/i18n/locales/de/settings.js: OK
./web/js/i18n/locales/de/showcase.js: OK
./web/js/i18n/locales/de/social.js: OK
./web/js/i18n/locales/de/ticketing.js: OK
./web/js/i18n/locales/de/validation.js: OK
./web/js/i18n/locales/en/admin.js: OK
./web/js/i18n/locales/en/assist.js: OK
./web/js/i18n/locales/en/auth.js: OK
./web/js/i18n/locales/en/club.js: OK
./web/js/i18n/locales/en/commerce.js: OK
./web/js/i18n/locales/en/common.js: OK
./web/js/i18n/locales/en/emails.js: OK
./web/js/i18n/locales/en/errors.js: OK
./web/js/i18n/locales/en/events.js: OK
./web/js/i18n/locales/en/federation.js: OK
./web/js/i18n/locales/en/finance.js: OK
./web/js/i18n/locales/en/index.js: OK
./web/js/i18n/locales/en/legal.js: OK
./web/js/i18n/locales/en/marketing.js: OK
./web/js/i18n/locales/en/migrations.js: OK
./web/js/i18n/locales/en/navigation.js: OK
./web/js/i18n/locales/en/notifications.js: OK
./web/js/i18n/locales/en/onboarding.js: OK
./web/js/i18n/locales/en/payments.js: OK
./web/js/i18n/locales/en/profile.js: OK
./web/js/i18n/locales/en/settings.js: OK
./web/js/i18n/locales/en/showcase.js: OK
./web/js/i18n/locales/en/social.js: OK
./web/js/i18n/locales/en/ticketing.js: OK
./web/js/i18n/locales/en/validation.js: OK
./web/js/i18n/locales/es/admin.js: OK
./web/js/i18n/locales/es/assist.js: OK
./web/js/i18n/locales/es/auth.js: OK
./web/js/i18n/locales/es/club.js: OK
./web/js/i18n/locales/es/commerce.js: OK
./web/js/i18n/locales/es/common.js: OK
./web/js/i18n/locales/es/emails.js: OK
./web/js/i18n/locales/es/errors.js: OK
./web/js/i18n/locales/es/events.js: OK
./web/js/i18n/locales/es/federation.js: OK
./web/js/i18n/locales/es/finance.js: OK
./web/js/i18n/locales/es/index.js: OK
./web/js/i18n/locales/es/legal.js: OK
./web/js/i18n/locales/es/marketing.js: OK
./web/js/i18n/locales/es/migrations.js: OK
./web/js/i18n/locales/es/navigation.js: OK
./web/js/i18n/locales/es/notifications.js: OK
./web/js/i18n/locales/es/onboarding.js: OK
./web/js/i18n/locales/es/payments.js: OK
./web/js/i18n/locales/es/profile.js: OK
./web/js/i18n/locales/es/settings.js: OK
./web/js/i18n/locales/es/showcase.js: OK
./web/js/i18n/locales/es/social.js: OK
./web/js/i18n/locales/es/ticketing.js: OK
./web/js/i18n/locales/es/validation.js: OK
./web/js/i18n/locales/fil/activation-quality.js: OK
./web/js/i18n/locales/fil/activation-rb03.js: OK
./web/js/i18n/locales/fil/admin.js: OK
./web/js/i18n/locales/fil/assist.js: OK
./web/js/i18n/locales/fil/auth.js: OK
./web/js/i18n/locales/fil/club.js: OK
./web/js/i18n/locales/fil/commerce.js: OK
./web/js/i18n/locales/fil/common.js: OK
./web/js/i18n/locales/fil/emails.js: OK
./web/js/i18n/locales/fil/errors.js: OK
./web/js/i18n/locales/fil/events.js: OK
./web/js/i18n/locales/fil/federation.js: OK
./web/js/i18n/locales/fil/finance.js: OK
./web/js/i18n/locales/fil/index.js: OK
./web/js/i18n/locales/fil/legal.js: OK
./web/js/i18n/locales/fil/marketing.js: OK
./web/js/i18n/locales/fil/migrations.js: OK
./web/js/i18n/locales/fil/navigation.js: OK
./web/js/i18n/locales/fil/notifications.js: OK
./web/js/i18n/locales/fil/onboarding.js: OK
./web/js/i18n/locales/fil/payments.js: OK
./web/js/i18n/locales/fil/profile.js: OK
./web/js/i18n/locales/fil/settings.js: OK
./web/js/i18n/locales/fil/showcase.js: OK
./web/js/i18n/locales/fil/social.js: OK
./web/js/i18n/locales/fil/ticketing.js: OK
./web/js/i18n/locales/fil/validation.js: OK
./web/js/i18n/locales/fr/activation-rb03.js: OK
./web/js/i18n/locales/fr/admin.js: OK
./web/js/i18n/locales/fr/assist.js: OK
./web/js/i18n/locales/fr/auth.js: OK
./web/js/i18n/locales/fr/club.js: OK
./web/js/i18n/locales/fr/commerce.js: OK
./web/js/i18n/locales/fr/common.js: OK
./web/js/i18n/locales/fr/emails.js: OK
./web/js/i18n/locales/fr/errors.js: OK
./web/js/i18n/locales/fr/events.js: OK
./web/js/i18n/locales/fr/federation.js: OK
./web/js/i18n/locales/fr/finance.js: OK
./web/js/i18n/locales/fr/index.js: OK
./web/js/i18n/locales/fr/legal.js: OK
./web/js/i18n/locales/fr/marketing.js: OK
./web/js/i18n/locales/fr/migrations.js: OK
./web/js/i18n/locales/fr/navigation.js: OK
./web/js/i18n/locales/fr/notifications.js: OK
./web/js/i18n/locales/fr/onboarding.js: OK
./web/js/i18n/locales/fr/payments.js: OK
./web/js/i18n/locales/fr/profile.js: OK
./web/js/i18n/locales/fr/settings.js: OK
./web/js/i18n/locales/fr/showcase.js: OK
./web/js/i18n/locales/fr/social.js: OK
./web/js/i18n/locales/fr/ticketing.js: OK
./web/js/i18n/locales/fr/validation.js: OK
./web/js/i18n/locales/it/activation-quality.js: OK
./web/js/i18n/locales/it/activation-rb03.js: OK
./web/js/i18n/locales/it/admin.js: OK
./web/js/i18n/locales/it/assist.js: OK
./web/js/i18n/locales/it/auth.js: OK
./web/js/i18n/locales/it/club.js: OK
./web/js/i18n/locales/it/commerce.js: OK
./web/js/i18n/locales/it/common.js: OK
./web/js/i18n/locales/it/emails.js: OK
./web/js/i18n/locales/it/errors.js: OK
./web/js/i18n/locales/it/events.js: OK
./web/js/i18n/locales/it/federation.js: OK
./web/js/i18n/locales/it/finance.js: OK
./web/js/i18n/locales/it/index.js: OK
./web/js/i18n/locales/it/legal.js: OK
./web/js/i18n/locales/it/marketing.js: OK
./web/js/i18n/locales/it/migrations.js: OK
./web/js/i18n/locales/it/navigation.js: OK
./web/js/i18n/locales/it/notifications.js: OK
./web/js/i18n/locales/it/onboarding.js: OK
./web/js/i18n/locales/it/payments.js: OK
./web/js/i18n/locales/it/profile.js: OK
./web/js/i18n/locales/it/settings.js: OK
./web/js/i18n/locales/it/showcase.js: OK
./web/js/i18n/locales/it/social.js: OK
./web/js/i18n/locales/it/ticketing.js: OK
./web/js/i18n/locales/it/validation.js: OK
./web/js/i18n/locales/pt/activation-quality.js: OK
./web/js/i18n/locales/pt/activation-rb03.js: OK
./web/js/i18n/locales/pt/admin.js: OK
./web/js/i18n/locales/pt/assist.js: OK
./web/js/i18n/locales/pt/auth.js: OK
./web/js/i18n/locales/pt/club.js: OK
./web/js/i18n/locales/pt/commerce.js: OK
./web/js/i18n/locales/pt/common.js: OK
./web/js/i18n/locales/pt/emails.js: OK
./web/js/i18n/locales/pt/errors.js: OK
./web/js/i18n/locales/pt/events.js: OK
./web/js/i18n/locales/pt/federation.js: OK
./web/js/i18n/locales/pt/finance.js: OK
./web/js/i18n/locales/pt/index.js: OK
./web/js/i18n/locales/pt/legal.js: OK
./web/js/i18n/locales/pt/marketing.js: OK
./web/js/i18n/locales/pt/migrations.js: OK
./web/js/i18n/locales/pt/navigation.js: OK
./web/js/i18n/locales/pt/notifications.js: OK
./web/js/i18n/locales/pt/onboarding.js: OK
./web/js/i18n/locales/pt/payments.js: OK
./web/js/i18n/locales/pt/profile.js: OK
./web/js/i18n/locales/pt/settings.js: OK
./web/js/i18n/locales/pt/showcase.js: OK
./web/js/i18n/locales/pt/social.js: OK
./web/js/i18n/locales/pt/ticketing.js: OK
./web/js/i18n/locales/pt/validation.js: OK
./web/js/i18n/locales/th/activation-quality.js: OK
./web/js/i18n/locales/th/activation-rb03.js: OK
./web/js/i18n/locales/th/admin.js: OK
./web/js/i18n/locales/th/assist.js: OK
./web/js/i18n/locales/th/auth.js: OK
./web/js/i18n/locales/th/club.js: OK
./web/js/i18n/locales/th/commerce.js: OK
./web/js/i18n/locales/th/common.js: OK
./web/js/i18n/locales/th/emails.js: OK
./web/js/i18n/locales/th/errors.js: OK
./web/js/i18n/locales/th/events.js: OK
./web/js/i18n/locales/th/federation.js: OK
./web/js/i18n/locales/th/finance.js: OK
./web/js/i18n/locales/th/index.js: OK
./web/js/i18n/locales/th/legal.js: OK
./web/js/i18n/locales/th/marketing.js: OK
./web/js/i18n/locales/th/migrations.js: OK
./web/js/i18n/locales/th/navigation.js: OK
./web/js/i18n/locales/th/notifications.js: OK
./web/js/i18n/locales/th/onboarding.js: OK
./web/js/i18n/locales/th/payments.js: OK
./web/js/i18n/locales/th/profile.js: OK
./web/js/i18n/locales/th/settings.js: OK
./web/js/i18n/locales/th/showcase.js: OK
./web/js/i18n/locales/th/social.js: OK
./web/js/i18n/locales/th/ticketing.js: OK
./web/js/i18n/locales/th/validation.js: OK
./web/js/i18n/manifest-locale.js: OK
./web/js/i18n/public-legal-translations.js: OK
./web/js/i18n/public-page.js: OK
./web/js/i18n/r78-system-source.js: OK
./web/js/i18n/r79-system-runtime.js: OK
./web/js/i18n/r79-system-source.js: OK
./web/js/i18n/resources.js: OK
./web/js/i18n/rollout.js: OK
./web/js/i18n/ui.js: OK
./web/js/i18n/user-content-translation.js: OK
./web/js/modules/account-security.js: OK
./web/js/modules/admin.js: OK
./web/js/modules/auth-recovery.js: OK
./web/js/modules/brand-business.js: OK
./web/js/modules/brand-hub.js: OK
./web/js/modules/club-kombax-hub.js: OK
./web/js/modules/club-profile.js: OK
./web/js/modules/comms-material.js: OK
./web/js/modules/community.js: OK
./web/js/modules/competition-preparation.js: OK
./web/js/modules/competitor-hub.js: OK
./web/js/modules/customer-operations.js: OK
./web/js/modules/dashboard-catalog.js: OK
./web/js/modules/documents.js: OK
./web/js/modules/event-connections.js: OK
./web/js/modules/events.js: OK
./web/js/modules/federation-hub.js: OK
./web/js/modules/federation-licenses.js: OK
./web/js/modules/fighter-discovery.js: OK
./web/js/modules/finance-premium-bootstrap.js: OK
./web/js/modules/finance-premium.js: OK
./web/js/modules/finance.js: OK
./web/js/modules/gateway.js: OK
./web/js/modules/groups-members.js: OK
./web/js/modules/help-legal.js: OK
./web/js/modules/kombax-discovery.js: OK
./web/js/modules/kombax-event-visuals.js: OK
./web/js/modules/kombax-events.js: OK
./web/js/modules/kombax-social.js: OK
./web/js/modules/lifecycle.js: OK
./web/js/modules/managed-profile-hub.js: OK
./web/js/modules/payments-center.js: OK
./web/js/modules/plan-services.js: OK
./web/js/modules/platform-admin-access.js: OK
./web/js/modules/platform-admin.js: OK
./web/js/modules/platform-legal.js: OK
./web/js/modules/portal.js: OK
./web/js/modules/professional-finance.js: OK
./web/js/modules/professional-hub.js: OK
./web/js/modules/professional-operations.js: OK
./web/js/modules/public-profile.js: OK
./web/js/modules/showcase.js: OK
./web/js/modules/social-network.js: OK
./web/js/modules/social-post-management.js: OK
./web/js/modules/spectator-hub.js: OK
./web/js/modules/sports-profile.js: OK
./web/js/modules/support-privacy.js: OK
./web/js/modules/training.js: OK
./web/js/modules/work-scopes.js: OK
./web/js/public-product-overview.js: OK
./web/js/ui/analytics-reports-r77.js: OK
./web/js/ui/brand-hero.js: OK
./web/js/ui/components.js: OK
./web/js/ui/conversation-ui.js: OK
./web/js/ui/icons.js: OK
./web/js/ui/media-framing.js: OK
./web/js/ui/video-cover.js: OK
./web/manifest-de.webmanifest: OK
./web/manifest-en.webmanifest: OK
./web/manifest-fil.webmanifest: OK
./web/manifest-fr.webmanifest: OK
./web/manifest-it.webmanifest: OK
./web/manifest-pt.webmanifest: OK
./web/manifest-th.webmanifest: OK
./web/manifest.webmanifest: OK
./web/privacy.html: OK
./web/qa/i18n-visual-b04.html: OK
./web/qa/responsive-fixture.html: OK
./web/qa/responsive-matrix.html: OK
./web/service-worker.js: OK
./web/terms.html: OK
