{VAR} solicitud{VAR} pendiente{VAR}	{VAR} pending request{VAR}
Gestión	Management
Dirección y prioridades	Management and priorities
Resume la situación y ordena los siguientes pasos.	Summarize the situation and organize the next steps.
Resume la gestión disponible, identifica los tres pendientes más importantes y propón el orden de revisión.	Summarize the available management information, identify the three most important pending items, and propose the review order.
Socios y cuotas	Members and fees
Membresías y seguimiento	Memberships and follow-up
Ayuda a entender altas, grupos, cuotas y pendientes.	Help understand registrations, groups, fees, and pending items.
Revisa socios, grupos y cuotas del contexto autorizado. Señala datos incompletos y acciones que debería revisar.	Review members, groups, and fees in the authorized context. Highlight incomplete data and actions that should be reviewed.
Cifras y conciliación	Figures and reconciliation
Explica ingresos, cobros y diferencias sin mover dinero.	Explain revenue, collections, and discrepancies without moving money.
Explícame las cifras disponibles de forma sencilla, separando cobrado, pendiente y posibles diferencias a revisar.	Explain the available figures simply, separating collected, pending, and any discrepancies that need review.
Alta segura y estado de cobros	Secure onboarding and payment status
Guía el onboarding y explica el estado de la cuenta conectada.	Guide the onboarding process and explain the status of the connected account.
Ayúdame a revisar el estado de Stripe y los pasos que faltan para activar cobros con tarjeta.	Help me review the Stripe status and the remaining steps to activate card payments.
Eventos y entradas	Events and tickets
Planifica publicación, ticketing, aforo y operación.	Plan publishing, ticketing, capacity, and operations.
Revisa los eventos disponibles, sus pendientes de publicación, venta de entradas y control de aforo.	Review available events, their pending publishing tasks, ticket sales, and capacity control.
Catálogo y pedidos	Catalog and orders
Ayuda con catálogo, stock, pedidos y posventa.	Help with catalog, stock, orders, and after-sales service.
Revisa el estado de Showcase, catálogo, stock y pedidos. Prioriza los problemas que requieren atención.	Review the status of Showcase, catalog, stock, and orders. Prioritize issues that require attention.
Comunicación y crecimiento	Communication and growth
Propone campañas basadas solo en datos autorizados.	Propose campaigns based only on authorized data.
Propón un plan de marketing breve y accionable usando únicamente la información disponible de esta organización.	Propose a brief, actionable marketing plan using only the information available for this organization.
Red, licencias y clubes	Network, licenses, and clubs
Ordena revisiones de clubes, federados y licencias.	Organize reviews of clubs, federation members, and licenses.
Resume el estado federativo disponible y prioriza clubes, federados o licencias que necesiten revisión.	Summarize the available federation status and prioritize clubs, federation members, or licenses that need review.
perfiles	profiles
El usuario no pertenece a ningún club activo.	The user does not belong to any active club.
Indica un correo electrónico válido.	Enter a valid email address.
Has solicitado códigos demasiado rápido. Espera un momento antes de volver a intentarlo.	You requested codes too quickly. Wait a moment before trying again.
El código debe tener 6 dígitos.	The code must contain 6 digits.
La nueva contraseña debe tener al menos 8 caracteres.	The new password must be at least 8 characters long.
El código no es válido o ha caducado. Solicita uno nuevo e inténtalo otra vez.	The code is invalid or has expired. Request a new one and try again.
Inicia sesión de nuevo antes de cambiar la contraseña.	Sign in again before changing the password.
Introduce tu contraseña actual.	Enter your current password.
La nueva contraseña debe ser distinta de la actual.	The new password must be different from the current one.
No se pudo verificar de forma segura la identidad de la cuenta.	The account identity could not be verified securely.
La contraseña actual no es correcta.	The current password is incorrect.
La nueva contraseña no cumple los requisitos de seguridad configurados para KOMBAX.	The new password does not meet the security requirements configured for KOMBAX.
Membresía de alumno pendiente:	Pending student membership:
Solicitud de equipo pendiente:	Pending team request:
Aceptación legal KOMBAX pendiente:	Pending KOMBAX legal acceptance:
Introduce tu contraseña.	Enter your password.
No se pudo abrir la sesión de administración.	The administration session could not be opened.
No se pudo confirmar la autorización global KOMBAX.	KOMBAX global authorization could not be confirmed.
Acceso maestro: contraseña Owner verificada	Master access: Owner password verified
Esta cuenta no tiene autorización de administración global KOMBAX.	This account does not have KOMBAX global administration authorization.
El correo o la contraseña no son correctos.	The email or password is incorrect.
La verificación crítica ha caducado. Vuelve a intentarlo.	The critical verification has expired. Try again.
Elevación crítica Owner: OTP solicitado	Critical Owner elevation: OTP requested
Por seguridad, vuelve a abrir la Consola Owner con tu contraseña antes de esta operación crítica.	For security, reopen the Owner Console with your password before this critical operation.
Espera unos segundos antes de solicitar otro código de seguridad.	Wait a few seconds before requesting another security code.
Introduce el código de 6 dígitos recibido por correo.	Enter the 6-digit code received by email.
No se pudo completar la autorización crítica.	The critical authorization could not be completed.
Elevación crítica Owner: OTP verificado	Critical Owner elevation: OTP verified
El código no es válido o ha caducado. Solicita uno nuevo.	The code is invalid or has expired. Request a new one.
Debes aceptar las Condiciones de uso de KOMBAX.	You must accept the KOMBAX Terms of Use.
Debes confirmar que has leído la Política de Privacidad de KOMBAX.	You must confirm that you have read the KOMBAX Privacy Policy.
Inicia sesión para aceptar las condiciones de KOMBAX.	Sign in to accept the KOMBAX terms.
No se pudo registrar la aceptación legal de KOMBAX.	The KOMBAX legal acceptance could not be recorded.
La invitación por rol necesita activar la actualización de equipo 109.	The role invitation requires team update 109 to be enabled.
Código de equipo no válido.	Invalid team code.
Sesión conservada sin conexión:	Session retained offline:
Identidad KOMBAX pendiente de red:	KOMBAX identity pending network connection:
No se restaura la sesión:	Session not restored:
No perteneces a este club o la membresía no está activa.	You do not belong to this club or the membership is not active.
Preferencia de idioma no persistida en cuenta:	Language preference not saved to the account:
Gestiona, promociona y vende sin comisión KOMBAX	Manage, promote, and sell with no KOMBAX commission
Vende y haz crecer tu marca	Sell and grow your brand
Escala catálogo y promoción	Scale your catalog and promotion
Commerce sin límites y sin comisión KOMBAX	Unlimited Commerce with no KOMBAX commission
· Miembro	· Member
Secretaría	Administration
Economía / Tesorería	Finance / Treasury
Comunicación	Communication
Miembro del equipo	Team member
Copia la invitación	Copy the invitation
ImageBitmap no disponible para esta imagen; se usa decodificación HTML.	ImageBitmap is unavailable for this image; HTML decoding will be used.
Selecciona una imagen.	Select an image.
La imagen original supera 35 MB. Selecciona una versión más ligera.	The original image exceeds 35 MB. Select a smaller version.
La imagen no tiene dimensiones válidas.	The image does not have valid dimensions.
Selecciona un vídeo.	Select a video.
El archivo seleccionado no es un vídeo.	The selected file is not a video.
No se pudo preparar el vídeo en este dispositivo.	The video could not be prepared on this device.
El vídeo no contiene metadatos válidos.	The video does not contain valid metadata.
No se pudo generar la portada del vídeo.	The video cover could not be generated.
No se pudo generar la portada automática.	The automatic cover could not be generated.
El formato de vídeo no puede procesarse en este navegador. Usa MP4 H.264 o WEBM.	This video format cannot be processed in this browser. Use MP4 H.264 or WEBM.
KOMBAX Eventos	KOMBAX Events
Negro carbón, rojo sangre y halo carmesí sutil. Alto contraste premium.	Charcoal black, blood red, and a subtle crimson glow. Premium high contrast.
Grafito técnico, azul eléctrico y brillo frío controlado.	Technical graphite, electric blue, and controlled cool glow.
Negro profundo, oro cálido y luminosidad elegante de competición.	Deep black, warm gold, and elegant competition lighting.
Granate profundo, cobre y luz cálida sutil: tradición con acabado contemporáneo.	Deep burgundy, copper, and subtle warm light: tradition with a contemporary finish.
Identificador de club no válido.	Invalid club identifier.
Gestiona tu actividad, conecta con el sector y abre nuevas oportunidades en un espacio creado específicamente para tu deporte.	Manage your activity, connect with the industry, and open new opportunities in a space built specifically for your sport.
Entrenador autónomo	Independent coach
Médico / Sanitario deportivo	Doctor / Sports healthcare professional
Árbitro / Juez	Referee / Judge
Promotor / Organizador	Promoter / Organizer
Gestiona tu club, tu equipo y tu comunidad desde un único espacio KOMBAX.	Manage your club, team, and community from a single KOMBAX space.
Tu identidad como peleador: trayectoria, categoría, club y oportunidades para competir.	Your identity as a fighter: career, category, club, and opportunities to compete.
Representa a tu federación, conecta con clubes y organiza su actividad dentro de KOMBAX.	Represent your federation, connect with clubs, and organize its activity within KOMBAX.
Clubes relacionados	Related clubs
Presenta tu experiencia y servicios como entrenador, manager, sanitario, árbitro o promotor.	Present your experience and services as a coach, manager, healthcare professional, referee, or promoter.
Da visibilidad a tu marca, productos y colaboraciones dentro del ecosistema KOMBAX.	Give visibility to your brand, products, and collaborations within the KOMBAX ecosystem.
Marca oficial	Official brand
Publicar en Showcase	Publish in Showcase
Descubre KOMBAX, sigue la actividad del sector e interactúa con la comunidad.	Discover KOMBAX, follow activity across the industry, and interact with the community.
Likes, comentarios y compartir	Likes, comments, and sharing
Sin publicación propia hasta disponer de una identidad habilitada	No own posts until you have an enabled identity
La imagen optimizada supera el límite de 5 MB.	The optimized image exceeds the 5 MB limit.
La mensajería de Showcase necesita activar la actualización 107 del backend para completar esta validación.	Showcase messaging requires backend update 107 to be enabled to complete this validation.
Inicia sesión en KOMBAX.	Sign in to KOMBAX.
Selecciona la identidad con la que quieres publicar.	Select the identity you want to publish with.
El vídeo supera 100 MB.	The video exceeds 100 MB.
Tu identidad de miembro en KOMBAX Social no está disponible.	Your member identity in KOMBAX Social is not available.
La foto personal no tiene un formato público compatible.	The personal photo does not use a compatible public format.
Selecciona el espacio de Showcase.	Select the Showcase space.
Contenido de reputación no disponible.	Reputation content is not available.
Selecciona un archivo.	Select a file.
Las reseñas de producto admiten fotografías.	Product reviews support photos.
El vídeo supera 50 MB.	The video exceeds 50 MB.
Contenido multimedia no disponible.	Media content is not available.
Vídeo no disponible.	Video is not available.
Inicia sesión.	Sign in.
Tipo de contenido no válido. Usa una fotografía o un vídeo compatible.	Invalid content type. Use a compatible photo or video.
Documento no admitido. Usa PDF, JPG, PNG o WEBP.	Unsupported document. Use PDF, JPG, PNG, or WEBP.
El documento debe pesar menos de 15 MB.	The document must be smaller than 15 MB.
cuotas	fees
justificantes-pago	payment-receipts
Selecciona un documento.	Select a document.
El documento supera el límite de 15 MB.	The document exceeds the 15 MB limit.
Sesión requerida.	Session required.
Respuesta de ámbitos no verificable.	Scope response could not be verified.
clubes	clubs
Guarda primero el evento.	Save the event first.
Tipo visual no válido.	Invalid visual type.
Evento no disponible.	Event unavailable.
Selecciona una foto o vídeo.	Select a photo or video.
La portada quedó pendiente de regeneración.	The cover is pending regeneration.
Selecciona una imagen o vídeo.	Select an image or video.
Licencia no disponible.	License unavailable.
El documento supera 10 MB.	The document exceeds 10 MB.
Selecciona al menos un archivo para la migración.	Select at least one file for the migration.
El archivo supera el límite de 10 MB.	The file exceeds the 10 MB limit.
{VAR} · sesión auditada y temporal	{VAR} · audited temporary session
Preparación de seguridad del piloto	Pilot security readiness
AUTENTICACIÓN PRIVILEGIADA	PRIVILEGED AUTHENTICATION
Una vez exigido, la contraseña por sí sola ya no puede abrir una sesión Owner ni una sesión de soporte.	Once required, the password alone can no longer open an Owner session or a support session.
Actualizar estado	Update status
Security Go-Live no disponible	Security Go-Live unavailable
La operación ha superado el tiempo de espera y no se considera confirmada.	The operation timed out and is not considered confirmed.
No se pudo validar el código de acceso.	The access code could not be validated.
No se pudo validar el código de recuperación.	The recovery code could not be validated.
El código de recuperación debe validarse antes de cambiar la contraseña.	The recovery code must be validated before changing the password.
No se pudo conectar con Storage para subir el archivo. Comprueba la conexión e inténtalo de nuevo.	Could not connect to Storage to upload the file. Check your connection and try again.
El archivo está vacío.	The file is empty.
Storage no devolvió una URL de subida reanudable.	Storage did not return a resumable upload URL.
La conexión se interrumpió durante la subida. El progreso queda preparado para reanudarse.	The connection was interrupted during the upload. Progress is ready to resume.
ubicación	location
nombre legal	legal name
correo electrónico	email address
registro o número oficial	registration or official number
referencias de verificación	verification references
país	country
web pública con HTTPS	public HTTPS website
No se pudo conectar. Comprueba tu conexión a Internet e inténtalo de nuevo.	Could not connect. Check your Internet connection and try again.
Esta cuota ya está completamente pagada. Revisa o rechaza el pago pendiente duplicado; no puede validarse otro cobro.	This fee has already been paid in full. Review or reject the duplicate pending payment; another payment cannot be validated.
El importe supera el saldo pendiente de esta cuota. Revisa el importe antes de continuar.	The amount exceeds the outstanding balance for this fee. Review the amount before continuing.
Ya existe un pago prácticamente idéntico registrado hace unos instantes. Revisa la lista antes de repetirlo.	An almost identical payment was recorded a few moments ago. Review the list before repeating it.
Este pago ya fue revisado y no puede volver a validarse.	This payment has already been reviewed and cannot be validated again.
Indica el motivo antes de archivar o enviar documentación financiera a la papelera.	Enter the reason before archiving or moving financial documentation to the trash.
El importe del pago debe ser mayor que cero.	The payment amount must be greater than zero.
Ya existe un cargo prácticamente idéntico creado hace unos instantes. Revisa la lista antes de repetirlo.	An almost identical charge was created a few moments ago. Review the list before repeating it.
Esta cuota está anulada o exenta y no admite nuevos pagos ni validaciones.	This fee is cancelled or exempt and does not accept new payments or validations.
Adjunta un documento acreditativo antes de enviar la solicitud.	Attach a supporting document before submitting the request.
Debes confirmar la declaración de identidad y representación.	You must confirm the identity and representation declaration.
La solicitud ya está en revisión y no se puede modificar.	The request is already under review and cannot be modified.
La solicitud no está en un estado que permita volver a enviarla.	The request is not in a state that allows it to be resubmitted.
Introduce un peso válido entre 15 y 300 kg.	Enter a valid weight between 15 and 300 kg.
Selecciona el competidor o miembro al que pertenece esta preparación.	Select the competitor or member this preparation belongs to.
Esta preparación necesita un perfil Competidor válido.	This preparation requires a valid Competitor profile.
No tienes permiso para crear o modificar la preparación de este deportista.	You do not have permission to create or modify this athlete's preparation.
No tienes permiso para consultar esta preparación.	You do not have permission to view this preparation.
No tienes permiso para añadir registros de peso en esta preparación.	You do not have permission to add weight records to this preparation.
No tienes permiso para gestionar esta preparación ni sus accesos.	You do not have permission to manage this preparation or its access permissions.
Selecciona una persona válida para conceder acceso.	Select a valid person to grant access to.
Revisa el rol y los permisos del equipo de preparación.	Review the preparation team's role and permissions.
La fecha del pesaje no puede estar en el futuro.	The weigh-in date cannot be in the future.
Selecciona un contexto válido para el registro.	Select a valid context for the record.
No tienes permiso para realizar esta acción.	You do not have permission to perform this action.
El contenido solicitado ya no está disponible.	The requested content is no longer available.
No se ha podido completar la operación. Inténtalo de nuevo.	The operation could not be completed. Try again.
Introduce email y contraseña.	Enter your email and password.
Confirma que quieres iniciar la solicitud de eliminación.	Confirm that you want to start the deletion request.
Solicitud de eliminación registrada correctamente.	Deletion request registered successfully.
Solicitud cancelada.	Request cancelled.
Sesión cerrada.	Signed out.
IDENTIFICACIÓN DEL TITULAR	ACCOUNT HOLDER IDENTIFICATION
Inicia sesión para solicitar la eliminación	Sign in to request deletion
No envíes contraseñas ni documentos por correo. La petición se vinculará a la cuenta autenticada.	Do not send passwords or documents by email. The request will be linked to the authenticated account.
Solicitud abierta	Open request
Cancelar solicitud	Cancel request
Quiero iniciar la solicitud de eliminación de mi cuenta KOMBAX.	I want to start a request to delete my KOMBAX account.
Solicitar eliminación de mi cuenta	Request deletion of my account
Seguridad y acceso	Security and access
Cambia la contraseña de tu cuenta KOMBAX. Por seguridad verificaremos primero tu contraseña actual y cerraremos esta sesión al terminar.	Change your KOMBAX account password. For security, we will first verify your current password and sign out this session when finished.
Contraseña actual	Current password
Necesaria para confirmar que eres tú.	Required to confirm your identity.
Nueva contraseña	New password
Mínimo 8 caracteres. Usa una contraseña distinta de la actual.	Minimum 8 characters. Use a password different from your current one.
Repite la nueva contraseña	Repeat the new password
Cambiar contraseña	Change password
Las dos contraseñas nuevas no coinciden.	The two new passwords do not match.
Contraseña actualizada. Por seguridad, vuelve a iniciar sesión con la nueva contraseña.	Password updated. For security, sign in again with the new password.
sin teléfono	no phone number
Acceso del equipo	Team access
Para una invitación nominativa usa correo + rol. El código general queda como alternativa manual y siempre genera una solicitud pendiente.	For a named invitation, use email + role. The general code remains a manual alternative and always creates a pending request.
El código general permite solicitar acceso al equipo. La invitación nominativa por correo la gestiona Dirección.	The general code allows users to request team access. Named email invitations are managed by Management.
Pendiente de asignar	Pending assignment
Gestor, coordinación, secretaría, tesorería, comunicación y monitores	Manager, coordination, administration, treasury, communications, and coaches
Todavía no hay miembros operativos del equipo. Los alumnos y familias se gestionan únicamente desde Alumnos.	There are no operational team members yet. Students and families are managed only from Students.
Solicitudes de acceso al equipo	Team access requests
Invitar a un miembro del equipo	Invite a team member
Introduce el correo del destinatario y el rol. KOMBAX creará una invitación personal de un solo uso vinculada a ese email.	Enter the recipient's email and role. KOMBAX will create a personal single-use invitation linked to that email.
Correo electrónico del miembro	Member email address
La invitación solo podrá aceptarse con este mismo correo.	The invitation can only be accepted with this same email address.
Nombre del destinatario (opcional)	Recipient name (optional)
Rol de la invitación	Invitation role
Crear y enviar invitación	Create and send invitation
No se pudo enviar automáticamente el correo. Puedes copiar o compartir la invitación ahora.	The email could not be sent automatically. You can copy or share the invitation now.
Invitación copiada	Invitation copied
Código de equipo copiado	Team code copied
Copia el código	Copy the code
Cambiar código de equipo	Change team code
Escribe 4 o 5 dígitos o déjalo vacío para generar automáticamente uno nuevo de 5 dígitos. El código anterior dejará de funcionar inmediatamente.	Enter 4 or 5 digits, or leave it blank to automatically generate a new 5-digit code. The previous code will stop working immediately.
Nuevo código	New code
Solo números · 4 o 5 dígitos	Numbers only · 4 or 5 digits
Cambiar código	Change code
El código debe tener 4 o 5 dígitos numéricos.	The code must contain 4 or 5 digits.
Código de equipo actualizado	Team code updated
Aprobar acceso al equipo	Approve team access
Asigna el rol real antes de aprobar el acceso.	Assign the actual role before approving access.
Aprobar acceso	Approve access
Acceso al equipo aprobado	Team access approved
Identidad, datos y personalización del club	Club identity, data, and customization
Versión	Version
Privacidad y soporte	Privacy and support
Privacidad y soporte del club	Club privacy and support
Elige exactamente qué zona queda visible en la portada.	Choose exactly which area remains visible on the cover.
Se conserva la versión anterior para poder restaurarla.	The previous version is retained so it can be restored.
Previsualiza el tema y publica una versión reversible.	Preview the theme and publish a reversible version.
Puedes editar los datos operativos; el branding requiere Gestor o Coordinación.	You can edit operational data; branding requires Manager or Coordination permissions.
Día de vencimiento	Due day
Personalización publicada	Customization published
No se pudo cargar la configuración	Settings could not be loaded
Abrir ajustes de notificaciones	Open notification settings
Activar notificaciones	Enable notifications
Verifica tu contraseña actual y establece una nueva. La sesión se cerrará al terminar.	Verify your current password and set a new one. The session will be closed when finished.
Avisos y privacidad	Notifications and privacy
Privacidad y condiciones	Privacy and terms
Consulta condiciones, privacidad, Comunidad del Club y derechos de imagen	View terms, privacy, Club Community, and image rights
Privacidad y soporte de mi cuenta	My account privacy and support
Android mostrará la solicitud oficial de notificaciones	Android will display the official notification permission prompt
No se concedió permiso para mostrar avisos	Permission to show notifications was not granted
Tu foto personal es privada dentro del club. Si quieres, puedes publicar una copia como avatar de tu identidad de miembro en KOMBAX Social.	Your personal photo is private within the club. If you want, you can publish a copy as the avatar for your member identity in KOMBAX Social.
JPG, PNG o WEBP · máximo 5 MB.	JPG, PNG, or WEBP · maximum 5 MB.
Usar también como foto pública en KOMBAX Social	Also use as public photo in KOMBAX Social
La copia pública se utilizará en tu perfil Social, publicaciones, comentarios y directorio. Puedes desmarcar esta opción.	The public copy will be used on your Social profile, posts, comments, and directory. You can clear this option.
Activa primero tu identidad de miembro en KOMBAX Social para publicar una foto pública.	Activate your member identity in KOMBAX Social first to publish a public photo.
La foto personal se guardó, pero no se pudo actualizar la foto pública de KOMBAX Social.	The personal photo was saved, but the public KOMBAX Social photo could not be updated.
Foto actualizada también en KOMBAX Social	Photo also updated in KOMBAX Social
Foto pública sincronizada con KOMBAX Social	Public photo synchronized with KOMBAX Social
Guía operativa completa, buscable y organizada por funciones	Complete operational guide, searchable and organized by function
Cartel genérico de descarga KOMBAX	Generic KOMBAX download poster
Para recepción, gimnasio o eventos · espacio QR + código de invitación	For reception, gym, or events · QR area + invitation code
Instalación, formación y recursos del portal de club	Installation, training, and club portal resources
KOMBAX en tu móvil	KOMBAX on your phone
Instala la aplicación web progresiva o utiliza el canal Android disponible para tu club.	Install the progressive web app or use the Android channel available for your club.
Instalación rápida	Quick setup
QR de instalación KOMBAX	KOMBAX installation QR
Formación y recursos	Training and resources
Cartel de descarga del club	Club download poster
Cartel genérico de descarga KOMBAX para clubes	Generic KOMBAX download poster for clubs
En este dispositivo usa el menú del navegador → Instalar aplicación.	On this device, use the browser menu → Install app.
Administración KOMBAX requerida	KOMBAX administration required
Esta información está reservada a la administración global de KOMBAX.	This information is restricted to KOMBAX global administration.
sesión actual	current session
requiere investigación	requires investigation
Diagnóstico del sistema	System diagnostics
Estado observable del canal real	Observable status of the real channel
Diagnóstico de persistencia	Persistence diagnostics
Traza de esta sesión	Trace for this session
Diagnóstico fallido	Diagnostics failed
Certificación E2E	E2E certification
Solo la administración global de KOMBAX puede ejecutar la certificación.	Only KOMBAX global administration can run the certification.
Diagnóstico SQL final v166	Final SQL diagnostics v166
Crear y leer disciplina	Create and read discipline
Editar y releer disciplina	Edit and reread discipline
Crear y leer grado	Create and read grade
Crear grupo con horario y leerlo	Create a group with a schedule and read it
Crear y leer tarifa	Create and read fee
Crear alumno y matrícula	Create student and enrollment
Crear sesión + confirmar asistencia	Create session + confirm attendance
Crear seguimiento y leerlo	Create follow-up and read it
Crear comunicación y leerla	Create communication and read it
Crear material y variante	Create material and variant
Subir y leer documento privado	Upload and read private document
Crear serie recurrente y ocurrencia	Create recurring series and occurrence
Publicar y borrar en Comunidad del Club	Publish and delete in Club Community
Certificación E2E final	Final E2E certification
Ejecución	Execution
Autorizar certificación final	Authorize final certification
Introduce tu contraseña únicamente para verificar logout + nuevo login. No se almacena.	Enter your password only to verify sign-out + new sign-in. It is not stored.
Certificación E2E RC10	E2E certification RC10
La edición no aparece en la lectura.	The edit does not appear in the readback.
Alumno creado sin matrícula persistida.	Student created without a persisted enrollment.
La confirmación previa no quedó persistida.	The previous confirmation was not persisted.
La imagen pública no quedó asociada a la comunicación.	The public image was not linked to the communication.
Certificación	Certification
No se pudo generar URL firmada del documento.	A signed document URL could not be generated.
La serie no generó su ocurrencia recurrente.	The series did not generate its recurring occurrence.
No se pudo volver a iniciar sesión.	Could not sign in again.
Certificación E2E final completada	Final E2E certification completed
Cargando equipo…	Loading team…
Copiar código general	Copy general code
7 días · un solo uso	7 days · single use
Compartir invitación	Share invitation
Copiar invitación	Copy invitation
Cargando configuración…	Loading settings…
Restaurar como nueva versión	Restore as a new version
Los datos privados del club no son visibles para otros clubes. Soporte ordinario:	The club's private data is not visible to other clubs. Standard support:
. Dirección/Coordinación puede generar accesos temporales y revocables.	. Management/Coordination can generate temporary, revocable access.
Botón principal	Primary button
Tu identidad de miembro en KOMBAX Social está activa. Puedes mantener una foto pública sincronizada sin exponer otros datos privados.	Your member identity in KOMBAX Social is active. You can keep a synchronized public photo without exposing other private data.
Editar datos	Edit data
Ver mi perfil público KOMBAX	View my public KOMBAX profile
Abrir manual	Open manual
Abrir cartel	Open poster
Escanea el QR desde tu móvil para abrir KOMBAX y el portal de tu club.	Scan the QR from your phone to open KOMBAX and your club portal.
Listo para personalizar con el acceso del club	Ready to customize with club access
El diseño es genérico y no contiene el nombre de ningún club. El espacio de QR y el código escrito están preparados para el material de recepción.	The design is generic and does not contain any club name. The QR area and written code are prepared for reception materials.
{VAR})} Ver cartel completo	{VAR})} View full poster
Ejecutando diagnóstico…	Running diagnostics…
5 segundos',slow.length,slow.length?'requiere investigación':'sin incidencias registradas')}	5 seconds',slow.length,slow.length?'requires investigation':'no recorded incidents')}
Caché segura por club/usuario: {VAR} cargas · P50 {VAR} ms · P95 {VAR} ms · {VAR} errores.	Secure cache by club/user: {VAR} loads · P50 {VAR} ms · P95 {VAR} ms · {VAR} errors.
Ejecutar certificación final	Run final certification
Si existe una cuenta con ese correo, recibirás un código de 6 dígitos para cambiar la contraseña.	If an account exists with that email address, you will receive a 6-digit code to change the password.
Verificar código	Verify code
Código de verificación	Verification code
Código de 6 dígitos enviado por correo.	6-digit code sent by email.
Las dos contraseñas no coinciden.	The two passwords do not match.
Contraseña actualizada. Ya puedes entrar con la nueva contraseña.	Password updated. You can now sign in with the new password.
Reenviar código	Resend code
No se pudo solicitar otro código.	Another code could not be requested.
Te enviaremos un código de verificación al correo de tu cuenta. No crearemos ninguna cuenta nueva.	We will send a verification code to your account email. We will not create a new account.
Correo electrónico	Email address
Enviar código	Send code
Interesado	Interested
En evaluación	Under evaluation
A través de manager	Through manager
A través de club	Through club
Sin descripción pública.	No public description.
Campaña abierta	Open campaign
Campaña privada	Private campaign
Propuesta de colaboración	Collaboration proposal
Configurar Mi Marca	Configure My Brand
Define el posicionamiento comercial. Estos datos no conceden acceso a información privada de clubes, deportistas o eventos.	Define the commercial positioning. This data does not grant access to private information about clubs, athletes, or events.
Equipamiento, ropa, nutrición, tecnología…	Equipment, apparel, nutrition, technology…
Descripción comercial pública	Public commercial description
Mostrar que la marca está abierta a colaboraciones	Show that the brand is open to collaborations
Configuración de Marca actualizada	Brand settings updated
Editar campaña	Edit campaign
Nueva campaña	New campaign
Las campañas abiertas pueden ser descubiertas por perfiles que hayan activado voluntariamente las colaboraciones con marcas.	Open campaigns can be discovered by profiles that have voluntarily enabled brand collaborations.
Nombre de campaña	Campaign name
Privada · solo invitación	Private · invitation only
Abierta · permite mostrar interés	Open · allows expressions of interest
Perfiles buscados	Target profiles
Ej.: competidor, club, evento.	E.g.: competitor, club, event.
Contraprestación	Consideration
Objetivo y descripción	Objective and description
Qué ofrece la marca	What the brand offers
Guardar campaña	Save campaign
Crear campaña	Create campaign
Campaña guardada	Campaign saved
La propuesta viaja dentro de KOMBAX. No abre teléfonos, pesos, finanzas ni información administrativa privada.	The proposal stays within KOMBAX. It does not reveal phone numbers, weights, finances, or private administrative information.
Campaña asociada	Linked campaign
Explica el objetivo de la colaboración…	Explain the purpose of the collaboration…
Producto, fee, duración, entregables…	Product, fee, duration, deliverables…
Enviar propuesta	Send proposal
No se pudo abrir Mi Marca.	My Brand could not be opened.
Campañas	Campaigns
Configura el sector de tu Marca	Configure your Brand sector
Nombre, territorio, organizador…	Name, territory, organizer…
Campañas totales	Total campaigns
Mi Marca	My Brand
Estado de campaña actualizado	Campaign status updated
Error de conexión	Connection error
Rol de Marca actualizado	Brand role updated
Esta disponibilidad es independiente de las oportunidades de combate. No comparte tu peso actual ni tu preparación privada.	This availability is independent of fight opportunities. It does not share your current weight or private preparation data.
Vía de contacto	Contact channel
Tipos de colaboración	Collaboration types
Ej.: embajador, producto, contenido, evento.	E.g.: ambassador, product, content, event.
Qué colaboraciones te interesan	Which collaborations interest you
Guardar preferencias	Save preferences
Preferencias de colaboración actualizadas	Collaboration preferences updated
Marca KOMBAX	KOMBAX Brand
Mostrar interés	Show interest
La Marca recibirá tu solicitud dentro de su CRM de campaña.	The Brand will receive your request in its campaign CRM.
Enviar interés	Send interest
Interés enviado a la Marca	Interest sent to the Brand
Decide si las Marcas pueden localizar este Club y enviar propuestas. Tener un perfil público o contacto Social no activa esta opción automáticamente.	Decide whether Brands can find this Club and send proposals. Having a public profile or Social contact does not enable this option automatically.
Permitir que Marcas encuentren el Club en búsquedas de colaboración	Allow Brands to find the Club in collaboration searches
Aceptar propuestas comerciales dentro de KOMBAX	Accept commercial proposals within KOMBAX
Ej.: material, patrocinio, eventos, embajadores, descuentos para miembros.	E.g.: equipment, sponsorship, events, ambassadors, member discounts.
Qué busca el Club	What the Club is looking for
El evento solo aparecerá en el buscador de patrocinio de Marcas si lo autorizas. Publicar el evento no activa esta opción automáticamente.	The event will only appear in Brand sponsorship search if you authorize it. Publishing the event does not enable this option automatically.
Mostrar este evento a Marcas que buscan eventos para patrocinar	Show this event to Brands looking for events to sponsor
Aceptar propuestas de patrocinio dentro de KOMBAX	Accept sponsorship proposals within KOMBAX
Qué colaboraciones interesan	Which collaborations are of interest
Ej.: sponsor principal, material, premios, activación de marca, contenido.	E.g.: main sponsor, equipment, prizes, brand activation, content.
Información para posibles patrocinadores	Information for potential sponsors
Proponer colaboración	Propose collaboration
Business Hub con privacidad por diseño	Business Hub with privacy by design
La Marca trabaja con información pública y propuestas autorizadas. Nunca obtiene pesos privados, finanzas, alumnos ni documentación interna de clubes.	The Brand works with public information and authorized proposals. It never receives private weights, finances, student data, or internal club documentation.
Embajadores, producto, contenido y colaboraciones directas con perfiles que hayan dado opt-in.	Ambassadors, products, content, and direct collaborations with profiles that have opted in.
Programas de clubes colaboradores utilizando únicamente contactos públicos habilitados.	Partner club programs using only enabled public contacts.
El catálogo y la comunicación siguen conectados con la misma identidad Marca.	The catalog and communications remain connected to the same Brand identity.
CAMPAÑAS	CAMPAIGNS
{VAR} campaña{VAR}	{VAR} campaign{VAR}
Aún no hay campañas	There are no campaigns yet
Crea una campaña abierta o privada para competidores, clubes o eventos.	Create an open or private campaign for competitors, clubs, or events.
Buscar colaboradores	Find collaborators
Descubrimiento profesional	Professional discovery
Busca únicamente información pública y perfiles que hayan autorizado colaboraciones con marcas.	Search only public information and profiles that have authorized brand collaborations.
{VAR} relación{VAR}	{VAR} relationship{VAR}
Sin propuestas todavía	No proposals yet
Las invitaciones y solicitudes de campañas abiertas aparecerán aquí.	Invitations and requests from open campaigns will appear here.
Marca ↔ KOMBAX Events	Brand ↔ KOMBAX Events
Descubre eventos públicos y envía una propuesta. La aceptación no concede permisos de organización ni acceso a datos privados.	Discover public events and send a proposal. Acceptance does not grant organizer permissions or access to private data.
Buscar eventos	Find events
Busca un evento público para iniciar una propuesta.	Find a public event to start a proposal.
EQUIPO DE MARCA	BRAND TEAM
Los roles de negocio no sustituyen los permisos de seguridad. Primero la persona debe ser Gestor autorizado del perfil Marca.	Business roles do not replace security permissions. The person must first be an authorized Manager of the Brand profile.
Guardar rol	Save role
Gestión de equipo protegida	Protected team management
Solo propietarios/administradores pueden consultar la lista completa de gestores. Añádelos desde Gestores y después asigna aquí su función comercial.	Only owners/administrators can view the full manager list. Add them from Managers, then assign their commercial function here.
ANALÍTICA R37	R37 ANALYTICS
Métricas operativas, no publicidad invasiva	Operational metrics, not intrusive advertising
Esta primera fase mide campañas y colaboraciones. No construye perfiles ocultos ni utiliza datos privados de deportistas para segmentación.	This first phase measures campaigns and collaborations. It does not build hidden profiles or use athletes' private data for targeting.
Solo aparecen perfiles y entidades con información pública/contacto autorizado.	Only profiles and entities with public information or authorized contact appear.
Tu disponibilidad comercial es independiente de Fighter Discovery y nunca publica pesos, preparación, documentación o datos internos.	Your commercial availability is independent of Fighter Discovery and never publishes weights, preparation data, documentation, or internal data.
Cuando una marca te contacte dentro de KOMBAX aparecerá aquí.	When a brand contacts you within KOMBAX, it will appear here.
CAMPAÑAS ABIERTAS	OPEN CAMPAIGNS
Sin campañas abiertas	No open campaigns
No hay campañas compatibles activas en este momento.	There are no compatible active campaigns at this time.
Las campañas abiertas solo aparecen cuando autorizas expresamente colaboraciones con marcas.	Open campaigns only appear when you explicitly authorize brand collaborations.
Publicar y actuar como Club	Publish and act as Club
Editar perfil público	Edit public profile
Estos permisos permiten actuar públicamente en nombre del Club. Toda acción conserva el usuario real en auditoría.	These permissions allow public actions on behalf of the Club. Every action retains the real user in the audit trail.
Club no disponible	Club unavailable
Selecciona un club para gestionar su identidad KOMBAX.	Select a club to manage its KOMBAX identity.
Gestiona la presencia pública de tu club y mantén separada la información interna.	Manage your club's public presence while keeping internal information separate.
Completa el perfil público para presentar el club en KOMBAX.	Complete the public profile to present the club on KOMBAX.
Social pendiente	Social pending
Logo, banner, descripción, disciplinas, ubicación, enlaces y datos visibles.	Logo, banner, description, disciplines, location, links, and visible data.
Hasta 10 fotos y 3 vídeos de 15 segundos. Avatar y portada no cuentan.	Up to 10 photos and 3 videos of 15 seconds. Avatar and cover do not count.
Publicaciones internas para miembros del club. No se muestran automáticamente en la red pública.	Internal posts for club members. They are not automatically shown on the public network.
Abrir comunidad	Open community
Publica texto, fotos y vídeos en la red pública utilizando la identidad del Club.	Publish text, photos, and videos on the public network using the Club identity.
Crea y gestiona el escaparate del Club. Club incluye 15 modelos; Premium amplía a 25 y ya incluye Commerce.	Create and manage the Club storefront. Club includes 15 listings; Premium expands to 25 and already includes Commerce.
Gestionar productos	Manage products
Crea y gestiona eventos públicos. Premium incluye hasta 2 publicaciones al mes; Ticketing se activa aparte.	Create and manage public events. Premium includes up to 2 publications per month; Ticketing is activated separately.
Gestionar eventos	Manage events
Consulta tu plan KOMBAX, límites, fees y servicios puntuales disponibles.	View your KOMBAX plan, limits, fees, and available add-on services.
Guía de migración	Migration guide
Tutorial para trasladar alumnos, grupos, cuotas, licencias y documentos desde Excel, CSV, PDF o imágenes, con revisión antes de importar.	Tutorial for moving students, groups, fees, licenses, and documents from Excel, CSV, PDF, or images, with review before import.
Abrir guía	Open guide
Gestiona múltiples Federaciones, federados, licencias, vencimientos y documentación administrativa de forma privada.	Privately manage multiple Federations, federation members, licenses, expirations, and administrative documentation.
Decide expresamente si las Marcas pueden localizar al Club y enviar propuestas comerciales.	Explicitly decide whether Brands can find the Club and send commercial proposals.
Decide quién puede actuar como Club y gestionar cada área pública.	Decide who can act as the Club and manage each public area.
Tu cuenta personal permanece separada de la identidad pública del Club.	Your personal account remains separate from the Club's public identity.
Cambia la contraseña de tu cuenta personal verificando primero la contraseña actual.	Change your personal account password after first verifying the current password.
ESTÁS GESTIONANDO	YOU ARE MANAGING
Las acciones públicas se atribuyen al Club; KOMBAX registra internamente qué miembro del equipo las realiza.	Public actions are attributed to the Club; KOMBAX internally records which team member performs them.
PERFIL PÚBLICO KOMBAX	KOMBAX PUBLIC PROFILE
{VAR}/3 vídeos	{VAR}/3 videos
Ver como público	View as public
Información interna separada	Internal information kept separate
Alumnos, cuotas, asistencia, documentación, teléfonos, emails y datos familiares nunca forman parte del perfil público KOMBAX.	Students, fees, attendance, documentation, phone numbers, emails, and family data are never part of the public KOMBAX profile.
Fotografía	Photo
Vídeo · máximo 15 s	Video · maximum 15 s
El perfil público del club todavía no está disponible.	The club's public profile is not available yet.
Perfil público del club · separado de los datos administrativos	Club public profile · separate from administrative data
Ajustar logo público	Adjust public logo
Ajustar portada pública	Adjust public cover
Elige exactamente qué zona queda visible en la cabecera.	Choose exactly which area remains visible in the header.
Foto completa del álbum	Full album photo
Hasta 10 fotos y 3 vídeos simultáneos. Los vídeos se validan a un máximo de 60 segundos en MP4/HD recomendado.	Up to 10 photos and 3 videos at the same time. Videos are validated to a maximum of 60 seconds, with MP4/HD recommended.
Vídeo · máximo 60 s	Video · maximum 60 s
Contenido añadido al álbum	Content added to the album
Ajustar contenido del álbum del club	Adjust club album content
Portada del vídeo · álbum del club	Video cover · club album
Eliminar del álbum	Remove from album
Dejará de mostrarse públicamente. El registro conserva trazabilidad.	It will no longer be shown publicly. The record retains traceability.
Editar perfil público del club	Edit club public profile
Publica únicamente información que el club quiera compartir. El email, teléfono y dirección administrativos no se copian automáticamente.	Publish only information the club wants to share. Administrative email, phone number, and address are not copied automatically.
Nombre público	Public name
Nombre corto / alias	Short name / alias
Identificador público	Public identifier
Minúsculas, números y guiones. No depende del nombre visible.	Lowercase letters, numbers, and hyphens. It does not depend on the visible name.
Presentación	Presentation
Contacto público voluntario	Optional public contact
Web pública (URL HTTPS)	Public website (HTTPS URL)
Logo del perfil público	Public profile logo
Opcional · máximo 5 MB.	Optional · maximum 5 MB.
Quitar logo público actual	Remove current public logo
Portada del perfil público	Public profile cover
Opcional · máximo 5 MB. Después de guardar podrás usar “Ajustar banner” para mover la foto y seleccionar la zona visible.	Optional · maximum 5 MB. After saving, you can use “Adjust banner” to move the photo and select the visible area.
Quitar portada pública actual	Remove current public cover
Guardar perfil público	Save public profile
Perfil público del club actualizado	Club public profile updated
Miembro · afiliación confirmada	Member · affiliation confirmed
MIEMBRO	MEMBER
Perfiles KOMBAX	KOMBAX profiles
Directorio del club con una única identidad pública por miembro	Club directory with one public identity per member
Buscar por nombre o apodo	Search by name or nickname
Información pública	Public information
{VAR})} Editar perfil público	{VAR})} Edit public profile
Álbum vacío	Empty album
El avatar y la portada no cuentan dentro de este límite.	Avatar and cover do not count toward this limit.
Volver al álbum	Back to album
No hay perfiles KOMBAX que coincidan.	No matching KOMBAX profiles.
Pendiente de validación	Pending validation
Archivar publicación	Archive post
La publicación dejará de aparecer en el feed habitual, pero conservará su trazabilidad.	The post will stop appearing in the regular feed, but its traceability will be retained.
Publicación archivada	Post archived
Eliminar publicación y contenido	Delete post and content
Se eliminarán la publicación, sus avisos vinculados y la imagen almacenada en el espacio multimedia del club. Esta acción es definitiva.	The post, its linked notifications, and the image stored in the club media area will be deleted. This action is permanent.
Publicación e imagen eliminadas	Post and image deleted
Título	Title
Publicar ahora	Publish now
Fecha/hora del evento o publicación programada	Event date/time or scheduled publication
JPG, PNG, WEBP o GIF · máximo 5 MB. Al reemplazarla se elimina el archivo anterior de Storage.	JPG, PNG, WEBP, or GIF · maximum 5 MB. Replacing it deletes the previous file from Storage.
Editar publicación	Edit post
Puedes conservar, sustituir o eliminar la imagen actual.	You can keep, replace, or delete the current image.
Publica una noticia, evento, clase o cartel con imagen.	Publish news, an event, a class, or an image poster.
Publicación guardada y notificada	Post saved and notified
Publicación programada	Post scheduled
Publicación guardada	Post saved
La publicación se conserva, pero deja de mostrarse en el feed habitual.	The post is preserved, but it will no longer appear in the regular feed.
Se borrarán esta publicación, sus avisos vinculados y su imagen física de Storage. Esta acción no se puede deshacer.	This post, its linked notifications, and its stored image will be deleted. This action cannot be undone.
El modo recomendado muestra el artículo completo. El original se conserva.	The recommended mode shows the full item. The original is preserved.
Desactivar material	Deactivate item
El artículo dejará de mostrarse a familias y alumnado, pero conservará pedidos e histórico.	The item will no longer be shown to families and students, but its orders and history will be preserved.
Desactivar	Deactivate
Eliminar material	Delete item
Se eliminará si no tiene pedidos o entregas. La imagen del producto también se borrará del almacenamiento.	It will be deleted if it has no orders or deliveries. The product image will also be removed from storage.
Imagen del producto	Product image
JPG, PNG, WEBP o GIF · máximo 5 MB. Si sustituyes la imagen, la anterior se elimina de Storage.	JPG, PNG, WEBP or GIF · maximum 5 MB. If you replace the image, the previous one is deleted from Storage.
Editar material	Edit item
Añade una fotografía para una tienda más visual.	Add a photo to make the shop more visual.
Nueva variante	New variant
No hay un alumno vinculado disponible para esta solicitud.	There is no linked student available for this request.
Artículo	Item
Talla aproximada, consulta o detalle para secretaría…	Approximate size, question, or note for the office…
Si no lo marcas, quedará pendiente para que otra persona autorizada lo valide.	If you do not select it, it will remain pending for another authorized person to validate.
Puedes dejarla pendiente o validarla de forma atómica.	You can leave it pending or validate it atomically.
El club validará la retirada antes de descontar stock y generar el cargo.	The club will validate the pickup before deducting stock and generating the charge.
Enviar para validar	Send for validation
Retirada pendiente de validación	Pickup pending validation
La operación descontará stock, registrará la entrega y añadirá la deuda del material al estado de cuenta.	The operation will deduct stock, record the delivery, and add the item charge to the account statement.
Cancelar retirada	Cancel pickup
No se descontará stock ni se generará ningún cargo.	No stock will be deducted and no charge will be generated.
Leída	Read
Cuenta	Account
Notificación leída y guardada	Notification marked as read and saved
Avisos informativos del grupo marcados como leídos	Group information notices marked as read
Leer más {VAR})}	Read more {VAR})}
'+icon('archive',{size:16})+' Histórico	'+icon('archive',{size:16})+' History
'+icon('plus',{size:16})+' Nueva publicación	'+icon('plus',{size:16})+' New post
{VAR})} Desactivar	{VAR})} Deactivate
'+icon('plus',{size:16})+' Nuevo material	'+icon('plus',{size:16})+' New item
Cargando notificaciones…	Loading notifications…
Ver {VAR} avisos más	View {VAR} more notices
Marcar informativas como leídas	Mark informational notices as read
Requieren acción	Action required
categorías activas	active categories
“Marcar informativas como leídas” nunca oculta estas tareas. Abre “Revisar” para atenderlas.	“Mark informational notices as read” never hides these tasks. Open “Review” to handle them.
El centro carga el historial de forma progresiva. Los avisos antiguos no se descargan todos de golpe.	The center loads history progressively. Older notices are not downloaded all at once.
Acoso o intimidación	Harassment or bullying
Contenido sexual o riesgo para menores	Sexual content or risk to minors
Privacidad o datos personales	Privacy or personal data
Spam o contenido engañoso	Spam or misleading content
Suplantación de identidad	Impersonation
Denunciar en Comunidad del Club	Report in Club Community
La denuncia será revisada por el equipo autorizado.	The report will be reviewed by the authorized team.
¿Qué quieres denunciar?	What do you want to report?
Esta publicación	This post
Explica brevemente qué ocurre	Briefly explain what is happening
Añade contexto útil para la revisión.	Add useful context for the review.
Denuncia enviada para revisión	Report submitted for review
No has bloqueado ningún perfil	You have not blocked any profiles
Perfiles bloqueados	Blocked profiles
No hay contenido que requiera revisión en este momento.	There is no content requiring review at this time.
Revisión interna y trazable del contenido generado por usuarios.	Internal, traceable review of user-generated content.
Marcada en revisión	Marked for review
En revisión por el equipo del club.	Under review by the club team.
Ocultar publicación denunciada	Hide reported post
La publicación quedará oculta y la denuncia se marcará como resuelta.	The post will be hidden and the report will be marked as resolved.
Contenido ocultado tras revisión de la denuncia.	Content hidden after report review.
Suspender acceso a KOMBAX Social	Suspend access to KOMBAX Social
Reactivar acceso a KOMBAX Social	Restore access to KOMBAX Social
Describe el motivo de la decisión para dejar trazabilidad.	Describe the reason for the decision to maintain an audit trail.
Suspender acceso	Suspend access
Reactivar acceso	Restore access
Acceso social suspendido	Social access suspended
Acceso social reactivado	Social access restored
La nueva portada sustituirá a la manual actual. La automática se conserva como respaldo.	The new cover will replace the current manual cover. The automatic cover is kept as a backup.
Nueva portada	New cover
Se optimizará automáticamente.	It will be optimized automatically.
Guardar portada	Save cover
Nueva publicación en la Comunidad del Club	New post in Club Community
Entrenamiento, competición, celebración…	Training, competition, celebration…
Imagen o vídeo	Image or video
Imagen optimizada automáticamente · vídeo máx. 50 MB, 15 s y 1080p.	Image optimized automatically · video max. 50 MB, 15 s and 1080p.
Portada manual (opcional, solo vídeo)	Manual cover (optional, video only)
Si no eliges una, se genera automáticamente.	If you do not choose one, it will be generated automatically.
Las Normas de Comunidad del Club vigentes no están disponibles.	The current Club Community Guidelines are unavailable.
Miembro del club	Club member
Abrir imagen completa	Open full image
Sé la primera persona en compartir un momento del club.	Be the first person to share a club moment.
Se borrará también la imagen o vídeo almacenado.	The stored image or video will also be deleted.
Ocultada por moderación	Hidden by moderation
Publicación visible	Post visible
Publicación oculta	Post hidden
Imagen completa de la publicación	Full post image
Suspender acceso social	Suspend social access
Reactivar acceso social	Restore social access
Cargando comunidad…	Loading community…
{VAR} · {VAR} días restantes{VAR}	{VAR} · {VAR} days remaining{VAR}
DESTINO DE PUBLICACIÓN	POST DESTINATION
Para publicar de forma pública en toda la red utiliza KOMBAX Social.	To publish publicly across the network, use KOMBAX Social.
Abrir Social	Open Social
Tu club también se vive aquí.	Your club community lives here too.
Comparte una imagen o un vídeo de hasta 15 segundos. El contenido se elimina automáticamente a los 30 días.	Share an image or a video up to 15 seconds long. Content is automatically deleted after 30 days.
Límite mensual alcanzado	Monthly limit reached
Podrás volver a publicar el próximo mes.	You can post again next month.
Después de entrenar	After training
Tutor	Guardian
Gestionar accesos	Manage access
PREPARACIÓN	PREPARATION
Evolución del peso	Weight progress
Fecha y hora	Date and time
Foto opcional de la báscula	Optional scale photo
JPG, PNG o WEBP · privada · máximo 5 MB.	JPG, PNG or WEBP · private · maximum 5 MB.
Guardar registro	Save record
Representación profesional	Professional representation
Sin acceso específico	No specific access
Equipo de preparación	Preparation team
Permisos de preparación	Preparation permissions
Puede añadir pesajes	Can add weigh-ins
Conceder acceso	Grant access
Acceso actualizado	Access updated
Mi preparación	My preparation
PREPARACIÓN DE COMPETICIÓN	COMPETITION PREPARATION
Seguimiento privado de competición	Private competition tracking
Sin evento vinculado	No linked event
Añade el primer peso cuando corresponda a tu seguimiento.	Add the first weight when appropriate for your tracking.
Editar seguimiento	Edit tracking
La competición y la inscripción permanecen vinculadas; aquí solo ajustas el seguimiento privado.	The competition and registration remain linked; here you only adjust the private tracking.
Peso límite / referencia (kg)	Weight limit / reference (kg)
Fecha y hora del pesaje	Weigh-in date and time
Imagen privada · acceso temporal	Private image · temporary access
Foto privada de la báscula	Private scale photo
No se pudo abrir la imagen.	The image could not be opened.
No tienes permiso para activar el seguimiento privado de esta inscripción.	You do not have permission to activate private tracking for this registration.
El seguimiento privado requiere un miembro o perfil Competidor KOMBAX vinculado. El pesaje oficial sí puede registrarse desde el evento.	Private tracking requires a linked KOMBAX member or Competitor profile. The official weigh-in can still be recorded from the event.
Dato deportivo de seguimiento. KOMBAX no prescribe pérdidas de peso ni protocolos de deshidratación.	Sports tracking data. KOMBAX does not prescribe weight loss or dehydration protocols.
Activar seguimiento	Activate tracking
Preparación activada para esta inscripción.	Preparation activated for this registration.
Inscripción no disponible.	Registration unavailable.
El pesaje oficial corresponde a la organización autorizada del evento.	The official weigh-in is managed by the authorized event organization.
El pesaje oficial ya está cerrado y permanece bloqueado como histórico.	The official weigh-in is already closed and remains locked as historical data.
categoría por confirmar	category to be confirmed
Confirmar y bloquear	Confirm and lock
Inscripción no disponible	Registration unavailable
No tienes acceso a esta inscripción o ya no forma parte del evento.	You do not have access to this registration or it is no longer part of the event.
Seguimiento ligado exclusivamente a esta inscripción	Tracking linked exclusively to this registration
Categoría por confirmar	Category to be confirmed
Seguimiento privado no disponible	Private tracking unavailable
Esta ficha es externa y no está enlazada a un perfil Competidor o miembro KOMBAX. Puede registrar el pesaje oficial la organización.	This is an external record and is not linked to a KOMBAX Competitor profile or member. The organization can record the official weigh-in.
Preparación privada	Private preparation
El seguimiento existe, pero tu rol en este evento no te concede acceso al histórico diario.	Tracking exists, but your role in this event does not grant access to the daily history.
Seguimiento pendiente	Tracking pending
Actívalo desde esta inscripción para comenzar a registrar la evolución.	Activate it from this registration to start recording progress.
Todavía no tienes seguimientos activos	You do not have any active tracking yet
Cuando una inscripción a una competición active preparación, aparecerá aquí automáticamente.	When preparation is activated for a competition registration, it will appear here automatically.
Último peso	Latest weight
Límite / objetivo	Limit / target
Añade al menos dos registros para ver la evolución.	Add at least two records to view progress.
El peso no aparece en Social ni en el perfil público. Solo las personas autorizadas pueden verlo.	Weight data does not appear in Social or on the public profile. Only authorized people can view it.
Aparecerán entrenadores/equipo del club o representantes vinculados.	Linked coaches, club staff, or representatives will appear here.
Límite / referencia	Limit / reference
Editar preparación	Edit preparation
Seguimiento deportivo, no asesoramiento médico	Sports tracking, not medical advice
KOMBAX registra datos y recordatorios. No recomienda deshidratación, pérdidas rápidas de peso, dietas, medicación ni protocolos clínicos. En menores, el seguimiento debe limitarse a control de categoría y pesaje con supervisión adulta.	KOMBAX records data and reminders. It does not recommend dehydration, rapid weight loss, diets, medication, or clinical protocols. For minors, tracking must be limited to category and weigh-in monitoring under adult supervision.
EVOLUCIÓN	PROGRESS
Historial de peso	Weight history
Esta imagen no forma parte de KOMBAX Social ni del perfil público.	This image is not part of KOMBAX Social or the public profile.
Cargando competición…	Loading competition…
EVENTO → INSCRIPCIÓN → PREPARACIÓN	EVENT → REGISTRATION → PREPARATION
Histórico privado	Private history
La organización o federación no ve los registros diarios por organizar el evento. Solo recibe la información administrativa y el pesaje oficial.	The organization or federation does not see daily records simply because it organizes the event. It only receives the required administrative information and official weigh-in.
Preparación asociada a cada inscripción.	Preparation associated with each registration.
El seguimiento se activa desde un evento concreto. Aquí conservas el acceso a tus competiciones y a su histórico privado.	Tracking is activated from a specific event. Here you retain access to your competitions and their private history.
Los registros de peso no se publican en Social ni se comparten con otros clubes o con una federación salvo los datos oficiales necesarios del evento.	Weight records are not published on Social or shared with other clubs or a federation, except for the official data required for the event.
KOMBAX MIGRATIONS · ACCESO DIRECTO	KOMBAX MIGRATIONS · DIRECT ACCESS
¿Ya tienes tus datos en Excel, CSV, PDF, fichas o imágenes?	Do you already have your data in Excel, CSV, PDF, records, or images?
Entra directamente al chat de migración y sube tus documentos en la misma conversación. KOMBAX Migrations analiza por lotes, reutiliza lo ya extraído y prepara una vista previa; nunca importa datos sin confirmación.	Open the migration chat directly and upload your documents in the same conversation. KOMBAX Migrations analyzes them in batches, reuses previously extracted data, and prepares a preview; it never imports data without confirmation.
Abrir KOMBAX Migrations	Open KOMBAX Migrations
Asistencia de gestión	Management assistance
Migración de datos	Data migration
Configuración inicial	Initial setup
Incidencia técnica	Technical issue
Pérdida de datos	Data loss
Permisos críticos	Critical permissions
soporte@kombax.es	soporte@kombax.es
privacidad@kombax.es	privacidad@kombax.es
Sin migraciones todavía	No migrations yet
Sin casos de soporte todavía	No support cases yet
Sin conversaciones de gestión todavía	No management conversations yet
Inicia una migración, conversa y añade documentos dentro del mismo caso.	Start a migration, chat, and add documents within the same case.
Abre una conversación cuando necesites analizar o entender la gestión de tu organización.	Start a conversation whenever you need to analyze or understand your organization’s management.
Asistencia de gestión KOMBAX	KOMBAX Management Assistance
· Asistente de migración	· Migration Assistant
· Copiloto de gestión	· Management Copilot
Cuéntame cómo tienes organizados los datos o añade archivos. Prepararé el análisis y la vista previa, pero no se importará nada sin confirmación.	Tell me how your data is organized or add files. I will prepare the analysis and preview, but nothing will be imported without confirmation.
Puedo ayudarte a interpretar la gestión autorizada de tu Club, Federación o Marca. Durante el piloto trabajo en modo de solo lectura: analizo y te indico el siguiente paso, sin modificar datos.	I can help you interpret the authorized management context of your Club, Federation, or Brand. During the pilot I work in read-only mode: I analyze the information and suggest the next step without modifying data.
SOPORTE GUIADO	GUIDED SUPPORT
KOMBAX Migrations está disponible para Club, Federación y Marca con permisos de gestión.	KOMBAX Migrations is available to Clubs, Federations, and Brands with management permissions.
KOMBAX Assist de gestión necesita una identidad Club, Federación o Marca autorizada.	KOMBAX management Assist requires an authorized Club, Federation, or Brand identity.
El chat guiado de este caso todavía no está activo. Continúa por correo con Soporte KOMBAX; el equipo lo habilitará si es útil para el diagnóstico.	Guided chat is not active for this case yet. Continue by email with KOMBAX Support; the team will enable it if it is useful for diagnosis.
Este caso pertenece a Soporte KOMBAX y requiere activación del chat guiado por el equipo de soporte.	This case belongs to KOMBAX Support and requires guided chat to be activated by the support team.
La asistencia guiada no está disponible temporalmente. El caso permanece abierto y puedes continuar por el canal humano de Soporte KOMBAX.	Guided assistance is temporarily unavailable. The case remains open and you can continue through the human KOMBAX Support channel.
La asistencia inteligente está instalada, pero la credencial de IA no está habilitada en este entorno. No se ha modificado ningún dato.	Intelligent assistance is installed, but the AI credential is not enabled in this environment. No data has been modified.
Este chat guiado ha alcanzado el límite de asistencia incluido. El caso permanece abierto por correo y Soporte KOMBAX decidirá el siguiente nivel de atención.	This guided chat has reached the included assistance limit. The case remains open by email and KOMBAX Support will determine the next level of assistance.
Has utilizado las conversaciones de KOMBAX Assist incluidas en este periodo. El historial permanece disponible y el cupo se renovará en el siguiente periodo.	You have used the KOMBAX Assist conversations included in this period. Your history remains available and the allowance will renew in the next period.
Este chat guiado ha alcanzado su límite de mensajes. El caso continúa por correo y Soporte KOMBAX puede escalarlo si la situación lo requiere.	This guided chat has reached its message limit. The case continues by email and KOMBAX Support can escalate it if the situation requires.
Esta conversación ha alcanzado el número de mensajes incluido. Inicia una nueva conversación si todavía tienes cupo mensual disponible.	This conversation has reached its included message limit. Start a new conversation if you still have monthly allowance available.
esperando activación	waiting for activation
Revisando el caso técnico…	Reviewing the technical case…
Analizando el siguiente paso de la migración…	Analyzing the next migration step…
Stripe verificará de forma segura la identidad y la cuenta bancaria. No introduzcas datos bancarios, documentos ni claves en KOMBAX Assist.	Stripe will securely verify identity and bank account details. Do not enter banking details, documents, or keys in KOMBAX Assist.
No se pudo abrir la configuración segura.	The secure setup could not be opened.
Abrir Stripe	Open Stripe
Selecciona una organización gestionable para iniciar el alta segura de Stripe.	Select an organization you can manage to start secure Stripe onboarding.
Análisis actualizado. Puedes continuar o añadir más documentos.	Analysis updated. You can continue or add more documents.
Puedes subir Excel, CSV, PDF, fichas escaneadas o imágenes.	You can upload Excel, CSV, PDF, scanned records, or images.
La carga no se completó. Los archivos confirmados antes del error permanecen vinculados a esta migración.	The upload did not complete. Files confirmed before the error remain linked to this migration.
No se pudo descargar la guía de migración.	The migration guide could not be downloaded.
La guía de migración está disponible para los perfiles Club, Federación y Marca.	The migration guide is available to Club, Federation, and Brand profiles.
Guía de migración preparada	Migration guide ready
Historial eliminado	History deleted
Se eliminarán los mensajes, análisis y archivos asociados a esta conversación. Esta acción no restaura migraciones ni conversaciones consumidas en tu plan.	Messages, analyses, and files associated with this conversation will be deleted. This action does not restore migrations or conversations already used in your plan.
conversaciones de gestión	management conversations
KOMBAX Assist de gestión está disponible para Club, Federación y Marca con permisos autorizados.	KOMBAX management Assist is available to Clubs, Federations, and Brands with authorized permissions.
No se pudo validar la conversación dentro de esta organización.	The conversation could not be validated within this organization.
No se pudo reconocer el tipo de conversación.	The conversation type could not be identified.
Asistencia inteligente de gestión · modo de solo lectura durante el piloto.	Intelligent management assistance · read-only mode during the pilot.
Consultas rápidas	Quick prompts
Resume lo más importante de la gestión que debería revisar ahora.	Summarize the most important management items I should review now.
¿Qué pendientes detectas y qué debería revisar primero?	What pending items do you detect, and what should I review first?
Explícame las cifras disponibles de forma sencilla y accionable.	Explain the available figures in a simple, actionable way.
Pregunta sobre la gestión de tu organización…	Ask about your organization’s management…
KOMBAX Migrations está disponible para Club, Federación y Marca.	KOMBAX Migrations is available to Club, Federation, and Brand profiles.
KOMBAX Migrations requiere una organización autorizada.	KOMBAX Migrations requires an authorized organization.
No se pudo validar el acceso a Migrations.	Access to Migrations could not be validated.
No se pudo validar esta migración dentro de la organización actual.	This migration could not be validated within the current organization.
Migración asistida · documentos, análisis, revisión y confirmación.	Assisted migration · documents, analysis, review, and confirmation.
Analiza el siguiente lote de archivos pendientes. Identifica registros, campos, posibles duplicados, incompletos y cualquier dato que necesite mi revisión antes de migrar.	Analyze the next batch of pending files. Identify records, fields, possible duplicates, incomplete data, and anything that requires my review before migration.
Migración enviada a revisión humana	Migration sent for human review
Atención técnica y formal · correo, chat guiado y escalada gestionada por KOMBAX	Technical and formal support · email, guided chat, and escalation managed by KOMBAX
Atención técnica y formal de KOMBAX, separada de la mensajería y de KOMBAX Assist.	KOMBAX technical and formal support, separate from messaging and KOMBAX Assist.
No se pudo validar este caso de Soporte KOMBAX.	This KOMBAX Support case could not be validated.
Caso técnico/formal · el chat guiado solo se activa desde Soporte KOMBAX.	Technical/formal case · guided chat can only be activated by KOMBAX Support.
Chat técnico guiado · activado por el equipo de soporte para este caso.	Guided technical chat · activated by the support team for this case.
Describe la incidencia o responde a la pregunta de soporte…	Describe the issue or answer the support question…
Caso enviado a revisión humana	Case sent for human review
Asistencia inteligente de gestión para Club, Federación y Marca.	Intelligent management assistance for Clubs, Federations, and Brands.
KOMBAX Assist, asistente virtual de gestión	KOMBAX Assist, virtual management assistant
KOMBAX Migrations, migración asistida	KOMBAX Migrations, assisted migration
¿Ya tienes tus datos en otro sistema?	Do you already have your data in another system?
KOMBAX Migrations te permite conversar y subir Excel, CSV, PDF e imágenes, con análisis por lotes, vista previa y confirmación antes de importar.	KOMBAX Migrations lets you chat and upload Excel, CSV, PDF, and images, with batch analysis, preview, and confirmation before import.
Tu copiloto de gestión: analiza el contexto autorizado y te ayuda a priorizar sin modificar datos durante el piloto.	Your management copilot: it analyzes authorized context and helps you prioritize without modifying data during the pilot.
mensajes tuyos por conversación. Una conversación empieza a consumir cupo cuando envías el primer mensaje; así protegemos el uso de IA incluido en tu plan.	messages from you per conversation. A conversation starts using your allowance when you send the first message; this protects the AI usage included in your plan.
mensajes tuyos por migración · {VAR} / {VAR} documentos · {VAR} / {VAR} MB.	messages from you per migration · {VAR} / {VAR} documents · {VAR} / {VAR} MB.
Continuar migración	Continue migration
Abrir chat guiado	Open guided chat
Continuar por correo	Continue by email
Soporte KOMBAX · chat guiado	KOMBAX Support · guided chat
Todavía no hay archivos analizados por KOMBAX Migrations.	There are no files analyzed by KOMBAX Migrations yet.
Confirmación obligatoria.	Confirmation required.
La vista previa sirve para revisar datos, duplicados e incompletos. KOMBAX Migrations no ejecuta una importación automática desde este chat.	The preview lets you review data, duplicates, and incomplete records. KOMBAX Migrations does not automatically import data from this chat.
Tus datos entran en KOMBAX. Tu histórico no se pierde.	Your data moves into KOMBAX. Your history is preserved.
Guía práctica para trasladar alumnos, federados, grupos, matrículas, cuotas, pagos, licencias y documentos con revisión antes de confirmar.	Practical guide to move students, federation members, groups, enrollments, fees, payments, licenses, and documents with review before confirmation.
Excel, CSV, PDF e imágenes	Excel, CSV, PDF and images
Trabaja con varios archivos en una misma migración y conserva el contexto.	Work with multiple files in the same migration while preserving context.
Los vacíos, posibles duplicados y conflictos se muestran antes de incorporar datos.	Missing fields, possible duplicates, and conflicts are shown before data is added.
La cuenta se vincula a la ficha	The account is linked to the record
Los registros administrativos pueden existir antes de que el alumno o federado tenga cuenta.	Administrative records can exist before the student or federation member has an account.
Excel, CSV, PDF o imágenes.	Excel, CSV, PDF or images.
Cómo se traduce a tu día a día	What this means in your day-to-day work
Alumnos, grupos y acceso	Students, groups, and access
Ejemplo: Ana (16+ con email) puede quedar preparada para invitación; Marc (menor de 16) conserva su ficha y se vincula mediante tutor; Luis (histórico sin email) sigue siendo gestionable y queda pendiente de activación.	Example: Ana (16+ with email) can be prepared for invitation; Marc (under 16) keeps his record and is linked through a guardian; Luis (historical record without email) remains manageable and stays pending activation.
No se crea una segunda ficha al activar la cuenta.	A second record is not created when the account is activated.
Cuotas, matrículas y pagos	Fees, enrollments, and payments
Separa tarifa, cuota concreta, periodo, estado, pago y recibo. Una reimportación no debe volver a crear movimientos históricos que ya existen.	Keep pricing, specific fee, period, status, payment, and receipt separate. Re-importing must not recreate historical transactions that already exist.
FEDERACIÓN · PDF / LISTADOS	FEDERATION · PDF / LISTS
Extrae titular, número de licencia, disciplina, fechas y entidad. Los campos dudosos se dejan para revisión antes de crear relaciones.	Extract holder, license number, discipline, dates, and entity. Uncertain fields are left for review before relationships are created.
La relación federativa no concede acceso automático a las zonas privadas del Club.	A federation relationship does not automatically grant access to private Club areas.
DOCUMENTACIÓN	DOCUMENTATION
Cuando corresponde, el archivo se mantiene asociado a su titular, tipo, referencia, entidad, fecha y vencimiento para que siga siendo localizable.	Where applicable, the file remains associated with its holder, type, reference, entity, date, and expiry so it remains easy to locate.
Las imágenes y PDFs se analizan de forma controlada.	Images and PDFs are analyzed in a controlled way.
Alta nueva 16+	New registration 16+
Histórico sin email	Historical record without email
Puede migrarse y administrarse. Queda Falta email / Sin activar hasta completar el dato.	It can be migrated and managed. It remains Missing email / Not activated until the information is completed.
El menor conserva su ficha; el padre, madre o tutor obtiene una relación autorizada de acceso.	The minor keeps their record; the parent or guardian receives an authorized access relationship.
Una cuenta global puede tener varias membresías sin mezclar cuotas, asistencia, documentos ni permisos.	A global account can have multiple memberships without mixing fees, attendance, documents, or permissions.
Tres líneas distintas dentro de KOMBAX	Three distinct services within KOMBAX
Canal directo de Club, Federación y Marca para transferir datos: conversación + archivos + análisis por lotes + vista previa.	Direct channel for Clubs, Federations, and Brands to transfer data: conversation + files + batch analysis + preview.
Copiloto de gestión para Club, Federación y Marca. Analiza el contexto autorizado en modo de solo lectura y ayuda a decidir el siguiente paso.	Management copilot for Clubs, Federations, and Brands. It analyzes authorized context in read-only mode and helps determine the next step.
Canal técnico y formal de la plataforma. Mantiene el sistema de casos: primero correo, después chat guiado si ayuda al diagnóstico y, cuando KOMBAX lo considera necesario, escalada a asistencia humana directa.	The platform’s technical and formal support channel. It keeps a case-based workflow: email first, then guided chat when useful for diagnosis, and direct human assistance when KOMBAX considers it necessary.
PRIVACIDAD Y CONTROL	PRIVACY AND CONTROL
Puedes borrar conversaciones e historial	You can delete conversations and history
Eliminar conversación:	Delete conversation:
borra mensajes, análisis, metadatos y archivos de Storage asociados al caso.	deletes messages, analyses, metadata, and Storage files associated with the case.
Borrar historial:	Delete history:
limpia todos los casos visibles del módulo y contexto actual. La contabilidad mínima de uso permanece: borrar contenido no restaura cupos.	clears all visible cases for the current module and context. Minimum usage accounting remains: deleting content does not restore allowances.
¿Tengo que limpiar el Excel antes de subirlo?	Do I need to clean the Excel file before uploading it?
No necesariamente. Explica de dónde procede y qué significa cada hoja; KOMBAX Migrations puede ayudarte a detectar formatos distintos, vacíos y relaciones.	Not necessarily. Explain where it comes from and what each sheet means; KOMBAX Migrations can help identify different formats, missing fields, and relationships.
¿Qué pasa si faltan emails?	What happens if email addresses are missing?
Los históricos pueden migrarse sin email y quedar pendientes. Las altas nuevas 16+ deben recoger email desde la preinscripción. Los menores de 16 acceden mediante tutor.	Historical records can be migrated without email and remain pending. New registrations aged 16+ must collect an email from pre-registration. Under-16s access through a guardian.
¿Puedo subir Excel y PDF en la misma migración?	Can I upload Excel and PDF files in the same migration?
Sí. Puedes añadir varias cargas al mismo caso y reutilizar lo ya analizado dentro de sus límites.	Yes. You can add multiple uploads to the same case and reuse previously analyzed data within its limits.
¿El asistente importa automáticamente?	Does the assistant import automatically?
¿La Federación ve las finanzas privadas de los clubes?	Can the Federation see clubs’ private finances?
No por el hecho de estar federados. El ámbito federativo y las zonas privadas del Club permanecen separados.	No. Being federated does not grant that access. Federation scope and private Club areas remain separate.
¿Cómo pido ayuda?	How do I get help?
MENOS FRICCIÓN · MÁS CONTROL	LESS FRICTION · MORE CONTROL
Tu organización revisa antes de confirmar.	Your organization reviews everything before confirmation.
La guía PDF incluye ejemplos completos, checklist y plantillas mínimas recomendadas para Club, Federación y Marca.	The PDF guide includes complete examples, a checklist, and recommended minimum templates for Clubs, Federations, and Brands.
Descargar PDF	Download PDF
Club · Federación · Marca	Club · Federation · Brand
CONVERSACIÓN {VAR}	CONVERSATION {VAR}
Cargando cupo…	Loading allowance…
Resumen de gestión	Management summary
¿Es un tema técnico, de cuenta, privacidad, seguridad o legal?	Is this a technical, account, privacy, security, or legal issue?
Eso no lo resuelve el agente de gestión. Utiliza Ayuda y soporte para atención técnica y trazabilidad. KOMBAX decide si activa chat guiado o asistencia humana directa.	The management agent does not handle that. Use Help & Support for technical assistance and traceability. KOMBAX decides whether to enable guided chat or direct human assistance.
MIGRACIÓN {VAR}	MIGRATION {VAR}
Excel, CSV, PDF, fichas escaneadas o imágenes. Puedes añadirlos ahora o durante la conversación.	Excel, CSV, PDF, scanned records, or images. You can add them now or during the conversation.
PDF, XLSX, XLS, CSV, JPG, JPEG, PNG o WEBP · máximo 10 MB por archivo	PDF, XLSX, XLS, CSV, JPG, JPEG, PNG or WEBP · maximum 10 MB per file
Cargando estado de la migración…	Loading migration status…
SOPORTE KOMBAX	KOMBAX SUPPORT
Atención técnica y formal de la plataforma	Technical and formal platform support
Soporte general	General support
Uso, incidencias técnicas, cuenta y seguimiento administrativo.	Usage, technical issues, account, and administrative follow-up.
Derechos de datos y cuestiones de privacidad.	Data rights and privacy matters.
Canal específico de seguridad infantil.	Dedicated child safety channel.
Abrir centro de soporte	Open support center
Cargando Ayuda y soporte…	Loading Help & Support…
{VAR}),'Soporte KOMBAX')}	{VAR}),'KOMBAX Support')}
ATENCIÓN TÉCNICA Y FORMAL	TECHNICAL AND FORMAL SUPPORT
Soporte KOMBAX atiende incidencias de la plataforma, acceso, cuenta, facturación KOMBAX, privacidad y seguridad. La primera respuesta se realiza por correo electrónico para mantener trazabilidad.	KOMBAX Support handles platform issues, access, accounts, KOMBAX billing, privacy, and security. The first response is provided by email to maintain traceability.
Si la duda es técnica y ayuda al diagnóstico, Soporte KOMBAX puede habilitar un chat guiado.	If the issue is technical and guided chat would help with diagnosis, KOMBAX Support may enable one.
Si el caso es urgente o requiere intervención directa, Combots puede asignar asistencia humana.	If the case is urgent or requires direct intervention, KOMBAX may assign human assistance.
Incidencias técnicas, acceso, cuenta y uso de la plataforma.	Technical issues, access, account, and platform usage.
Derechos, privacidad y tratamiento de datos.	Rights, privacy, and data processing.
Chat guiado técnico	Guided technical chat
No lo activa el cliente. Cuando Soporte KOMBAX considera que una conversación técnica puede acelerar el diagnóstico, el acceso aparece en el caso. Si se detecta urgencia, Combots puede derivarlo internamente a asistencia humana directa.	The customer does not activate it. When KOMBAX Support determines that a technical conversation can speed up diagnosis, access appears in the case. If urgency is detected, KOMBAX may internally escalate it to direct human assistance.
¿Buscas ayuda para gestionar tu Club, Federación o Marca?	Do you need help managing your Club, Federation, or Brand?
Eso corresponde a KOMBAX Assist, la línea de gestión con IA y límites propios de uso.	That belongs in KOMBAX Assist, the AI management service with its own usage limits.
Abrir KOMBAX Assist	Open KOMBAX Assist
No se pudo cargar el centro de soporte	The support center could not be loaded
Chat técnico guiado	Guided technical chat
Asistencia técnica vinculada al caso y a su trazabilidad por correo	Technical assistance linked to the case and its email trail
{VAR} mensajes disponibles	{VAR} messages available
Cargando caso…	Loading case…
Describe el problema técnico con el mayor detalle posible. Soporte KOMBAX decidirá internamente si el caso necesita una escalada adicional.	Describe the technical issue in as much detail as possible. KOMBAX Support will determine internally whether the case requires further escalation.
Si hay urgencia o hace falta intervención directa, Combots puede asignar asistencia humana.	If there is urgency or direct intervention is required, KOMBAX may assign human assistance.
Selecciona una organización gestionable	Select an organization you can manage
Assist necesita el contexto y permisos de un Club, Federación o Marca. Para problemas de la plataforma utiliza	Assist requires the context and permissions of a Club, Federation, or Brand. For platform issues, use
Alumnos, grupos, cuotas y eventos	Students, groups, fees, and events
Resume situación, detecta pendientes y explica la información disponible.	Summarize the situation, identify pending items, and explain the available information.
Clubes, federados y licencias	Clubs, federation members, and licenses
Ayuda a priorizar revisiones y entender el estado administrativo.	Helps prioritize reviews and understand administrative status.
Resume catálogo, actividad y oportunidades visibles para la identidad gestionada.	Summarize catalog, activity, and opportunities visible to the managed identity.
Problemas técnicos, cuenta, facturación de KOMBAX, privacidad, seguridad, protección de menores y cuestiones legales pasan a Ayuda y soporte. La atención comienza por correo y KOMBAX gestiona cualquier escalada posterior.	Technical issues, account matters, KOMBAX billing, privacy, security, child protection, and legal matters go through Help & Support. Assistance starts by email and KOMBAX manages any subsequent escalation.
Disponible para Club, Federación y Marca	Available for Clubs, Federations, and Brands
KOMBAX Migrations adapta la importación al contexto autorizado de Club, Federación o Marca.	KOMBAX Migrations adapts the import to the authorized Club, Federation, or Brand context.
Puedes añadir más documentos a la misma migración y reutilizar el análisis ya realizado dentro de los límites del plan.	You can add more documents to the same migration and reuse existing analysis within your plan limits.
Sin importación automática.	No automatic import.
Confirmación obligatoria	Confirmation required
Abrir migración	Open migration
Abrir Assist	Open Assist
Tesorería	Treasury
Cuotas, cobros y validaciones priorizadas para que la caja del club esté siempre al día.	Prioritized fees, collections, and validations to keep the club’s finances up to date.
Cuotas vencidas	Overdue fees
Últimos movimientos	Latest transactions
Tus clases, asistencia y seguimiento en un panel pensado para moverte rápido desde el tatami.	Your classes, attendance, and follow-up in a dashboard designed for quick access from the mat.
Publica noticias, eventos y avisos manteniendo una experiencia coherente para familias, alumnado y equipo.	Publish news, events, and notices while keeping a consistent experience for families, students, and staff.
Sesiones próximas	Upcoming sessions
Secretaría · Operación diaria	Office · Daily operations
Coordinación · Gestión operativa	Coordination · Operations management
Todo lo pendiente, bajo control.	Keep every pending item under control.
Coordina el club desde un único panel.	Coordinate the club from a single dashboard.
Prioriza solicitudes, documentación, matrículas, pagos y clases del día.	Prioritize requests, documents, enrollments, payments, and today’s classes.
Alumnos, grupos, sesiones, finanzas, publicaciones y documentación con permisos operativos amplios.	Students, groups, sessions, finances, posts, and documents with broad operational permissions.
Inscripciones, clases, asistencia, finanzas y comunicaciones con una visión global del club.	Enrollments, classes, attendance, finances, and communications with a complete view of the club.
Ocupación media	Average occupancy
Clases y ocupación	Classes and occupancy
Próximas sesiones	Upcoming sessions
Sin sesiones próximas	No upcoming sessions
¿Vienes de otro programa, Excel o fichas en papel?	Are you coming from another program, Excel, or paper records?
KOMBAX Migrations te ayuda a trasladar alumnos, grupos, cuotas y documentación mediante chat directo y subida de archivos, con revisión antes de importar.	KOMBAX Migrations helps you move students, groups, fees, and documents through direct chat and file upload, with review before import.
Nombre del grado	Grade name
Meses mínimos	Minimum months
Sin descripción	No description
Eliminar grado	Delete grade
Nueva disciplina	New discipline
Editar disciplina	Edit discipline
Eliminar disciplina	Delete discipline
Solo se elimina si nunca se ha utilizado. Si tiene grupos, matrículas, sesiones o graduaciones, desactívala y conserva el histórico.	It can only be deleted if it has never been used. If it has groups, enrollments, sessions, or gradings, deactivate it and preserve the history.
Editar grado	Edit grade
Nuevo grado	New grade
Solo se elimina si nunca se ha utilizado. Si tiene graduaciones asociadas, desactívalo y conserva el histórico.	It can only be deleted if it has never been used. If it has associated gradings, deactivate it and preserve the history.
No se pudo cargar el catálogo	The catalog could not be loaded
Abrir finanzas	Open finances
Gestionar alumnos	Manage students
Cargando catálogo…	Loading catalog…
Inscripción asociación	Association registration
Autorización	Authorization
Documentación tutor/a	Guardian documentation
Documento médico	Medical document
documento	document
Nombre del documento	Document name
Ej. Inscripción asociación 2026	E.g. Association registration 2026
Fecha del documento	Document date
Documento firmado	Signed document
Visible para familia/alumno	Visible to family/student
PDF, JPG, PNG o WEBP · máximo 10 MB · almacenamiento privado.	PDF, JPG, PNG or WEBP · maximum 10 MB · private storage.
Expedientes privados de inscripción, contratos, autorizaciones y documentación de alumnos	Private enrollment records, contracts, authorizations, and student documentation
Secretaría · Expedientes	Office · Records
¿Tienes carpetas, fichas o documentos que migrar?	Do you have folders, records, or documents to migrate?
Sube Excel, CSV, PDF o imágenes a KOMBAX Migrations. La IA asistida organiza el contenido por lotes y te muestra una vista previa antes de importar.	Upload Excel, CSV, PDF, or images to KOMBAX Migrations. Assisted AI organizes the content in batches and shows you a preview before import.
Buscar alumno, documento u observaciones…	Search student, document, or notes…
Archivo vacío	Empty file
Sube la inscripción física o documentación de un alumno para crear su expediente digital.	Upload a student’s paper enrollment or documentation to create their digital record.
Subir documento al expediente	Upload document to record
El archivo se almacena de forma privada y queda vinculado al alumno.	The file is stored privately and linked to the student.
Documento archivado en el expediente	Document archived in the record
Editar ficha documental	Edit document record
Sustituir documento	Replace document
Documento sustituido con trazabilidad	Document replaced with traceability
Archivar documento	Archive document
El archivo seguirá disponible en el histórico del expediente.	The file will remain available in the record history.
Documento archivado	Document archived
Esta acción elimina la ficha documental y el archivo de Storage. Úsala solo para duplicados o documentos subidos por error.	This action deletes the document record and the Storage file. Use it only for duplicates or documents uploaded by mistake.
Documento eliminado	Document deleted
Cargando archivo documental…	Loading document file…
{VAR})} Subir documento	{VAR})} Upload document
con documentación	with documentation
Fecha y horario	Date and schedule
Cartel / banner	Poster / banner
Categorías	Categories
Evento de Mi Club	My Club event
No se pudo conectar. Comprueba que gestionas ambos eventos.	Could not connect. Check that you manage both events.
Qué puede publicarse	What can be published
Todos los bloques son opt-in. El peso privado nunca forma parte de esta configuración.	All sections are opt-in. Private weight data is never part of this configuration.
Guardar política	Save policy
No se pudo consultar la conexión.	The connection could not be retrieved.
Evento conectado	Event connected
Evento público	Public event
Conexión del evento	Event connection
Conectar no significa compartir	Connecting does not mean sharing
Los datos privados de preparación y el histórico de peso nunca se copian a KOMBAX Events. Solo se publica lo que la organización active de forma explícita.	Private preparation data and weight history are never copied to KOMBAX Events. Only information explicitly enabled by the organization is published.
Inscripción abierta	Registration open
Inscripción cerrada	Registration closed
Grado mínimo	Minimum grade
Documentación	Documentation
Editar evento	Edit event
Nuevo evento / competición	New event / competition
Define el evento y sus requisitos. Los combates se organizan manualmente.	Define the event and its requirements. Fights are organized manually.
Límite de inscripción	Registration deadline
Edad mínima	Minimum age
Edad máxima	Maximum age
Peso mínimo (kg)	Minimum weight (kg)
Peso máximo (kg)	Maximum weight (kg)
Cuota de inscripción (€)	Registration fee (€)
Requiere autorización	Authorization required
Documentación requerida	Required documentation
Evento actualizado	Event updated
Evento creado	Event created
Editar participante externo	Edit external participant
No necesita cuenta ni instalar KOMBAX. Guarda solo información deportiva necesaria.	They do not need an account or to install KOMBAX. Store only the necessary sports information.
Grado / cinturón	Grade / belt
Edad / categoría de edad	Age / age category
No introduzcas teléfono, email, dirección, documentos ni otros datos privados.	Do not enter phone number, email, address, documents, or other private data.
Guardar participante	Save participant
Solicitar inscripción	Request registration
Añadido por el equipo del club	Added by club staff
Alumno añadido y confirmado	Student added and confirmed
Editar combate	Edit fight
Nuevo combate	New fight
Emparejamiento manual. No se generan cuadros automáticamente.	Manual matchmaking. Brackets are not generated automatically.
Guardar combate	Save fight
Selecciona dos participantes distintos.	Select two different participants.
Combate guardado	Fight saved
EVENTO / COMPETICIÓN	EVENT / COMPETITION
Aún no se ha registrado ningún participante.	No participants have been registered yet.
Los combates aparecerán cuando el equipo cree los enfrentamientos.	Fights will appear when the team creates the matchups.
No quedan alumnos accesibles sin inscripción activa.	There are no accessible students left without an active registration.
El equipo puede completar la lista aunque la inscripción pública ya esté cerrada.	The team can complete the list even if public registration is already closed.
No se pudo crear la inscripción.	The registration could not be created.
La inscripción quedará como baja y no podrá usarse en combates nuevos.	The registration will be marked as withdrawn and cannot be used in new fights.
Inscripción dada de baja	Registration withdrawn
Eliminar combate	Delete fight
Se eliminará este emparejamiento, no los participantes.	This matchup will be deleted, not the participants.
Combate eliminado	Fight deleted
Evento del club	Club event
Inscripciones, requisitos, participantes y combates en una sola sección.	Registrations, requirements, participants, and fights in one section.
Calendario de competición	Competition calendar
No hay eventos	No events
Cuando el club publique una competición aparecerá aquí.	When the club publishes a competition, it will appear here.
No se pudieron cargar los eventos	Events could not be loaded
Inscripción hasta {VAR}	Registration until {VAR}
Tu participación	Your participation
Todavía no hay una inscripción vinculada a tu cuenta.	There is no registration linked to your account yet.
fightHtml(f,participants,canManage)).join(''):empty('Sin combates','Los combates aparecerán cuando el equipo cree los enfrentamientos.')}	fightHtml(f,participants,canManage)).join(''):empty('No fights','Fights will appear when the team creates the matchups.')}
Cargando eventos…	Loading events…
{VAR})} Nuevo evento	{VAR})} New event
Falta documentación	Documentation missing
Documento administrativo	Administrative document
Documento compartido con la Federación	Document shared with the Federation
Mi Federación	My Federation
Federados, licencias, clubes relacionados, documentación y equipo.	Federation members, licenses, related clubs, documents, and staff.
Administración institucional de tu propia Federación.	Institutional administration for your own Federation.
Solo de esta Federación	This Federation only
Pendientes de revisión	Pending review
Próximas a vencer	Expiring soon
Siguientes 30 días	Next 30 days
Solo relación propia	Own relationship only
Sin número	No number
Invitar al equipo de la Federación	Invite Federation staff
La invitación es personal, caduca y cada rol recibe únicamente sus capacidades.	The invitation is personal, expires, and each role receives only its permitted capabilities.
Invitación enviada	Invitation sent
Invitación creada; el correo queda pendiente de reintento	Invitation created; email is pending retry
Nuevo estado	New status
Solicitar documentación	Request documentation
Observación administrativa	Administrative note
Guardar estado	Save status
Revocar acceso federativo	Revoke federation access
El miembro perderá inmediatamente el acceso derivado de este equipo.	The member will immediately lose access granted through this team.
Gestiona múltiples Federaciones de forma privada. Cada Federación solo ve su propia relación.	Manage multiple Federations privately. Each Federation can only see its own relationship.
Las afiliaciones se administran de forma privada y no se publican automáticamente.	Affiliations are managed privately and are not published automatically.
¿Tienes licencias o federados en Excel, PDF o imágenes?	Do you have licenses or federation members in Excel, PDF, or images?
KOMBAX Migrations usa IA asistida para ayudarte a cargar y revisar datos federativos sin empezar de cero. La importación solo se confirma después de una vista previa.	KOMBAX Migrations uses assisted AI to help you upload and review federation data without starting from scratch. Import is only confirmed after a preview.
Relación administrativa privada	Private administrative relationship
Esta relación será privada. Otras Federaciones no podrán descubrirla.	This relationship will be private. Other Federations will not be able to discover it.
Tipo de relación	Relationship type
Guardar relación	Save relationship
Federación añadida de forma privada	Federation added privately
Crear expediente de licencia	Create license record
El Club prepara el expediente. La Federación valida el estado final.	The Club prepares the record. The Federation validates the final status.
Válida desde	Valid from
Crear expediente	Create record
Enviar licencia	Submit license
La Federación recibirá el expediente para revisión.	The Federation will receive the record for review.
Expediente enviado a la Federación	Record sent to the Federation
Adjuntar documentación	Attach documentation
Máximo 10 MB.	Maximum 10 MB.
Compartir ahora con esta Federación	Share now with this Federation
Subir documento	Upload document
Documento subido y compartido	Document uploaded and shared
Documento subido de forma privada	Document uploaded privately
Tus licencias federativas permanecen bajo tu cuenta y no abren datos privados de Clubes o Federaciones.	Your federation licenses remain under your account and do not expose private Club or Federation data.
Consulta estado, Federación, temporada, vencimiento y documentación.	View status, Federation, season, expiry, and documentation.
No se ha podido consultar la documentación federativa.	Federation documentation could not be retrieved.
Solo aparecen deportistas con compartición explícita o delegación válida.	Only athletes with explicit sharing or a valid delegation are shown.
Una relación profesional no abre automáticamente las licencias de un deportista.	A professional relationship does not automatically grant access to an athlete’s licenses.
Delegación de Manager	Manager delegation
Invitación aceptada	Invitation accepted
Invitación rechazada	Invitation declined
KOMBAX · ADMINISTRACIÓN FEDERATIVA	KOMBAX · FEDERATION ADMINISTRATION
MI CLUB · ADMINISTRACIÓN FEDERATIVA	MY CLUB · FEDERATION ADMINISTRATION
Privacidad entre Federaciones activa	Federation-to-Federation privacy enabled
Una Federación solo consulta su propia relación, sus federados, sus licencias y los documentos compartidos expresamente con ella. KOMBAX no revela otras afiliaciones del Club.	A Federation can only view its own relationship, federation members, licenses, and documents explicitly shared with it. KOMBAX does not reveal the Club’s other affiliations.
Compartido con Federación	Shared with Federation
Compartir con Federación	Share with Federation
Cargando administración federativa…	Loading federation administration…
Sin licencias todavía	No licenses yet
Las solicitudes enviadas por clubes o deportistas aparecerán aquí.	Requests submitted by clubs or athletes will appear here.
RELACIÓN INSTITUCIONAL	INSTITUTIONAL RELATIONSHIP
{VAR} federados activos en esta Federación	{VAR} active federation members in this Federation
No hay clubes relacionados.	There are no related clubs.
Equipo de Mi Federación	My Federation staff
Cargando licencias del Club…	Loading Club licenses…
+ Añadir Federación	+ Add Federation
+ Crear licencia	+ Create license
Todavía no hay Federaciones relacionadas.	There are no related Federations yet.
Enviar a Federación	Send to Federation
Crea un expediente para un deportista del Club y envíalo a la Federación correspondiente.	Create a record for a Club athlete and send it to the corresponding Federation.
Cargando tus licencias…	Loading your licenses…
Historial de licencias	License history
No tienes licencias federativas registradas todavía.	You do not have any federation licenses registered yet.
Cargando licencias autorizadas…	Loading authorized licenses…
Licencias con acceso autorizado	Licenses with authorized access
No hay licencias autorizadas para este Perfil Profesional.	There are no authorized licenses for this Professional Profile.
Equipo federativo pendiente	Federation staff pending
Disponible con poco preaviso	Available at short notice
A través del club	Through the club
A través de manager/representante	Through manager/representative
Élite	Elite
La invitación no inscribe automáticamente al competidor. Primero debe aceptar y después la organización confirma la inscripción.	The invitation does not automatically register the competitor. They must accept first, and then the organization confirms the registration.
Peso / división propuesta (kg)	Proposed weight / division (kg)
Contexto del combate, reglas, disponibilidad requerida…	Fight context, rules, required availability…
Enviar invitación	Send invitation
Invitación enviada. El competidor debe aceptarla antes de la inscripción.	Invitation sent. The competitor must accept it before registration.
Nombre, club o territorio	Name, club, or territory
Buscar peleadores	Search fighters
Oportunidades de combate	Fight opportunities
Mi Competidor	My Competitor
Invitación aceptada. Falta confirmación de inscripción por la organización.	Invitation accepted. Registration still requires confirmation by the organization.
Invitar al combate	Invite to fight
Búsqueda deportiva pública	Public sports search
Solo usa disponibilidad, categoría y rango competitivo declarados. Nunca muestra el peso actual ni el histórico privado de preparación.	Only declared availability, category, and competitive range are used. Current weight and private preparation history are never shown.
Amplía categoría, territorio o rango de búsqueda.	Broaden the category, territory, or search range.
Ser localizable es opcional. Aceptar una invitación no te inscribe automáticamente en el evento ni comparte tu seguimiento privado de peso.	Being discoverable is optional. Accepting an invitation does not automatically register you for the event or share your private weight tracking.
{VAR} pendiente{VAR}	{VAR} pending{VAR}
Cuando un organizador te invite a un combate aparecerá aquí.	When an organizer invites you to a fight, it will appear here.
Finanzas Premium: actualización no completada:	Premium Finance: update not completed:
Finanzas Premium necesita una actualización	Premium Finance requires an update
Esta función está temporalmente protegida mientras se completa una actualización del servicio. Tus datos permanecen guardados y no se realizará ningún cambio.	This feature is temporarily protected while a service update is completed. Your data remains saved and no changes will be made.
finance.destinatario.añadir	finance.recipient.add
,estado:	,status:
Se crearán {VAR} cargos · {VAR}	{VAR} charges will be created · {VAR}
Generación automática: {VAR} · Comprobaciones: {VAR}	Automatic generation: {VAR} · Checks: {VAR}
{VAR} Cuenta verificada	{VAR} Verified account
{VAR} pago{VAR} pendiente{VAR} de validación en este filtro.	{VAR} payment{VAR} pending validation in this filter.
Nombre oficial	Official name
Nombre institucional	Institutional name
No incluyas teléfono, email, domicilio, fecha de nacimiento ni documentación privada.	Do not include phone number, email, home address, date of birth, or private documents.
Categoría / nivel	Category / level
Especialidad / categoría	Specialty / category
Entidad o vínculo principal	Main entity or affiliation
Web pública HTTPS	Public HTTPS website
Continuidad con mi perfil de Miembro	Continue from my Member profile
Competidor independiente	Independent competitor
Si eliges tu identidad de Miembro, KOMBAX conservará el mismo perfil Social, publicaciones y Mi red al activar Competidor.	If you choose your Member identity, KOMBAX will keep the same Social profile, posts, and My Network when Competitor is activated.
Fecha de nacimiento · privada	Date of birth · private
Perfil Profesional: alta autónoma 18+. Nunca se muestra públicamente.	Professional Profile: self-registration for ages 18+. Never shown publicly.
Opcional. Usa códigos separados por comas; máximo 4 y nunca repitas la principal.	Optional. Use comma-separated codes; maximum 4 and never repeat the primary one.
Espectador: alta autónoma 16+. El perfil permanece privado por defecto.	Spectator: self-registration from age 16. The profile remains private by default.
Alta autónoma de Competidor: 16+.	Competitor self-registration: 16+.
Email de verificación · privado	Verification email · private
Categoría comercial	Business category
Razón social · privada	Legal business name · private
Territorio / ámbito	Territory / scope
Nombre legal de la entidad · privado	Entity legal name · private
Registro / número oficial · privado	Registration / official number · private
El plan se elige antes del alta y queda ligado a la solicitud. La verificación no realiza ningún cobro ni activa Billing automáticamente.	The plan is selected before registration and is linked to the application. Verification does not charge anything or automatically activate Billing.
Modalidad de facturación	Billing cycle
Mensual · Founder disponible mientras siga abierta la promoción	Monthly · Founder pricing available while the promotion remains open
Anual estándar · 16 % de descuento (no acumulable con Founder)	Standard annual · 16% discount (cannot be combined with Founder pricing)
Especialidad profesional	Professional specialty
Debe acreditar 18+; si ya se validó en el perfil puede dejarse sin cambios.	Must verify age 18+; if already validated on the profile, it can be left unchanged.
Email profesional · privado	Professional email · private
Será la presentación inicial del perfil público del Club.	This will be the initial presentation of the Club’s public profile.
Opcional en la verificación inicial. No todos los clubes operan con la misma forma jurídica.	Optional during initial verification. Not all clubs operate under the same legal form.
Puede ser la dirección del centro o una referencia de zona. La ubicación pública ya identifica la población.	It can be the venue address or a general area reference. The public location already identifies the town or city.
Cargo / relación con el club	Role / relationship with the club
El plan se solicita con el alta. La verificación crea el Club; la activación comercial se registra por separado y no implica un cobro automático.	The plan is requested during registration. Verification creates the Club; commercial activation is recorded separately and does not trigger an automatic charge.
Tipo de acreditación	Credential type
Documento del club / centro	Club / venue document
Licencia / acreditación federativa	Federation license / credential
Registro de club o asociación	Club or association registration
Documento fiscal o legal	Tax or legal document
Otro documento acreditativo	Other supporting document
Cómo podemos comprobar que el club existe y que puedes representarlo	How can we verify that the club exists and that you are authorized to represent it?
Cómo podemos verificar esta identidad	How can we verify this identity?
Indica web, red social oficial, federación, registro, centro deportivo u otra referencia contrastable. Estos datos son privados.	Provide a website, official social profile, federation, registry, sports venue, or another verifiable reference. This information is private.
Documento acreditativo privado	Private supporting document
Documento acreditativo	Supporting document
Necesario para enviar una solicitud nueva. Puede ser una licencia, registro, documento del centro u otra acreditación razonable; no tiene que ser documentación empresarial compleja. PDF/JPG/PNG/WEBP, máximo 15 MB.	Required to submit a new application. It may be a license, registry entry, venue document, or another reasonable credential; complex business paperwork is not required. PDF/JPG/PNG/WEBP, maximum 15 MB.
Es obligatorio disponer de al menos un documento antes del envío. PDF/JPG/PNG/WEBP, máximo 15 MB; almacenamiento privado.	At least one document is required before submission. PDF/JPG/PNG/WEBP, maximum 15 MB; private storage.
Declaro que la información es correcta y que estoy autorizado para representar esta identidad	I declare that the information is accurate and that I am authorized to represent this identity
Completar solicitud	Complete application
La solicitud se estudia antes de conceder la identidad oficial. Pagar nunca concede la insignia automáticamente.	The application is reviewed before the official identity is granted. Payment never grants the badge automatically.
Guardar y enviar	Save and submit
No se pudo verificar el identificador de la solicitud guardada.	The saved application identifier could not be verified.
Solicitud enviada a revisión KOMBAX	Application submitted for KOMBAX review
Editar perfil KOMBAX	Edit KOMBAX profile
Puedes evolucionar tu Miembro actual sin perder publicaciones ni Mi red. La insignia exige revisión y activación del servicio.	You can upgrade your current Member identity without losing posts or My Network. The badge requires review and service activation.
Identidad privada de consumo 16+. No publica ni requiere verificación profesional.	Private consumer identity for ages 16+. It does not publish and does not require professional verification.
Actividad profesional 18+. La especialidad define elegibilidad; la verificación habilita capacidades sensibles.	Professional activity for ages 18+. Specialty determines eligibility; verification enables sensitive capabilities.
Canal, medio o creador de contenido. La verificación habilita únicamente Social, Showcase y su identidad pública.	Channel, media outlet, or content creator. Verification only enables Social, Showcase, and the public identity.
Primero preparas la identidad. La verificación y el servicio se activan por separado.	First you prepare the identity. Verification and service activation are handled separately.
Borrador de solicitud creado	Application draft created
vídeo	video
El vídeo se valida antes de guardar: máximo 60 segundos en MP4/HD recomendado.	The video is validated before saving: maximum 60 seconds, MP4/HD recommended.
Las imágenes se optimizan antes de almacenarse.	Images are optimized before storage.
contenido del álbum	album content
Portada del vídeo · álbum KOMBAX	Video cover · KOMBAX album
Eliminar multimedia	Delete media
Dejará de mostrarse en el perfil. El registro mantiene trazabilidad.	It will no longer be shown on the profile. The record remains traceable.
Eliminar cuenta KOMBAX	Delete KOMBAX account
Solicitud trazable de datos y cuenta	Traceable data and account request
Solicitud registrada	Request registered
La solicitud dejará de tramitarse.	The request will no longer be processed.
Solicitud cancelada	Request cancelled
MI CUENTA KOMBAX	MY KOMBAX ACCOUNT
SOPORTE ADMINISTRATIVO	ADMINISTRATIVE SUPPORT
ESPECTADOR · CUENTA GRATUITA	SPECTATOR · FREE ACCOUNT
Gestionas esta identidad con tu cuenta Owner real. No se cambia la propiedad ni se añade tu cuenta a su equipo.	You manage this identity with your actual Owner account. Ownership is not changed and your account is not added to its staff.
Tu cuenta ya puede explorar KOMBAX. No necesitas crear un Club ni un perfil especializado hasta que realmente quieras hacerlo.	Your account can already explore KOMBAX. You do not need to create a Club or specialized profile until you actually want one.
Gestiona perfiles, solicitudes y multimedia sin mezclar los datos administrativos de tus clubes.	Manage profiles, applications, and media without mixing the administrative data of your clubs.
Completa el perfil público de tu Club desde su entorno de gestión.	Complete your Club’s public profile from its management area.
Sin ubicación pública	No public location
Completa la presentación pública de este perfil.	Complete the public presentation of this profile.
Verificado · pendiente de servicio	Verified · service pending
Sesión cerrada	Signed out
Privacidad y soporte del perfil	Profile privacy and support
Retirar solicitud	Withdraw application
La solicitud dejará de revisarse. El historial no se falsifica ni se elimina.	The application will no longer be reviewed. Its history is neither altered nor deleted.
Solicitud retirada	Application withdrawn
Solicitar perfil oficial KOMBAX	Request official KOMBAX profile
Elige la identidad que mejor representa lo que haces. Puedes solicitar más de una identidad con la misma cuenta.	Choose the identity that best represents what you do. You can request more than one identity with the same account.
SOLICITUD DE CLUB	CLUB APPLICATION
SOLICITUD + REVISIÓN	APPLICATION + REVIEW
+ Vídeo	+ Video
Las fotos y vídeos públicos aparecerán aquí.	Public photos and videos will appear here.
VERIFICACIÓN	VERIFICATION
Completar / enviar	Complete / submit
La solicitud afecta a tu cuenta y datos eliminables. Los registros sujetos a obligaciones legales se conservan únicamente durante el periodo aplicable.	The request affects your account and deletable data. Records subject to legal obligations are retained only for the applicable period.
Ver recurso público de eliminación	View public deletion resource
Revisión necesaria antes de continuar	Review required before continuing
Lee y acepta las Condiciones de uso y confirma que has leído la Política de Privacidad global.	Read and accept the Terms of Use and confirm that you have read the global Privacy Policy.
Cargando identidad KOMBAX…	Loading KOMBAX identity…
Empieza mirando. Decide tu perfil después.	Start by exploring. Choose your profile later.
Como Espectador puedes conocer la comunidad, los productos y los eventos. La gestión privada solo aparecerá cuando una identidad o membresía te conceda ese acceso.	As a Spectator you can explore the community, products, and events. Private management areas only appear when an identity or membership grants you access.
¿Qué perfiles existen?	What profiles are available?
Descubre perfiles y publicaciones. Puedes dar like, comentar y compartir según las reglas de Social.	Discover profiles and posts. You can like, comment, and share according to Social rules.
Explora productos y propuestas, guarda intereses y pide información al vendedor. Comprar requiere cumplir los requisitos comerciales y de mayoría de edad.	Explore products and offers, save interests, and ask sellers for information. Purchasing requires meeting commercial and age requirements.
Descubre eventos, carteleras, seminarios y contenidos públicos. Las compras de entradas mantienen sus requisitos de edad y checkout.	Discover events, fight cards, seminars, and public content. Ticket purchases remain subject to age and checkout requirements.
Club, Competidor, Marca, Federación, Profesional y Media / Creador tienen una presentación propia con beneficios, límites y recorrido.	Club, Competitor, Brand, Federation, Professional, and Media / Creator profiles each have their own presentation, benefits, limits, and journey.
Explorar perfiles	Explore profiles
+ Solicitar perfil	+ Request profile
Privacidad y eliminación	Privacy and deletion
PERFILES	PROFILES
Gestionar club	Manage club
Abrir {VAR}	Open {VAR}
Solicitar verificación	Request verification
Tu cuenta está en modo Espectador	Your account is in Spectator mode
No tienes todavía identidades de gestión. Esto es normal: puedes explorar KOMBAX y crear una identidad solo cuando la necesites.	You do not have any management identities yet. That is normal: you can explore KOMBAX and create an identity only when you need one.
{VAR} solicitud{VAR}	{VAR} application{VAR}
Las verificaciones enviadas aparecerán aquí con su estado.	Submitted verification requests will appear here with their status.
Verificación separada del autorregistro	Verification separate from self-registration
Crear una cuenta o un perfil nunca concede una insignia, un club ni permisos sensibles. La revisión es explícita y trazable.	Creating an account or profile never grants a badge, a club, or sensitive permissions. Review is explicit and traceable.
PERFILES KOMBAX	KOMBAX PROFILES
Empieza con una cuenta KOMBAX gratuita. Club, Marca y Federación muestran sus planes y precios antes de iniciar el alta; el resto de perfiles sigue su flujo de identidad correspondiente.	Start with a free KOMBAX account. Club, Brand, and Federation show their plans and pricing before registration; other profiles follow their corresponding identity flow.
Tus perfiles se revisan antes de activarse	Your profiles are reviewed before activation
Puedes crear tu cuenta y solicitar una o varias identidades. Los perfiles oficiales se revisan antes de mostrar su verificación. El perfil Profesional requiere ser mayor de 18 años.	You can create your account and request one or more identities. Official profiles are reviewed before showing verification. The Professional profile requires age 18+.
Crear cuenta gratuita / Espectador	Create free account / Spectator
Ya tengo cuenta KOMBAX	I already have a KOMBAX account
Miércoles	Wednesday
Sábado	Saturday
Clases regulares, ocupación y responsables	Regular classes, occupancy, and staff
Editar grupo	Edit group
Nuevo grupo	New group
El grupo dejará de ofrecerse para nuevas matrículas, pero conservará su histórico.	The group will no longer be offered for new enrollments, but its history will be preserved.
El grupo volverá a estar activo.	The group will become active again.
Eliminar grupo	Delete group
Solo se elimina si no tiene matrículas ni sesiones relacionadas. Si ya tuvo actividad, archiva el grupo para conservar el histórico.	It can only be deleted if it has no related enrollments or sessions. If it has had activity, archive the group to preserve its history.
Opcional para fichas históricas/migradas. Las nuevas altas de adultos deben usar Preinscripciones y llevan email obligatorio.	Optional for historical/migrated records. New adult registrations must use Pre-registrations and require an email address.
Tutor/a	Guardian
Teléfono emergencia	Emergency phone
Solo alumnos asignados a tus ámbitos o grupos. Los datos administrativos, familiares, documentales y financieros permanecen separados.	Only students assigned to your scopes or groups. Administrative, family, document, and financial data remain separate.
Buscar por alumno, disciplina o grupo…	Search by student, discipline, or group…
Pide al Gestor o Coordinación que te asigne un ámbito, alumnos o grupos.	Ask the Manager or Coordination team to assign you a scope, students, or groups.
Sin activar	Not activated
Invitación pendiente	Invitation pending
Vinculación pendiente	Link pending
Tutor pendiente	Guardian pending
Acceso mediante tutor	Access through guardian
Vincular tutor	Link guardian
Activar KOMBAX	Activate KOMBAX
Fichas, matrículas, grados y expediente documental	Records, enrollments, grades, and document history
Buscar por nombre, email, disciplina o grupo…	Search by name, email, discipline, or group…
Acceso KOMBAX	KOMBAX access
¿Ya tienes tus alumnos en Excel, CSV o fichas?	Do you already have your students in Excel, CSV, or records?
Súbelos a KOMBAX Migrations y revisa la propuesta de importación antes de crear o actualizar fichas.	Upload them to KOMBAX Migrations and review the import proposal before creating or updating records.
Editar alumno	Edit student
Nuevo alumno	New student
Alumno guardado	Student saved
Invitar alumno o familia por email	Invite student or family by email
La invitación será personal, de un solo uso y quedará vinculada al correo indicado. Puede usarla un alumno/a adulto o el padre, madre o tutor que gestione a un menor.	The invitation is personal, single-use, and linked to the specified email address. It can be used by an adult student or by the parent or guardian managing a minor.
Correo electrónico del alumno o tutor	Student or guardian email
Invitación enviada por correo.	Invitation sent by email.
Invitación creada; revisa el aviso de envío	Invitation created; check the delivery notice
Invitación personal · Alumno / familia	Personal invitation · Student / family
Invitar alumno / familia	Invite student / family
Comparte la invitación completa o únicamente el código. El alumno o la familia completará el alta desde su propia cuenta.	Share the full invitation or just the code. The student or family will complete registration from their own account.
Código copiado	Code copied
Cambiar código de alumnos/familias	Change student/family code
Escribe 4 o 5 dígitos o déjalo vacío para generar automáticamente uno nuevo de 5 dígitos.	Enter 4 or 5 digits, or leave it blank to automatically generate a new 5-digit code.
Código de alumnos/familias actualizado	Student/family code updated
Completa la fecha de nacimiento antes de activar KOMBAX.	Complete the date of birth before activating KOMBAX.
El menor de 16 conserva su propia ficha. La cuenta KOMBAX será la del padre, madre o tutor autorizado.	A child under 16 keeps their own record. The KOMBAX account belongs to the authorized parent or guardian.
La ficha administrativa ya existe. La invitación vinculará exactamente esta ficha sin crear un duplicado.	The administrative record already exists. The invitation will link this exact record without creating a duplicate.
Correo del tutor responsable	Responsible guardian email
Correo de acceso del alumno	Student access email
El menor de 16 no necesita correo propio. El tutor verificará este correo en su cuenta KOMBAX.	A child under 16 does not need their own email. The guardian will verify this email through their KOMBAX account.
Debe ser el correo que el alumno usará o ya usa en su cuenta KOMBAX.	This must be the email the student will use or already uses for their KOMBAX account.
Crear y enviar activación	Create and send activation
Indica un correo válido.	Enter a valid email address.
Activación enviada	Activation sent
Activación creada; revisa el envío	Activation created; check delivery
Activación de ficha existente	Existing record activation
La cuenta del tutor accede a la ficha del menor de 16.	The guardian account accesses the under-16 student’s record.
No crea otro alumno. Vincula esta ficha.	It does not create another student. It links this record.
Aprobar vinculación	Approve link
La cuenta KOMBAX verificada quedará vinculada a esta ficha administrativa del club. El histórico no se duplica ni se mueve.	The verified KOMBAX account will be linked to this club administrative record. History is neither duplicated nor moved.
Aprobar vínculo	Approve link
Rechazar vinculación	Reject link
La solicitud se cerrará y la ficha seguirá sin activar en KOMBAX.	The request will be closed and the record will remain inactive in KOMBAX.
Solicitud de matrícula registrada	Enrollment request registered
Desactivar matrícula	Deactivate enrollment
Matrícula desactivada	Enrollment deactivated
Registrar graduación	Record grading
Graduación registrada	Grading recorded
Documentación privada del alumno	Private student documentation
PDF o imagen · máximo 10 MB	PDF or image · maximum 10 MB
Documento guardado en el expediente	Document saved in the record
Dar de baja al alumno	Deactivate student
Se conserva todo su histórico de asistencia, pagos, recibos y documentación.	All attendance, payment, receipt, and document history is preserved.
Fecha de baja	Deactivation date
Alumno dado de baja	Student deactivated
Eliminar alumno	Delete student
Solo se elimina si no tiene actividad histórica. Si ya entrenó, tuvo cuotas, documentos o movimientos, utiliza Dar de baja y conserva su expediente histórico.	It can only be deleted if it has no historical activity. If the student has trained, had fees, documents, or transactions, use Deactivate and preserve the historical record.
Alumno eliminado	Student deleted
Menor · acceso tutor	Minor · guardian access
Nueva preinscripción	New pre-registration
Las altas nuevas preparan el acceso KOMBAX desde el inicio. Alumno 16+: email propio. Menor de 16: email del tutor responsable.	New registrations prepare KOMBAX access from the start. Student 16+: own email. Under 16: responsible guardian’s email.
Alumno 16+	Student 16+
Se utilizará para enviar la activación KOMBAX cuando se apruebe la plaza.	It will be used to send KOMBAX activation when the place is approved.
Tutor/a (obligatorio si es menor de 16)	Guardian (required if under 16)
La fecha de nacimiento es obligatoria.	Date of birth is required.
Una persona menor de 16 años debe darse de alta mediante el flujo de tutor.	A person under 16 must register through the guardian flow.
Una persona de 16 años o más debe usar el alta autónoma de alumno.	A person aged 16 or older must use self-service student registration.
Indica el nombre del tutor responsable.	Enter the name of the responsible guardian.
Preinscripción creada · acceso KOMBAX preparado	Pre-registration created · KOMBAX access prepared
Preinscripción aprobada · invitación KOMBAX enviada	Pre-registration approved · KOMBAX invitation sent
Preinscripción aprobada · invitación creada, envío pendiente	Pre-registration approved · invitation created, delivery pending
Preinscripción aprobada · cuenta KOMBAX ya vinculada	Pre-registration approved · KOMBAX account already linked
Preinscripción aprobada	Pre-registration approved
Estado actualizado	Status updated
Rechazar preinscripción	Reject pre-registration
Cancelar preinscripción	Cancel pre-registration
Eliminar solicitud	Delete request
Solo se permite borrar solicitudes no aprobadas. La acción es definitiva.	Only unapproved requests can be deleted. This action is permanent.
Solicitud eliminada	Request deleted
Cargando grupos…	Loading groups…
OCUPACIÓN	OCCUPANCY
Cargando tus alumnos…	Loading your students…
Acceso por ámbito	Scope-based access
Si un alumno pertenece a otro monitor no aparecerá aquí. El contacto solo se muestra cuando el Gestor lo autoriza expresamente.	If a student belongs to another coach, they will not appear here. Contact details are only shown when the Manager explicitly authorizes it.
Cargando alumnos…	Loading students…
Baja matrícula	Deactivate enrollment
Graduación	Grading
Invitar alumno por email	Invite student by email
Código alumnos/familias	Student/family code
Alumno/a adulto o padre, madre o tutor.	Adult student or parent/guardian.
Código de alumnos/familias	Student/family code
Alumnos adultos y padres, madres o tutores. Los menores siguen siempre el flujo de tutor.	Adult students and parents/guardians. Minors always follow the guardian flow.
Copiar solo código	Copy code only
Cargando preinscripciones…	Loading pre-registrations…
':'','Gestión')}	':'','Management')}
Resumen diario, métricas, accesos rápidos y contexto del club.	Daily summary, metrics, shortcuts, and club context.
inicio dashboard métricas resumen portal club	home dashboard metrics summary club portal
Revisa avisos, próximos eventos, sesiones y acciones pendientes.	Review notices, upcoming events, sessions, and pending actions.
Usa las tarjetas y navegación para entrar directamente en cada área.	Use the cards and navigation to go directly to each area.
El contenido del panel cambia según el rol y sus permisos.	Dashboard content changes according to role and permissions.
Un Monitor ve únicamente sus ámbitos asignados cuando tiene alcance restringido.	A Coach only sees assigned scopes when access is restricted.
Perfil del club y perfil público	Club profile and public profile
Logo, portada, información pública, álbum y presencia de tu club en KOMBAX.	Logo, cover, public information, album, and your club’s presence on KOMBAX.
perfil club público logo portada album identidad actuar como club	club public profile logo cover album identity act as club
Entra en Mi perfil desde una cuenta de Gestor o Coordinación.	Open My Profile from a Manager or Coordination account.
Actualiza la información pública, imágenes y datos visibles.	Update public information, images, and visible details.
Usa “Ver como público” para comprobar cómo lo verá la comunidad.	Use “View as public” to check how the community will see it.
La identidad del Club es distinta de la cuenta personal del Gestor.	The Club identity is separate from the Manager’s personal account.
El actor real se conserva para auditoría aunque publiques como Club.	The real actor is preserved for audit purposes even when publishing as the Club.
Altas y acceso	Registration and access
Códigos del club e invitaciones	Club codes and invitations
Dos códigos cortos reutilizables: alumnos/familias y equipo.	Two reusable short codes: students/families and staff.
código qr invitación alumnos familias equipo alta cartel	code qr invitation students families staff registration poster
Desde Alumnos consulta o cambia el código de alumnos/familias.	From Students, view or change the student/family code.
Desde Equipo consulta o cambia el código de miembros del equipo.	From Staff, view or change the staff code.
Coloca el código de alumnos junto al QR del cartel de descarga.	Place the student code next to the QR on the download poster.
Los códigos admiten 4 o 5 dígitos y pueden rotarse cuando el club quiera.	Codes can contain 4 or 5 digits and can be rotated whenever the club chooses.
El código de equipo nunca concede permisos sensibles automáticamente: crea una solicitud pendiente.	The staff code never grants sensitive permissions automatically: it creates a pending request.
El autorregistro de alumno independiente requiere 16 años o más; los menores de 16 se gestionan mediante tutor autorizado.	Independent student self-registration requires age 16 or older; under-16s are managed through an authorized guardian.
Solicitudes de inscripción	Registration requests
solicitudes alta inscripción alumno aprobar rechazar	requests registration enrollment student approve reject
Aprueba o rechaza según el procedimiento del club.	Approve or reject according to the club’s procedure.
La solicitud no equivale automáticamente a una membresía activa.	A request does not automatically create an active membership.
La información de menores debe seguir el flujo de tutor/club.	Information for minors must follow the guardian/club flow.
Gestiona altas, ficha personal, datos deportivos, relación familiar y estado.	Manage registrations, personal records, sports data, family relationships, and status.
alumnos ficha socio datos perfil menor tutor	students record member data profile minor guardian
Busca al alumno por nombre o grupo.	Search for the student by name or group.
Edita únicamente los campos permitidos por tu rol.	Edit only the fields allowed by your role.
Los datos familiares, administrativos y económicos están separados por permisos.	Family, administrative, and financial data are separated by permissions.
Gestiona personal, solicitudes del código de equipo y roles operativos.	Manage staff, staff-code requests, and operational roles.
equipo roles monitor secretaria tesoreria comunicación coordinación solicitud	staff roles coach office treasury communications coordination request
Revisa las solicitudes pendientes de acceso del equipo.	Review pending staff access requests.
Comprueba después sus ámbitos de trabajo si es Monitor.	Then check their work scopes if they are a Coach.
El código de equipo no asigna un rol por sí solo.	The staff code does not assign a role by itself.
Los permisos dependen del rol y del ámbito asignado.	Permissions depend on the assigned role and scope.
La elevación a Coordinación/Gestor permanece protegida por reglas específicas.	Elevation to Coordination/Manager remains protected by specific rules.
Ámbitos y privacidad de monitores	Coach scopes and privacy
monitor ámbito privacidad cartera grupo alumno permisos finanzas	coach scope privacy roster group student permissions finances
Selecciona un Monitor.	Select a Coach.
Asigna los grupos y/o alumnos que debe gestionar.	Assign the groups and/or students they should manage.
La relación es muchos-a-muchos: un alumno puede estar en más de un grupo y tener más de un monitor autorizado.	The relationship is many-to-many: a student can belong to more than one group and have more than one authorized coach.
Un monitor restringido no debe poder consultar alumnos fuera de su ámbito.	A restricted coach must not be able to view students outside their scope.
disciplinas grados cinturones niveles catálogo deporte	disciplines grades belts levels catalog sport
La edición de disciplinas está reservada a roles autorizados.	Editing disciplines is reserved for authorized roles.
Clases y entrenamiento	Classes and training
Crea grupos, organiza alumnos y define la estructura de entrenamiento.	Create groups, organize students, and define the training structure.
Crea el grupo con su nombre y disciplina.	Create the group with its name and discipline.
Añade o revisa los alumnos vinculados.	Add or review linked students.
Relaciona el grupo con las sesiones de entrenamiento.	Link the group to training sessions.
Un alumno puede participar en varios grupos cuando el modelo del club lo requiera.	A student can participate in multiple groups when the club model requires it.
El Monitor solo opera sobre grupos asignados si está restringido.	A Coach only operates on assigned groups when restricted.
sesiones clases recurrencia calendario sustitución cancelar horario	sessions classes recurrence calendar substitution cancel schedule
Selecciona el grupo y crea la serie o sesión.	Select the group and create the series or session.
Define fecha, hora y recurrencia cuando proceda.	Set the date, time, and recurrence where applicable.
Registra excepciones, cambios o finalización de series desde la propia sesión.	Record exceptions, changes, or series completion from the session itself.
Los cambios de una sesión no deben alterar indebidamente toda la serie.	Changes to one session must not improperly alter the entire series.
Registra presencia/ausencia por sesión y consulta el historial.	Record attendance/absence by session and view the history.
asistencia presencia ausencia checkin clase sesión	attendance presence absence check-in class session
Abre Asistencia y selecciona la sesión correspondiente.	Open Attendance and select the relevant session.
Marca la presencia de los alumnos autorizados.	Mark attendance for authorized students.
La asistencia está vinculada a sesiones y alumnos reales.	Attendance is linked to actual sessions and students.
El historial alimenta seguimiento y métricas del club.	History feeds club follow-up and metrics.
Añade observaciones y seguimiento del alumno dentro del ámbito autorizado.	Add student notes and follow-up within the authorized scope.
seguimiento observaciones alumno monitor notas progreso	follow-up notes student coach notes progress
Busca al alumno autorizado.	Search for the authorized student.
Registra la observación o seguimiento pertinente.	Record the relevant note or follow-up.
Consulta el histórico para mantener continuidad entre sesiones.	Review the history to maintain continuity between sessions.
El seguimiento no debe exponer datos a monitores fuera del ámbito del alumno.	Follow-up must not expose data to coaches outside the student’s scope.
Utiliza información necesaria y profesional, evitando datos irrelevantes.	Use only necessary, professional information and avoid irrelevant data.
Consulta y actualiza la evolución deportiva, grados y resultados.	View and update sports progress, grades, and results.
progreso evaluación grado cinturón resultado deportivo	progress assessment grade belt sports result
Entra en Progreso y selecciona alumno/grupo.	Open Progress and select the student/group.
Revisa el nivel actual y evolución registrada.	Review the current level and recorded progress.
Actualiza la evaluación cuando tengas permiso.	Update the assessment when you have permission.
El progreso deportivo es independiente de la información financiera.	Sports progress is separate from financial information.
Finanzas, cuotas y cobros	Finances, fees, and collections
Gestiona cuotas, estados de pago y operaciones económicas del club.	Manage fees, payment statuses, and club financial operations.
finanzas cuotas pagos cobros cartera tesorería mensualidad	finances fees payments collections portfolio treasury monthly fee
Filtra por periodo, alumno o estado.	Filter by period, student, or status.
Registra o revisa el cobro según tu permiso.	Record or review the payment according to your permissions.
Comprueba que el estado final coincide con el movimiento realizado.	Check that the final status matches the transaction performed.
Un Monitor puede tener alcance ninguno/estado/cartera/cobro/recibos según configuración.	A Coach can have no access, status-only, portfolio, collection, or receipt scope depending on configuration.
Familias y alumnos solo ven la información económica que les corresponde.	Families and students only see the financial information that applies to them.
Consulta recibos generados y abre el justificante completo para imprimir o compartir.	View generated receipts and open the full receipt to print or share.
recibo justificante imprimir pago cobro logo	receipt proof print payment collection logo
Abre el recibo completo desde la acción disponible.	Open the full receipt from the available action.
El recibo debe corresponder a un cobro real y mantener trazabilidad.	The receipt must correspond to an actual payment and remain traceable.
La visibilidad depende del rol y relación con el alumno.	Visibility depends on role and relationship with the student.
avisos cobro recordatorio deuda pendiente mensualidad	payment notices reminder debt pending monthly fee
Revisa destinatario y contexto antes de enviar.	Review the recipient and context before sending.
Registra el aviso y consulta su estado.	Record the notice and check its status.
Los avisos deben partir de información económica vigente.	Notices must be based on current financial information.
Contenido y comunicación	Content and communication
Publica información oficial del club para los destinatarios adecuados.	Publish official club information for the appropriate recipients.
Crea la comunicación y define el contenido.	Create the communication and define its content.
Selecciona audiencia o contexto cuando corresponda.	Select the audience or context where applicable.
Publica y comprueba la notificación resultante.	Publish and check the resulting notification.
Utiliza los canales internos para información operativa del club.	Use internal channels for operational club information.
Crea y gestiona eventos, actividades, competiciones y comunicaciones asociadas.	Create and manage events, activities, competitions, and related communications.
eventos competición actividad fecha inscripción recordatorio	events competition activity date registration reminder
Crea el evento con fecha y descripción.	Create the event with a date and description.
Configura los datos de participación disponibles.	Configure the available participation details.
Los eventos son contenido del club; no sustituyen a las sesiones de entrenamiento.	Events are club content; they do not replace training sessions.
Los permisos de gestión varían según rol.	Management permissions vary by role.
Capa interna del club para publicaciones, imágenes/vídeos y comunicación comunitaria.	Internal club layer for posts, images/videos, and community communication.
comunidad club publicación imagen video interna portada	community club post image video internal cover
Acepta las Normas de Comunidad del Club si vas a publicar.	Accept the Club Community Guidelines if you are going to publish.
Crea una publicación con el contenido permitido.	Create a post with permitted content.
Es distinta de KOMBAX Social: esta comunidad está vinculada al club.	It is separate from KOMBAX Social: this community is linked to the club.
Publicar requiere aceptación vigente de las normas.	Publishing requires current acceptance of the guidelines.
Se aplican límites de contenido y ciclo de vida configurados.	Configured content and lifecycle limits apply.
Red social temática de combate: publicar, Me gusta público, interés privado, comentarios, guardados y perfiles públicos.	Combat-sports social network: posting, public Likes, private interest signals, comments, saves, and public profiles.
kombax social like corazón comentario foto video publicación perfil público guardar	kombax social like heart comment photo video post public profile save
Activa una identidad Social elegible y selecciona con quién actúas.	Activate an eligible Social identity and select who you are acting as.
Publica únicamente contenido relacionado con artes marciales y deportes de contacto; añade foto/vídeo o contenido del álbum si quieres.	Publish only content related to martial arts and combat sports; add a photo/video or album content if you wish.
Usa el corazón para Me gusta público; Me interesa/No me interesa es una preferencia privada para personalizar tu feed. Comenta, responde, guarda y abre perfiles desde nombre/avatar.	Use the heart for a public Like; Interested/Not interested is a private preference used to personalize your feed. Comment, reply, save, and open profiles from the name/avatar.
KOMBAX Social está dedicado a artes marciales y deportes de contacto; el contenido claramente fuera de temática puede ser retirado por moderación.	KOMBAX Social is dedicated to martial arts and combat sports; clearly off-topic content may be removed by moderation.
Miembro de club no se convierte automáticamente en Competidor.	A Club Member does not automatically become a Competitor.
El acceso Social de miembros requiere edad mínima verificada y activación voluntaria.	Member access to Social requires verified minimum age and voluntary activation.
Los comentarios pueden estar abiertos, solo verificados o cerrados según la publicación.	Comments can be open, verified-only, or closed depending on the post.
Nombre y avatar del autor son navegables hacia su perfil público.	The author’s name and avatar link to their public profile.
Marketplace y escaparate profesional: productos de vendedores autorizados, servicios de contacto, compras, pedidos y seguimiento.	Marketplace and professional showcase: products from authorized sellers, contact services, purchases, orders, and tracking.
showcase escaparate producto servicio marca club imagen guardar compartir tienda web contacto	showcase product service brand club image save share shop web contact
Explora fichas publicadas o abre el espacio de tu Club/Marca autorizado.	Explore published listings or open the space for your authorized Club/Brand.
Crea una ficha con imagen, descripción y CTA cuando puedas gestionarlo.	Create a listing with an image, description, and CTA when you are authorized to manage it.
Publica, comparte o guarda los elementos de interés.	Publish, share, or save items of interest.
Los productos comerciales pueden usar checkout Stripe y pedidos; el vendedor identificado es quien vende, prepara, entrega y atiende la posventa. KOMBAX proporciona la plataforma tecnológica.	Commercial products may use Stripe checkout and orders; the identified seller is responsible for selling, preparing, delivering, and after-sales support. KOMBAX provides the technology platform.
Los comentarios y corazones pertenecen a Social, no a Showcase.	Comments and hearts belong to Social, not Showcase.
Gestiona el catálogo/material interno y las solicitudes relacionadas.	Manage the internal catalog/equipment and related requests.
material equipamiento solicitud catálogo tienda interna	material equipment request catalog internal shop
Gestiona artículos o solicitudes según tu rol.	Manage items or requests according to your role.
Revisa el estado de cada solicitud.	Review the status of each request.
La gestión de material del club es independiente del Showcase público.	Club equipment management is separate from the public Showcase.
Comprueba que solo tenga acceso quien realmente lo necesita.	Make sure access is limited to people who genuinely need it.
El acceso documental está restringido a roles administrativos autorizados.	Document access is restricted to authorized administrative roles.
archivo papelera borrar antiguos eventos notas cobros limpieza	archive trash delete old events notes payments cleanup
Filtra por tipo y antigüedad.	Filter by type and age.
Archiva, restaura o limpia solo cuando la acción sea segura.	Archive, restore, or clean up only when the action is safe.
Los registros económicos/legales no deben borrarse si existe obligación de conservación.	Financial/legal records must not be deleted when a retention obligation applies.
notificaciones contador leído marcar todo acción pendiente push	notifications counter read mark all action pending push
Marca como leídos los informativos que ya hayas revisado.	Mark informational notices as read once you have reviewed them.
Abre individualmente los avisos que requieren acción.	Open action-required notices individually.
“Marcar todo como leído” no debe ocultar notificaciones que requieren una acción real.	“Mark all as read” must not hide notifications that require a real action.
Las notificaciones push dependen también del permiso del dispositivo.	Push notifications also depend on device permission.
Configuración, branding y temas	Settings, branding, and themes
Datos del club, logo, portada y cuatro temas premium con acentos de neón sutil.	Club details, logo, cover, and four premium themes with subtle neon accents.
configuración branding logo portada tema color neon combat dark blue gold dojo	settings branding logo cover theme color neon combat dark blue gold dojo
Abre Configuración y revisa los datos del club.	Open Settings and review the club details.
Selecciona el tema premium y comprueba la vista previa.	Select the premium theme and check the preview.
Publica la personalización para aplicarla al portal y perfil público.	Publish the customization to apply it to the portal and public profile.
El neón se usa como acento, no como fondo saturado.	Neon is used as an accent, not as a saturated background.
El perfil público del club recibe también su theme_id.	The club’s public profile also receives its theme_id.
Instalación, PWA y cartel de descarga	Installation, PWA, and download poster
Instala KOMBAX y utiliza el cartel genérico del club con QR y código de invitación.	Install KOMBAX and use the generic club poster with QR and invitation code.
instalar pwa android cartel qr código descarga app club	install pwa android poster qr code download app club
Gestor/Coordinación/Secretaría pueden abrir el cartel genérico y completar QR/código cuando proceda.	Manager/Coordination/Office roles can open the generic poster and complete the QR/code where applicable.
El cartel es genérico para cualquier club y no contiene nombres fijos de un tenant.	The poster is generic for any club and does not contain fixed tenant names.
El QR debe resolver el club; el código corto valida el canal de alta.	The QR must resolve the club; the short code validates the registration channel.
Privacidad, condiciones y eliminación	Privacy, terms, and deletion
Consulta textos legales, consentimientos y solicita eliminación de cuenta.	View legal texts and consents, and request account deletion.
privacidad condiciones derechos imagen consentimiento eliminar cuenta normas legales	privacy terms rights image consent delete account guidelines legal
Baja hasta Condiciones y privacidad en esta misma pantalla.	Scroll down to Terms and Privacy on this same screen.
Lee la versión vigente antes de aceptar o retirar un consentimiento.	Read the current version before accepting or withdrawing consent.
Usa el centro de eliminación si necesitas iniciar el cierre de tu cuenta.	Use the deletion center if you need to start closing your account.
Autorización de imagen y normas de comunidad son consentimientos diferenciados.	Image authorization and community guidelines are separate consents.
Eliminar cuenta no equivale a borrar trazabilidad económica/legal que deba conservarse.	Deleting an account does not mean deleting financial/legal traceability that must be retained.
Tu resumen personal: próximas clases, avisos y accesos principales.	Your personal summary: upcoming classes, notices, and main shortcuts.
inicio alumno miembro resumen clases avisos panel	home student member summary classes notices dashboard
Entra en Inicio al abrir KOMBAX.	Open Home when you launch KOMBAX.
Revisa tus próximas clases, avisos y situación general.	Review your upcoming classes, notices, and overall status.
Usa los accesos directos para ir a la función que necesites.	Use shortcuts to go to the feature you need.
Solo ves información relacionada con tu cuenta y tu club.	You only see information related to your account and club.
Las funciones administrativas del club no forman parte del perfil Miembro.	Club administrative functions are not part of the Member profile.
Consulta tus horarios y próximas sesiones; confirma asistencia cuando esté habilitado.	View your schedule and upcoming sessions; confirm attendance when enabled.
horario clase sesión reservar asistencia checkin entrenamiento	schedule class session reserve attendance check-in training
Revisa la próxima sesión y, si está disponible, confirma o cancela tu asistencia.	Review the next session and, if available, confirm or cancel your attendance.
El día de la clase utiliza Check-in cuando el club lo tenga habilitado.	On the day of class, use Check-in when the club has enabled it.
Mis cuotas, pagos y recibos	My fees, payments, and receipts
Consulta tus mensualidades, estado de pago y justificantes disponibles.	View your monthly fees, payment status, and available receipts.
cuota pago recibo mensualidad deuda justificante finanzas	fee payment receipt monthly fee debt proof finances
Entra en Cuotas.	Open Fees.
Comprueba el periodo y el estado de cada mensualidad.	Check the period and status of each monthly fee.
Abre el recibo o justificante cuando exista un cobro registrado.	Open the receipt or proof when a payment has been recorded.
Solo puedes consultar información económica asociada a tu propia ficha.	You can only view financial information associated with your own record.
Un recibo aparece cuando existe un cobro real registrado por el club.	A receipt appears when an actual payment has been recorded by the club.
Lee avisos e información oficial que el club dirige a sus miembros.	Read notices and official information the club sends to its members.
comunicación aviso noticia anuncio club información	communication notice news announcement club information
Revisa los avisos nuevos y su fecha.	Review new notices and their date.
Consulta el contenido completo cuando necesites más detalle.	Open the full content when you need more detail.
Eventos y actividades	Events and activities
Consulta eventos, actividades y competiciones publicadas para tu entorno.	View events, activities, and competitions published for your context.
evento actividad competición fecha participación club	event activity competition date participation club
Abre Eventos.	Open Events.
Consulta fecha, descripción y detalles disponibles.	View the date, description, and available details.
Sigue las indicaciones del club cuando el evento requiera una acción o participación.	Follow the club’s instructions when an event requires an action or participation.
Un evento no sustituye al horario habitual de clases.	An event does not replace the regular class schedule.
Las acciones disponibles dependen de cómo el club haya configurado el evento.	Available actions depend on how the club has configured the event.
Consulta material disponible y gestiona tus solicitudes al club.	View available equipment and manage your requests to the club.
material equipamiento guantes solicitud pedido catálogo club	material equipment gloves request order catalog club
Consulta los artículos disponibles y sus variantes cuando existan.	View available items and their variants where applicable.
Envía una solicitud y revisa posteriormente su estado.	Submit a request and review its status later.
KOMBAX Showcase es un escaparate público diferente y no gestiona pedidos del club.	KOMBAX Showcase is a separate public showcase and does not manage club orders.
comunidad club publicación foto video interna comentar contenido	community club post photo video internal comment content
Lee y acepta las Normas de Comunidad del Club antes de publicar.	Read and accept the Club Community Guidelines before posting.
Consulta el feed interno y crea contenido cuando tu cuenta lo permita.	View the internal feed and create content when your account allows it.
Revisa tus publicaciones y la actividad disponible.	Review your posts and available activity.
Publicar requiere mantener vigentes las normas y límites de contenido aplicables.	Posting requires continued compliance with applicable guidelines and content limits.
Activa, si eres elegible, tu identidad social pública y participa en la comunidad global.	If eligible, activate your public social identity and join the global community.
kombax social perfil público like corazón comentario guardar identidad	kombax social public profile like heart comment save identity
Desde Mi perfil comprueba si puedes activar KOMBAX Social.	From My Profile, check whether you can activate KOMBAX Social.
Acepta sus normas específicas y crea tu identidad pública voluntariamente.	Accept its specific rules and voluntarily create your public identity.
En Social puedes publicar, reaccionar, comentar, guardar y abrir perfiles públicos.	In Social you can post, react, comment, save, and open public profiles.
El acceso de miembros requiere la edad mínima verificada por el club y activación voluntaria.	Member access requires the minimum age to be verified by the club and voluntary activation.
Ser Miembro no te convierte automáticamente en Competidor verificado.	Being a Member does not automatically make you a verified Competitor.
Tu expediente privado del club permanece separado de la identidad pública Social.	Your private club record remains separate from your public Social identity.
Explora productos, servicios y perfiles profesionales publicados en KOMBAX Showcase.	Explore products, services, and professional profiles published in KOMBAX Showcase.
showcase escaparate marca club producto servicio guardar compartir	showcase brand club product service save share
Explora fichas públicas de clubes, marcas y elementos destacados.	Explore public listings from clubs, brands, and featured items.
Guarda o comparte contenido cuando la ficha ofrezca esa acción.	Save or share content when the listing offers that action.
Algunos productos permiten compra y pedido mediante Stripe. Las compras están reservadas a mayores de 18 años; los servicios profesionales siguen siendo de contacto.	Some products support purchase and ordering through Stripe. Purchases are restricted to adults aged 18+; professional services remain contact-based.
Las funciones de gestión de Showcase pertenecen a perfiles autorizados, no al Miembro.	Showcase management features belong to authorized profiles, not the Member profile.
Revisa avisos informativos y tareas que necesitan tu atención.	Review informational notices and tasks that need your attention.
notificaciones aviso leído acción pendiente push contador	notifications notice read action pending push counter
Marca como leídos los avisos informativos que ya hayas revisado.	Mark informational notices as read once you have reviewed them.
Abre individualmente cualquier notificación que requiera una acción.	Open any notification requiring action individually.
“Marcar todo como leído” no elimina las acciones pendientes importantes.	“Mark all as read” does not remove important pending actions.
Las notificaciones push dependen también de los permisos del dispositivo.	Push notifications also depend on device permissions.
Consulta o envía solicitudes relacionadas con tu inscripción deportiva.	View or submit requests related to your sports enrollment.
solicitud deportiva inscripción disciplina grupo tarifa alta	sports request enrollment discipline group rate registration
Envía una nueva solicitud de disciplina/grupo cuando necesites un cambio o alta.	Submit a new discipline/group request when you need a change or registration.
La solicitud queda pendiente hasta que el club la revise.	The request remains pending until the club reviews it.
Enviar una solicitud no modifica por sí solo tu inscripción activa.	Submitting a request does not by itself change your active enrollment.
Gestiona tu única identidad pública: banner, avatar, presentación, información deportiva, álbum y actividad Social.	Manage your single public identity: banner, avatar, introduction, sports information, album, and Social activity.
perfil kombax banner avatar bio evolución deportiva álbum social identidad alumno	kombax profile banner avatar bio sports progress album social identity student
Si KOMBAX Social aún no está activo, completa la activación voluntaria cuando seas elegible.	If KOMBAX Social is not active yet, complete voluntary activation when you are eligible.
Edita desde la misma ficha tu banner, avatar, presentación e información deportiva pública.	Edit your banner, avatar, introduction, and public sports information from the same profile.
Gestiona tu álbum y comprueba la parte privada del club separada debajo de tu ficha pública.	Manage your album and review the separate private club section below your public profile.
Mi perfil y tu perfil KOMBAX Social son la misma identidad pública; no existe un segundo perfil deportivo visible.	My Profile and your KOMBAX Social profile are the same public identity; there is no second visible sports profile.
La foto privada de acceso, documentos, cuotas, asistencia y expediente del club permanecen en una capa privada separada.	Private access photo, documents, fees, attendance, and club records remain in a separate private layer.
Ser Miembro no equivale a Competidor verificado ni concede una insignia KOMBAX.	Being a Member does not mean being a verified Competitor and does not grant a KOMBAX badge.
Instala la aplicación para acceder más rápido desde tu móvil o dispositivo.	Install the app for faster access from your phone or device.
instalar app pwa android móvil acceso directo	install app pwa android mobile shortcut
Sigue la opción disponible para tu dispositivo o navegador.	Follow the option available for your device or browser.
Una vez instalada, entra con la misma cuenta de tu club.	Once installed, sign in with the same account you use for your club.
La instalación no crea una cuenta nueva ni cambia tus permisos.	Installation does not create a new account or change your permissions.
El acceso sigue dependiendo de tu cuenta y del club seleccionado.	Access still depends on your account and selected club.
KOMBAX · PERFIL MIEMBRO	KOMBAX · MEMBER PROFILE
Tu guía KOMBAX	Your KOMBAX guide
Una guía breve para usar tu cuenta de alumno: entrenamientos, cuotas, comunicaciones, comunidad, perfil y servicios disponibles.	A short guide to using your student account: training, fees, communications, community, profile, and available services.
Manual interactivo del miembro	Interactive member guide
Solo las funciones que puedes utilizar como alumno del club	Only the features you can use as a club student
Manual interactivo del perfil Miembro	Interactive Member Profile guide
Buscar: horario, cuota, recibo, evento, foto…	Search: schedule, fee, receipt, event, photo…
Prueba otra palabra: “horario”, “cuota”, “evento”, “perfil”, “material” o “notificación”.	Try another word: “schedule”, “fee”, “event”, “profile”, “equipment”, or “notification”.
Guía operativa completa y genérica para clubes. Busca una tarea, abre una función y sigue sus pasos sin salir de la aplicación.	Complete generic operating guide for clubs. Search for a task, open a feature, and follow the steps without leaving the app.
Buscar: recibo, QR, comentario, monitor, sesión…	Search: receipt, QR, comment, coach, session…
Prueba otra palabra: “cuota”, “grupo”, “foto”, “código”, “perfil” o “notificación”.	Try another word: “fee”, “group”, “photo”, “code”, “profile”, or “notification”.
Disponible según el contexto y permisos de la cuenta	Available depending on account context and permissions
Acceso desde tu rol	Access from your role
Abrir esta función	Open this feature
No disponible con tu rol actual	Not available with your current role
Aceptado en tu cuenta	Accepted on your account
Solicitud trazable de cuenta, perfil o club	Traceable account, profile, or club request
Solicitar eliminación de cuenta	Request account deletion
La solicitud inicia el proceso de cierre. No ejecuta un borrado indiscriminado de facturación u otros registros sujetos a retención.	The request starts the closure process. It does not indiscriminately delete billing or other records subject to retention.
Solicitud de eliminación registrada	Deletion request registered
La solicitud abierta dejará de tramitarse.	The open request will no longer be processed.
Manual interactivo, soporte técnico y recursos legales de KOMBAX.	Interactive guide, technical support, and KOMBAX legal resources.
Condiciones y privacidad	Terms and privacy
Privacidad y consentimiento	Privacy and consent
Retirar aceptación de Comunidad del Club	Withdraw acceptance of Club Community Guidelines
Aceptar Normas de Comunidad del Club	Accept Club Community Guidelines
Retirar autorización de imagen	Withdraw image authorization
Aceptación de Comunidad del Club retirada	Club Community acceptance withdrawn
Autorización registrada	Authorization recorded
Autorización retirada	Authorization withdrawn
No se pudo cargar la ayuda	Help could not be loaded
Cómo funciona	How it works
Ir a la función	Go to feature
Quién puede usarlo	Who can use it
Separación de privacidad	Privacy separation
Tu perfil KOMBAX es tu única ficha pública. Tu expediente y actividad administrativa del club permanecen en una capa privada separada y nunca se publican automáticamente.	Your KOMBAX profile is your only public profile. Your club record and administrative activity remain in a separate private layer and are never published automatically.
La autorización de imagen es independiente de las funciones esenciales. Las Normas de Comunidad del Club y KOMBAX Social se gestionan como consentimientos diferenciados.	Image authorization is separate from essential features. Club Community Guidelines and KOMBAX Social are managed as separate consents.
Privacidad y eliminación de cuenta	Privacy and account deletion
Eliminar cuenta no equivale a borrar trazabilidad legal	Deleting an account does not mean deleting legal traceability
KOMBAX separa la cuenta personal, el perfil público y el cierre del club. Los registros económicos o legalmente exigibles se conservan solo durante el periodo aplicable.	KOMBAX separates the personal account, public profile, and club closure. Financial or legally required records are retained only for the applicable period.
También existe el recurso web público	A public web resource is also available
Solicitud de eliminación de KOMBAX	KOMBAX deletion request
Cargando manual interactivo…	Loading interactive guide…
Cartel de descarga KOMBAX	KOMBAX download poster
Cartel genérico para recepción, gimnasio o evento. Incluye espacio para QR y código corto de invitación.	Generic poster for reception, gym, or event use. Includes space for a QR and short invitation code.
{VAR})} Abrir cartel	{VAR})} Open poster
ACCESOS RÁPIDOS	QUICK ACCESS
Lo que más usarás	What you will use most
Tu manual no incluye administración del club.	Your guide does not include club administration.
tu acceso actual	your current access
No encuentro esa función	I cannot find that feature
Abrir Soporte KOMBAX	Open KOMBAX Support
La autorización de imagen es independiente de las funciones esenciales de la aplicación. Las Normas de Comunidad del Club se aceptan de forma explícita antes de publicar contenido y pueden retirarse aquí para impedir nuevas publicaciones.	Image authorization is separate from the app’s essential features. Club Community Guidelines are explicitly accepted before publishing content and can be withdrawn here to prevent new posts.
Puedes iniciar desde la app una solicitud de eliminación de tu cuenta. KOMBAX mantiene separado este proceso del cierre de un perfil público o de un club y evita borrar trazabilidad económica que deba conservarse.	You can start an account deletion request from the app. KOMBAX keeps this process separate from closing a public profile or club and prevents deletion of financial traceability that must be retained.
Gestionar eliminación de cuenta	Manage account deletion
Acreditación verificada	Verified credential
Nombre, club, especialidad…	Name, club, specialty…
Médico, juez…	Doctor, judge…
La solicitud se envía por KOMBAX Social. No se comparte teléfono, email ni dirección.	The request is sent through KOMBAX Social. Phone number, email, and address are not shared.
entrenamiento	training
Solicitud de contacto enviada.	Contact request sent.
Amplía territorio, disciplina o disponibilidad. Los filtros de fecha solo encuentran perfiles con franjas públicas opcionales.	Broaden the territory, discipline, or availability. Date filters only find profiles with optional public time slots.
No se pudo realizar la búsqueda	The search could not be completed
Competidores y profesionales · función gratuita	Competitors and professionals · free feature
Opcional: combate pactado, en preparación, descanso…	Optional: fight agreed, in preparation, rest period…
Función gratuita. Puedes desactivarla en cualquier momento.	Free feature. You can disable it at any time.
Disponibilidad profesional	Professional availability
Mostrar mi estado de disponibilidad en el perfil público	Show my availability status on my public profile
Motivo público opcional	Optional public reason
Desplazamiento máximo (km)	Maximum travel distance (km)
Preaviso mínimo orientativo (horas)	Indicative minimum notice (hours)
Gestionar también fechas/horarios opcionales después de guardar	Also manage optional dates/times after saving
No necesitas franjas horarias para aparecer como Disponible.	You do not need time slots to appear as Available.
Aceptar solicitudes de contacto desde Discovery	Accept contact requests from Discovery
Categoría habitual	Usual category
Dato público declarado por el competidor; no sustituye resultados oficiales KOMBAX Events.	Public information declared by the competitor; it does not replace official KOMBAX Events results.
Situación	Status
Disponibilidad profesional · Discovery	Professional availability · Discovery
El estado general es lo importante. Las fechas y horarios son opcionales y nunca se deducen de tu agenda privada.	The overall status is what matters. Dates and times are optional and are never inferred from your private calendar.
Guardar disponibilidad	Save availability
PÚBLICA	PUBLIC
NO DISPONIBLE	UNAVAILABLE
Editar franja opcional	Edit optional time slot
Estas franjas complementan tu estado general. Puedes hacerlas públicas o privadas.	These time slots complement your overall status. You can make them public or private.
Estado en esta franja	Status for this time slot
Pública · puede usarse en filtros por fecha	Public · can be used in date filters
Privada · solo tú la ves	Private · only you can see it
Guardar franja	Save time slot
No necesitas configurar horarios para aparecer como Disponible en KOMBAX Discovery.	You do not need to configure a schedule to appear as Available in KOMBAX Discovery.
Filtra por perfil, disciplina, territorio y disponibilidad. Los horarios son opcionales: estar “Disponible” no exige publicar una agenda.	Filter by profile, discipline, territory, and availability. Schedules are optional: being “Available” does not require publishing a calendar.
Nombre / término	Name / keyword
Disponible o limitada	Available or limited
Cualquier estado	Any status
Mín. combates	Min. fights
Mín. experiencia	Min. experience
Filtros avanzados · fecha opcional	Advanced filters · optional date
La fecha solo filtra perfiles que hayan decidido publicar franjas horarias. No es necesaria para aparecer como Disponible.	The date only filters profiles that have chosen to publish time slots. It is not required to appear as Available.
Buscando perfiles compatibles…	Searching for compatible profiles…
No pasa nada: tu estado Disponible / Limitado / No disponible funciona sin horarios.	That is fine: your Available / Limited / Unavailable status works without schedules.
Estado general ≠ agenda.	Overall status ≠ calendar.
Estas franjas son una precisión voluntaria. Tu agenda profesional privada nunca se publica ni se utiliza para inferir disponibilidad.	These time slots are an optional refinement. Your private professional calendar is never published or used to infer availability.
+ Añadir franja	+ Add time slot
Código QR KOMBAX	KOMBAX QR code
PELEADOR A	FIGHTER A
PELEADOR B	FIGHTER B
Combate finalizado	Fight completed
KOMBAX EVENTO	KOMBAX EVENT
PRÓXIMAMENTE	COMING SOON
{VAR} solicitud{VAR} pendiente{VAR}.	{VAR} request{VAR} pending{VAR}.
{VAR} combate{VAR} restante{VAR}	{VAR} fight{VAR} remaining{VAR}
{VAR} · {VAR} entrada{VAR} · {VAR}	{VAR} · {VAR} ticket{VAR} · {VAR}
{VAR}):icon('clock',{size:15})} Configuración	{VAR}):icon('clock',{size:15})} Settings
{VAR} pedido(s) pendientes de devolución	{VAR} order(s) pending return
{VAR} documento(s) vigente(s)	{VAR} valid document(s)
Abrir ubicación {VAR})}	Open location {VAR})}
Solicitud {VAR}	Request {VAR}
{VAR} nuevo{VAR}	{VAR} new{VAR}
Eventos antiguos	Past events
Sin título	Untitled
Archivo e histórico	Archive and history
Activos separados del histórico · papelera recuperable durante 30 días	Active items separated from history · recoverable trash for 30 days
Prueba otra combinación de filtros.	Try another combination of filters.
Escribe ELIMINAR para confirmar	Type DELETE to confirm
KOMBAX conserva únicamente métricas agregadas no identificativas cuando corresponda.	KOMBAX only retains non-identifying aggregate metrics where applicable.
Escribe ELIMINAR exactamente.	Type DELETE exactly.
Cargando archivo y papelera…	Loading archive and trash…
Histórico conservado	History preserved
Conservar lo útil · eliminar lo innecesario	Keep what is useful · remove what is unnecessary
Calendario, Events, comunicación y relaciones públicas federativas sin acceso automático a la zona privada de los clubes.	Calendar, Events, communications, and public federation relationships without automatic access to clubs’ private areas.
Identidad corporativa, catálogo, campañas, colaboraciones, patrocinios, Events y equipo comercial dentro del ecosistema KOMBAX.	Corporate identity, catalog, campaigns, collaborations, sponsorships, Events, and commercial team within the KOMBAX ecosystem.
ENTORNO PROFESIONAL	PROFESSIONAL ENVIRONMENT
Trayectoria, Events, Fight Cards y Social. Competidor sigue separado del Perfil Profesional.	Career history, Events, Fight Cards, and Social. Competitor remains separate from the Professional Profile.
Representación	Representation
Administración federativa	Federation administration
Equipo de Federación	Federation staff
Clubes afiliados / relacionados	Affiliated / related clubs
Documentos públicos	Public documents
Equipo de Marca	Brand staff
Stripe procesa el cobro en la cuenta conectada de la Federación. KOMBAX solo percibe las tarifas de plataforma o servicios propios que correspondan.	Stripe processes the payment in the Federation’s connected account. KOMBAX only receives applicable platform or proprietary service fees.
Completa el alta segura de la cuenta Stripe de esta Federación.	Complete secure Stripe onboarding for this Federation.
Activar cobros	Activate payments
Disponible según capacidades y fase	Available depending on capabilities and rollout phase
MI COMPETIDOR	MY COMPETITOR
Frontera de privacidad federativa	Federation privacy boundary
La afiliación o relación con un club no concede acceso a alumnos, finanzas, asistencia, documentos privados, comunidad interna ni datos de menores.	Affiliation or a relationship with a club does not grant access to students, finances, attendance, private documents, internal community, or minors’ data.
Espectador puede consumir y guardar contenido, pero no publica Social, Showcase ni Events en esta fase.	A Spectator can view and save content, but cannot publish to Social, Showcase, or Events at this stage.
Cargos, pagos, gastos e informe básico	Charges, payments, expenses, and basic report
Documentación personal	Personal documentation
Esta herramienta pertenece a tu cuenta personal; no concede permisos federativos a {VAR}.	This tool belongs to your personal account; it does not grant federation permissions to {VAR}.
Solo licencias vinculadas a tu cuenta	Only licenses linked to your account
Perfil directo independiente · acceso privado cruzado: {VAR} · acceso privado a Club por identidad: {VAR}.	Independent direct profile · cross-private access: {VAR} · private Club access by identity: {VAR}.
Gestión del club, Showcase, Commerce, Events, Ticketing y herramientas operativas.	Club management, Showcase, Commerce, Events, Ticketing, and operational tools.
Escaparate comercial, venta directa, catálogo, promoción y Events según plan.	Commercial showcase, direct sales, catalog, promotion, and Events according to plan.
Gestión de red, Events, Ticketing puntual y programa KOMBAX Partner.	Network management, Events, one-off Ticketing, and the KOMBAX Partner program.
Gestión Mi Club	My Club management
+ membresías	+ memberships
Ampliar catálogo	Expand catalog
+25 · 8 €/30 días	+25 · €8/30 days
/año	/year
Mensual estándar	Standard monthly
Estándar	Standard
Tu plan ya incluye catálogo ilimitado.	Your plan already includes an unlimited catalog.
Selecciona un plan compatible para contratar ampliaciones.	Select a compatible plan to purchase add-ons.
Solicitar activación	Request activation
Incluido en Premium/Enterprise o requiere Club básico	Included in Premium/Enterprise or requires Basic Club
Selecciona una organización	Select an organization
Consulta las tarifas antes de crear una organización o vuelve aquí desde cualquier cuenta KOMBAX.	Review pricing before creating an organization, or return here from any KOMBAX account.
Conoce el plan antes de crear la organización	See the plan before creating the organization
· Founder disponible	· Founder available
Tarifa según contrato vigente	Pricing according to the current contract
Primero debes crear o seleccionar la organización.	You must first create or select the organization.
Solicitud registrada. No se ha realizado ningún cobro.	Request registered. No charge has been made.
Primero debes crear o seleccionar una organización con acceso comercial.	You must first create or select an organization with commercial access.
Solicitud de activación registrada. No se ha realizado ningún cobro.	Activation request registered. No charge has been made.
−16 % sobre tarifa estándar mensual · no acumulable con Founder	−16% from standard monthly pricing · cannot be combined with Founder pricing
{VAR} días ·	{VAR} days ·
Ampliación Showcase +25	Showcase +25 add-on
Los límites del plan son capacidad incluida, no un límite destructivo. Añade 25 productos activos durante 30 días y conserva referencias, reseñas e historial.	Plan limits represent included capacity, not a destructive limit. Add 25 active products for 30 days while preserving references, reviews, and history.
+{VAR} productos	+{VAR} products
· {VAR} / {VAR} días	· {VAR} / {VAR} days
Solicitar +25 · {VAR}	Request +25 · {VAR}
Club básico: mantienes hasta 15 productos de escaparate y activas la venta directa cuando la necesitas. Premium y Enterprise ya incluyen Commerce.	Basic Club: keep up to 15 showcase products and activate direct sales when needed. Premium and Enterprise already include Commerce.
Publicar evento	Publish event
Publicar no es lo mismo que promocionar ni vender entradas.	Publishing is not the same as promoting or selling tickets.
Se activa desde el evento concreto para que la autorización quede ligada a ese evento.	It is activated from the specific event so authorization remains linked to that event.
Prioridad en Events/Showcase + amplificación automática en KOMBAX Social.	Priority in Events/Showcase + automatic amplification in KOMBAX Social.
Se contrata desde el evento o producto concreto. Frequency caps protegen el feed Social.	It is purchased from the specific event or product. Frequency caps protect the Social feed.
Activación puntual según capacidad del evento.	One-off activation based on event capacity.
Incluye checkout, ticket digital, QR, lector y control de acceso. Más de {VAR} entradas: Gran Evento con condiciones específicas.	Includes checkout, digital ticket, QR, scanner, and access control. More than {VAR} tickets: Large Event with specific conditions.
Comisión sobre la base imponible de la suscripción del club referido, sin IVA ni extras.	Commission on the taxable base of the referred club’s subscription, excluding VAT and add-ons.
· 1–9 clubes	· 1–9 clubs
· 10+ clubes	· 10+ clubs
bonificación Federation con {VAR} clubes activos	Federation bonus with {VAR} active clubs
Suscripciones mensuales: cuotas 2–13. Para altas anuales la atribución se registra, pero la liquidación permanece pendiente de regla comercial específica.	Monthly subscriptions: installments 2–13. For annual subscriptions, attribution is recorded but settlement remains subject to a specific commercial rule.
KOMBAX · CUENTA GRATIS + PLANES POR ORGANIZACIÓN	KOMBAX · FREE ACCOUNT + PLANS PER ORGANIZATION
Primero tu cuenta. Después eliges qué quieres hacer.	Your account comes first. Then choose what you want to do.
Crear una cuenta KOMBAX y continuar como Espectador es gratuito. Los planes se asocian al Club, Marca o Federación que quieras gestionar; nunca al simple registro de tu email.	Creating a KOMBAX account and continuing as a Spectator is free. Plans are linked to the Club, Brand, or Federation you want to manage, never to simply registering your email.
Club, Marca o Federación.	Club, Brand, or Federation.
Verificación	Verification
Una cuenta sin Club ni perfil comercial funciona como Espectador. Puedes explorar Social, Showcase y Events según sus reglas; cuando quieras gestionar una organización, KOMBAX te mostrará el plan correspondiente antes de solicitarla.	An account without a Club or commercial profile works as a Spectator. You can explore Social, Showcase, and Events according to their rules; when you want to manage an organization, KOMBAX will show the relevant plan before you request it.
La cuenta KOMBAX y el estado Espectador son gratuitos. Los precios mostrados son finales con IVA incluido cuando corresponde.	The KOMBAX account and Spectator status are free. Displayed prices are final and include VAT where applicable.
Si contratas mientras está vigente, lo conservas mientras sigas siendo cliente sin interrupción. Se pierde al causar baja y volver.	If you subscribe while it is available, you keep it as long as your subscription remains uninterrupted. It is lost if you cancel and later return.
La ventana de nuevas altas Founder está cerrada. Los clientes que ya la conservan mantienen su condición.	The Founder offer is closed to new sign-ups. Existing eligible customers keep their Founder status.
Anual estándar · −16 %	Standard annual · −16%
Elegir no realiza ningún cobro.	Selecting an option does not make any charge.
Guardaremos tu selección para el formulario de alta y la revisión KOMBAX. El Billing automático sigue fuera de esta fase.	We will save your selection for the registration form and KOMBAX review. Automatic Billing remains outside this phase.
Publicar ≠ Destacar ≠ Ticketing.	Publish ≠ Promote ≠ Ticketing.
Ticketing agrupa QR, lector y control de acceso: no se cobran como servicios separados.	Ticketing bundles QR, scanner, and access control; they are not charged as separate services.
Los límites Showcase son capacidad incluida. Puedes ampliar en bloques de +25 por 8 €/30 días; archivar libera un slot sin perder reputación ni historial.	Showcase limits are included capacity. You can expand in +25 blocks for €8/30 days; archiving frees a slot without losing reputation or history.
Las variantes de talla, color, peso o formato no consumen productos adicionales.	Size, color, weight, or format variants do not consume additional product slots.
Toda compra comercial personal exige 18 años.	All personal commercial purchases require age 18+.
Stripe Connect mantiene direct charges: el vendedor u organizador cobra en su cuenta conectada y KOMBAX percibe únicamente las tarifas aplicables.	Stripe Connect uses direct charges: the seller or organizer receives payment in their connected account and KOMBAX only receives applicable fees.
Validando acceso Owner…	Validating Owner access…
Acceso Owner verificado	Owner access verified
Operación	Operation
La verificación de administración ha caducado.	Administrator verification has expired.
La sesión de administración se cerró por inactividad.	The administrator session was closed due to inactivity.
ACCESO MAESTRO	MASTER ACCESS
Acceso independiente del rol de cualquier club. La puerta permanece oculta y solo una cuenta Owner autorizada puede abrir la consola con su correo y contraseña.	Access independent of any club role. The entry point remains hidden and only an authorized Owner account can open the console with its email and password.
Abrir Consola Owner {VAR})}	Open Owner Console {VAR})}
La ruta oculta no concede permisos: se valida la cuenta Owner, la contraseña y una sesión administrativa temporal.	The hidden route does not grant permissions: the Owner account, password, and a temporary administrator session are validated.
Comprobando estado de plataforma…	Checking platform status…
Estado de KOMBAX	KOMBAX status
Área técnica visible únicamente dentro de la Consola de Plataforma.	Technical area visible only within the Platform Console.
Acceso global	Global access
Sesión admin	Admin session
GMV es volumen vendido por vendedores. No es ingreso de KOMBAX. Comisión KOMBAX por transacción configurada: {VAR}.	GMV is seller sales volume. It is not KOMBAX revenue. Configured KOMBAX fee per transaction: {VAR}.
{VAR} · {VAR} · {VAR} documento(s)	{VAR} · {VAR} · {VAR} document(s)
{VAR} · {VAR} días · {VAR}	{VAR} · {VAR} days · {VAR}
{VAR} alumnos · {VAR} sesiones · {VAR} asistencias · {VAR} mensajes · {VAR} leads	{VAR} students · {VAR} sessions · {VAR} attendance records · {VAR} messages · {VAR} leads
Verificar {VAR} valida la identidad y registra la solicitud comercial elegida. No realiza ningún cobro ni activa Billing automáticamente.	Verifying {VAR} validates the identity and records the selected commercial request. It does not make any charge or automatically activate Billing.
':''}${['perfil_directo','competidor','marca','federacion','profesional','media','espectador'].includes(context.entidad_tipo)?'	':''}${['perfil_directo','competidor','marca','federacion','profesional','media','espectador'].includes(context.entidad_tipo)?'
Antes de continuar en KOMBAX	Before continuing in KOMBAX
Debes aceptar las Condiciones y confirmar que has leído la Política de Privacidad.	You must accept the Terms and confirm that you have read the Privacy Policy.
Estas condiciones son independientes de las normas y documentos específicos de tu club.	These terms are separate from your club’s specific rules and documents.
He leído y acepto las	I have read and accept the
He leído la	I have read the
Política de Privacidad global de KOMBAX	KOMBAX global Privacy Policy
La lectura de la política de privacidad no se utiliza como consentimiento general. Los consentimientos opcionales se solicitan por separado cuando corresponda.	Reading the Privacy Policy is not used as general consent. Optional consents are requested separately where applicable.
Tu identidad pública está activa. Ya puedes acceder al feed profesional desde KOMBAX Social.	Your public identity is active. You can now access the professional feed from KOMBAX Social.
Las normas específicas se mostrarán antes de activar el servicio.	Specific rules will be shown before the service is activated.
Inscripción a la asociación	Association registration
Documento identificativo	Identity document
Otro documento	Other document
Todavía no hay un alumno vinculado	There is no linked student yet
Cuando el club apruebe tu inscripción aparecerá aquí. Puedes enviar una nueva solicitud desde Solicitudes.	When the club approves your registration, it will appear here. You can submit a new request from Requests.
Al día	Up to date
Acciones rápidas	Quick actions
Próxima actividad	Next activity
Sin clases próximas	No upcoming classes
Cuando haya una sesión programada para tus grupos aparecerá aquí.	When a session is scheduled for your groups, it will appear here.
No hay una clase disponible hoy para este alumno	There is no class available today for this student
Registrar acceso	Record access
Código de acceso	Access code
Déjalo vacío si esta clase no requiere código.	Leave it blank if this class does not require a code.
Acceso registrado	Access recorded
Sin alumno vinculado	No linked student
Sesión pasada	Past session
Próxima sesión	Next session
Sin próximas sesiones	No upcoming sessions
Cuando el club programe una sesión para tus grupos aparecerá aquí.	When the club schedules a session for your groups, it will appear here.
sesión	session
Consulta tus clases por semana, confirma a cuál asistirás y realiza el check-in al llegar	View your classes by week, confirm which one you will attend, and check in when you arrive
Día	Day
Tu próxima sesión seguirá visible arriba. Usa Semana anterior / siguiente para consultar otras semanas.	Your next session will remain visible above. Use Previous week / Next week to view other weeks.
Nueva	New
Amplía tu actividad o añade un menor	Expand your activity or add a minor
Matrículas activas	Active enrollments
Sin matrículas activas	No active enrollments
Estado y avisos de solicitudes	Request status and notices
Las resoluciones y cambios de estado de las solicitudes se muestran mediante notificaciones del club.	Request decisions and status changes are shown through club notifications.
Nueva solicitud deportiva	New sports request
Solicitud enviada al club	Request sent to the club
La solicitud quedará pendiente de aprobación por el club.	The request will remain pending club approval.
Teléfono de contacto	Contact phone
Solicitud del menor enviada	Minor’s request sent
Preparación y peso	Preparation and weight
El seguimiento se activa desde una inscripción concreta a un interclub, open o competición. Tu histórico sigue siendo privado.	Tracking is activated from a specific registration for an interclub, open, or competition. Your history remains private.
Evolución privada	Private progress
Confirma tu contraseña actual y crea una nueva. La sesión se cerrará por seguridad al terminar.	Confirm your current password and create a new one. Your session will be closed for security when finished.
Foto privada de acceso	Private access photo
JPG, PNG o WEBP · máximo 5 MB. No sustituye automáticamente tu avatar público KOMBAX.	JPG, PNG or WEBP · maximum 5 MB. It does not automatically replace your public KOMBAX avatar.
Elige el encuadre que se usará en tu perfil y accesos del club.	Choose the crop that will be used on your profile and club access views.
Adjuntar documento	Attach document
PDF, JPG, PNG o WEBP · máximo 10 MB.	PDF, JPG, PNG or WEBP · maximum 10 MB.
Ej. Inscripción firmada 2026	E.g. Signed registration 2026
Documento subido al expediente	Document uploaded to the record
Mi cuenta y familiares	My account and family
Tu perfil KOMBAX será tu única ficha pública. El expediente administrativo del club permanece privado.	Your KOMBAX profile will be your only public profile. The club’s administrative record remains private.
He leído y acepto las Normas de KOMBAX Social.	I have read and accept the KOMBAX Social Guidelines.
Entiendo qué información será pública y qué datos del club seguirán siendo privados.	I understand which information will be public and which club data will remain private.
Activar mi perfil KOMBAX	Activate my KOMBAX profile
Debes aceptar las normas y la privacidad antes de activar el servicio.	You must accept the guidelines and privacy information before activating the service.
RED PROFESIONAL GLOBAL · SERVICIO OPCIONAL	GLOBAL PROFESSIONAL NETWORK · OPTIONAL SERVICE
La edad se comprueba con la fecha de nacimiento validada por el club. El expediente administrativo no se publica y el contacto personal exige 18 años.	Age is checked using the date of birth validated by the club. The administrative record is not published and personal contact requires age 18+.
Próxima clase	Next class
Informar un pago	Report a payment
Cuotas y justificantes	Fees and receipts
Nueva solicitud	New request
Noticias y eventos del club	Club news and events
Tu evolución empieza aquí	Your progress starts here
Las graduaciones aparecerán en este espacio.	Gradings will appear here.
Cancelar asistencia	Cancel attendance
Cargando horarios…	Loading schedules…
Cargando solicitudes…	Loading requests…
Solicitar disciplina o grupo	Request discipline or group
Cargando Mi perfil…	Loading My Profile…
Información privada del club	Private club information
No forma parte de tu perfil público KOMBAX.	It is not part of your public KOMBAX profile.
${card('Mis competiciones',quickRow(icon('activity'),'Preparación y peso','El seguimiento se activa desde una inscripción concreta a un interclub, open o competición. Tu histórico sigue siendo privado.','	${card('My competitions',quickRow(icon('activity'),'Preparation and weight','Tracking is activated from a specific registration for an interclub, open, or competition. Your history remains private.','
Abrir mis competiciones	Open my competitions
${card('Seguridad y acceso',quickRow(icon('lock'),'Cambiar contraseña','Confirma tu contraseña actual y crea una nueva. La sesión se cerrará por seguridad al terminar.','	${card('Security and access',quickRow(icon('lock'),'Change password','Confirm your current password and create a new one. Your session will be closed for security when finished.','
Esta foto pertenece a tu cuenta privada del club y no crea un segundo perfil público.	This photo belongs to your private club account and does not create a second public profile.
{VAR})} Adjuntar documento	{VAR})} Attach document
Tu perfil KOMBAX será tu única ficha pública	Your KOMBAX profile will be your only public profile
Al activarlo, banner, avatar, información deportiva, álbum y publicaciones vivirán en la misma identidad Social. Tu expediente del club seguirá privado.	Once activated, your banner, avatar, sports information, album, and posts will live under the same Social identity. Your club record will remain private.
Aislamiento financiero inválido: se detectó un Club ficticio.	Invalid financial isolation: a fictitious Club was detected.
Gastos	Expenses
gastos registrados	recorded expenses
cobrado − gastos	collected − expenses
Asignación	Assignment
Aún no hay servicios o tarifas de referencia.	There are no reference services or rates yet.
Aún no hay gastos registrados.	There are no recorded expenses yet.
Sin cargos vencidos pendientes de revisión.	No overdue charges pending review.
Cargando Finanzas Profesionales…	Loading Professional Finance…
ADMINISTRACIÓN PROFESIONAL	PROFESSIONAL ADMINISTRATION
Tu actividad económica, separada del Club	Your business activity, separate from the Club
Registra servicios, cargos, pagos recibidos y gastos de tu actividad. KOMBAX no procesa dinero, no actúa como pasarela de pago y no genera facturas fiscales automáticas.	Record services, charges, payments received, and business expenses. KOMBAX does not process money, act as a payment gateway, or automatically generate tax invoices.
Reutilizan el centro de notificaciones con subject de Perfil Profesional.	They reuse the notification center with the Professional Profile subject.
Guardar servicio	Save service
option(c.id,c.nombre)).join('')}	option(c.id,c.nombre)).join('')}
option(s.id,s.nombre)).join('')}	option(s.id,s.nombre)).join('')}
Asignación Events	Events assignment
Sin asignación	No assignment
Crear cargo	Create charge
GASTOS	EXPENSES
Guardar gasto	Save expense
INFORME BÁSICO	BASIC REPORT
Últimos 12 meses	Last 12 months
Límite funcional R31	R31 functional limit
No hay cobro in-app, TPV, pasarela bancaria, facturación fiscal, IVA/VeriFactu ni automatización tributaria. El pago solo se marca cuando tú registras que lo has recibido.	There are no in-app payments, POS, banking gateway, tax invoicing, VAT/VeriFactu, or tax automation. A payment is only marked when you record that you received it.
Perfil profesional	Professional profile
Asignación sanitaria	Medical assignment
Asignación arbitral	Referee assignment
Estado clínico no verificable: operación detenida.	Clinical status cannot be verified: operation stopped.
UUID del Perfil Competidor	Competitor Profile UUID
Sin solicitudes de representación	No representation requests
Un Manager solo puede representarte después de que aceptes una solicitud concreta.	A Manager can only represent you after you accept a specific request.
Las relaciones aparecen aquí desde la solicitud y solo conceden permisos cuando el Competidor las acepta.	Relationships appear here from the request and only grant permissions when the Competitor accepts them.
Aún no hay clientes propios registrados.	There are no registered clients yet.
Aún no hay sesiones profesionales.	There are no professional sessions yet.
Aún no hay acreditaciones declaradas.	There are no declared credentials yet.
Cargando operaciones profesionales…	Loading professional operations…
PERFIL COMPETIDOR	COMPETITOR PROFILE
Quién puede representarme	Who can represent me
Ningún Manager obtiene permisos por declararlo. Tú aceptas, rechazas o revocas cada relación.	No Manager gains permissions simply by declaring a relationship. You accept, reject, or revoke each relationship.
Herramientas separadas del Club y habilitadas por especialidad/capacidad. Este entorno no contiene expediente sanitario ni datos clínicos.	Tools separate from the Club and enabled by specialty/capability. This environment contains no medical record or clinical data.
Teléfono opcional	Optional phone
Notas operativas no clínicas	Non-clinical operational notes
Guardar cliente	Save client
La solicitud no concede acceso. Solo una aceptación del Competidor activa los permisos seleccionados y puede revocarse en cualquier momento.	The request does not grant access. Only the Competitor’s acceptance activates the selected permissions, and it can be revoked at any time.
ID del Perfil Competidor	Competitor Profile ID
Solicitar representación	Request representation
Referencia pública opcional	Optional public reference
Guardar acreditación	Save credential
Abrir KOMBAX Events	Open KOMBAX Events
Gestionar perfil	Manage profile
Configura esta identidad sin perder la vista pública de tu perfil.	Configure this identity without losing the public view of your profile.
No tienes una identidad autorizada para iniciar Contacto KOMBAX. Los perfiles personales menores de 18 años no pueden iniciar conversaciones.	You do not have an authorized identity to initiate KOMBAX Contact. Personal profiles under age 18 cannot start conversations.
Contacto KOMBAX: indica el motivo y un primer mensaje. El chat de texto se habilita únicamente si la otra identidad acepta.	KOMBAX Contact: provide a reason and an initial message. Text chat is enabled only if the other identity accepts.
Entre 10 y 500 caracteres. Se enviará junto a la solicitud. Sin imágenes, vídeos, audios ni archivos.	Between 10 and 500 characters. It will be sent with the request. No images, videos, audio, or files.
Denunciar perfil	Report profile
Máximo 60 segundos en MP4/HD recomendado. Se conservará como contenido público de tu perfil Miembro.	Maximum 60 seconds, MP4/HD recommended. It will be kept as public content on your Member profile.
La imagen se incorporará a tu álbum público sin sustituir avatar ni banner.	The image will be added to your public album without replacing your avatar or banner.
Portada del vídeo · álbum KOMBAX Social	Video cover · KOMBAX Social album
Retirar del álbum	Remove from album
El contenido dejará de mostrarse en tu perfil público. Se conserva la trazabilidad técnica necesaria.	The content will no longer appear on your public profile. Necessary technical traceability is retained.
Primero añade una imagen de banner.	Add a banner image first.
Editar mi perfil	Edit my profile
Esta es tu única ficha pública KOMBAX. Los datos administrativos, financieros y documentos del club nunca forman parte de este perfil.	This is your only public KOMBAX profile. Club administrative data, financial data, and documents are never part of this profile.
Texto público y voluntario. No se publica automáticamente tu matrícula privada del club.	Public and voluntary text. Your private club enrollment is not published automatically.
Información declarada por ti. No se presentará como resultado oficial verificado.	Information declared by you. It will not be presented as an officially verified result.
Mostrar públicamente mi afiliación confirmada al club	Publicly show my confirmed club affiliation
Foto pública de perfil	Public profile photo
Opcional. Si eliges una imagen sustituirá tu avatar público de KOMBAX.	Optional. If you choose an image, it will replace your public KOMBAX avatar.
Eliminar foto pública actual	Remove current public photo
Portada pública	Public cover
Elige una imagen y después arrástrala en la vista previa para seleccionar exactamente qué zona debe verse en el banner.	Choose an image and then drag it in the preview to select exactly which area should appear in the banner.
Eliminar portada pública actual	Remove current public cover
Contenido de la publicación KOMBAX	KOMBAX post content
Centra el rostro sin modificar la fotografía original.	Center the face without modifying the original photo.
El perfil público no está disponible.	The public profile is unavailable.
Tu perfil KOMBAX no está disponible.	Your KOMBAX profile is unavailable.
Historial KOMBAX Eventos	KOMBAX Events history
Compartir perfil	Share profile
Compartir afiliación	Share affiliation
Gestionar álbum	Manage album
':''}${['competidor','profesional'].includes(type)?'	':''}${['competidor','profesional'].includes(type)?'
Gestionar perfil del club	Manage club profile
Avatar, banner, publicaciones, álbum, privacidad y acceso permanecen disponibles desde este espacio.	Avatar, banner, posts, album, privacy, and access remain available from this area.
Tu espacio visual público	Your public visual space
Estas fotos y vídeos forman parte de tu ficha KOMBAX. Avatar y banner se gestionan por separado y no cuentan dentro del límite.	These photos and videos are part of your KOMBAX profile. Avatar and banner are managed separately and do not count toward the limit.
Añade fotografías o vídeos para personalizar tu perfil público.	Add photos or videos to personalize your public profile.
Guardar encuadre	Save crop
Volver al perfil	Back to profile
No se pudo abrir tu perfil KOMBAX	Your KOMBAX profile could not be opened
{VAR})} ★ · {VAR} reseñas	{VAR})} ★ · {VAR} reviews
· MÁS ANTIGUA	· OLDEST
La publicación y sus interacciones se eliminarán. Si su foto o vídeo pertenece también al Álbum, el Álbum se conserva.	The post and its interactions will be deleted. If its photo or video also belongs to the Album, the Album content is preserved.
{VAR}/{VAR} publicadas hoy · {VAR}/{VAR} vídeos activos	{VAR}/{VAR} posted today · {VAR}/{VAR} active videos
Has alcanzado el límite. Elimina una publicación para poder crear otra.	You have reached the limit. Delete a post before creating another.
Has alcanzado el máximo de publicaciones de hoy. Podrás volver a publicar mañana.	You have reached today’s post limit. You can post again tomorrow.
KOMBAX no elimina publicaciones automáticamente: tú decides cuáles conservar.	KOMBAX does not delete posts automatically: you decide which ones to keep.
{VAR} likes · {VAR} comentarios · {VAR}	{VAR} likes · {VAR} comments · {VAR}
Se muestran primero las más recientes. Carga bloques de 10 para revisar las anteriores; la publicación más antigua queda marcada cuando aparece.	The most recent are shown first. Load blocks of 10 to review older posts; the oldest post is marked when it appears.
Ir a la más antigua	Go to oldest
Consultar configuración y datos necesarios para soporte	View configuration and data needed for support
Consultar datos de menores	View minors’ data
No se pudo identificar la cuenta.	The account could not be identified.
Autorizar soporte KOMBAX	Authorize KOMBAX Support
El código se mostrará una sola vez. Compártelo únicamente dentro de tu caso de soporte.	The code will be shown only once. Share it only within your support case.
Permitir consulta para soporte	Allow support read access
Permitir correcciones técnicas	Allow technical corrections
Permitir consultar datos de menores	Allow access to minors’ data
Generar autorización	Generate authorization
Autorización creada	Authorization created
Este código solo se muestra ahora	This code is shown only now
Autorización revocada	Authorization revoked
es el copiloto de gestión.	is the management copilot.
es el canal humano para incidencias técnicas, cuenta, facturación de KOMBAX, privacidad, seguridad y asuntos legales. El contacto general comienza en	is the human channel for technical issues, account matters, KOMBAX billing, privacy, security, and legal matters. General contact starts at
. Si soporte necesita consultar información privada, te pedirá una autorización temporal.	. If support needs to access private information, you will be asked for temporary authorization.
La moderación de contenido público y las funciones administrativas de seguridad/cumplimiento son independientes del soporte ordinario.	Public content moderation and administrative security/compliance functions are separate from ordinary support.
Sin accesos de soporte	No support access
No has concedido ninguna autorización temporal.	You have not granted any temporary authorization.
Tus datos no se comparten con otros clubes.	Your data is not shared with other clubs.
SOPORTE HUMANO	HUMAN SUPPORT
Canal separado del agente de gestión. Atiende plataforma, cuenta, facturación KOMBAX, privacidad, seguridad y cuestiones legales.	Channel separate from the management agent. Handles platform, account, KOMBAX billing, privacy, security, and legal matters.
Ver canales de soporte	View support channels
CANAL DE ENTRADA	CONTACT CHANNEL
Utiliza el correo para incidencias técnicas, cuenta, facturación de KOMBAX o seguimiento con una persona. KOMBAX Assist queda reservado a la gestión de tu organización.	Use email for technical issues, account matters, KOMBAX billing, or follow-up with a person. KOMBAX Assist remains reserved for managing your organization.
{VAR})} Escribir a soporte	{VAR})} Contact support
ACCESO TEMPORAL	TEMPORARY ACCESS
Autorizaciones de soporte	Support authorizations
Autorizar soporte	Authorize support
Qué significa esta autorización	What this authorization means
No concede propiedad ni convierte a KOMBAX en miembro de tu equipo. Solo crea una credencial temporal, con código de un solo uso y fecha de caducidad, para que el canal de soporte pueda validar el alcance autorizado.	It does not grant ownership or make KOMBAX a member of your team. It only creates a temporary credential with a single-use code and expiry date so the support channel can validate the authorized scope.
CÓDIGO TEMPORAL	TEMPORARY CODE
Válido hasta {VAR}.	Valid until {VAR}.
Envíalo únicamente dentro de tu conversación con {VAR}. Puedes revocarlo en cualquier momento desde Privacidad y soporte.	Send it only within your conversation with {VAR}. You can revoke it at any time from Privacy & Support.
Privacidad y acceso	Privacy and access
Mié	Wed
Sáb	Sat
Organización semanal de sesiones, excepciones y confirmaciones previas	Weekly session planning, exceptions, and advance confirmations
Días	Days
Crea una clase semanal y KOMBAX mantendrá 12 semanas futuras generadas automáticamente.	Create a weekly class and KOMBAX will keep 12 future weeks generated automatically.
Observación	Note
Editar sesión	Edit session
Nueva sesión puntual	New one-off session
Sesión guardada	Session saved
Editar serie semanal	Edit weekly series
Nueva serie semanal	New weekly series
Los cambios de una fecha concreta no alteran el resto de la serie.	Changes to a specific date do not alter the rest of the series.
Guardar serie	Save series
Selecciona al menos un día de la semana.	Select at least one day of the week.
Serie semanal guardada y próximas sesiones generadas	Weekly series saved and upcoming sessions generated
No se crearán nuevas sesiones después de hoy. Las sesiones ya generadas conservan su histórico.	No new sessions will be created after today. Already generated sessions keep their history.
Cambio en esta sesión	Change to this session
Afecta solo a esta fecha y se notificará a alumnos/familias del grupo.	Affects only this date and students/families in the group will be notified.
Salud, sustitución, festivo, cambio de sala…	Health, substitute coach, holiday, room change…
Guardar y notificar	Save and notify
Eliminar sesión	Delete session
Solo se elimina si todavía no tiene reservas, asistencia ni check-ins. Si ya tuvo actividad, usa Cambios / cancelar y conserva su histórico.	It can only be deleted if it has no reservations, attendance, or check-ins. If it already had activity, use Changes / cancel and preserve its history.
Sesión eliminada	Session deleted
Confirmación previa + presencia real mediante check-in	Advance confirmation + actual presence through check-in
Selecciona sesión	Select session
Selecciona una sesión	Select a session
Código (si aplica)	Code (if applicable)
Notas educativas y evolución	Educational notes and progress
Nueva nota de seguimiento	New follow-up note
Evolución	Progress
Última graduación	Latest grading
Cargando sesiones…	Loading sessions…
Editar serie	Edit series
Cambios / cancelar	Changes / cancel
Sesión puntual	One-off session
Cargando asistencia…	Loading attendance…
String(x.fecha)	String(x.fecha)
Sesión	Session
han indicado que asistirán	have indicated that they will attend
Cargando seguimiento…	Loading follow-up…
Nueva nota	New note
Ver historial anterior	View previous history
Cargando progreso…	Loading progress…
Mi ámbito	My scope
Alumnos, grupos y permisos asignados a tu cuenta	Students, groups, and permissions assigned to your account
Sin ámbitos explícitos	No explicit scopes
Tus grupos principales antiguos siguen funcionando, pero el Gestor puede organizarte en ámbitos desde Configuración.	Your existing primary groups continue to work, but the Manager can organize you into scopes from Settings.
Ámbito operativo del club	Club operational scope
Aún no hay ámbitos	There are no scopes yet
Editar ámbito	Edit scope
Nuevo ámbito	New scope
Ámbito activo	Scope active
Ámbito guardado	Scope saved
Asignar miembro del equipo	Assign staff member
Acceso financiero	Financial access
Puede ver teléfono/email operativo	Can view operational phone/email
Puede gestionar asistencia	Can manage attendance
Responsable del ámbito	Scope lead
Asignar alumno	Assign student
Este es su ámbito principal	This is their primary scope
Alumno asignado	Student assigned
Todos los alumnos con matrícula activa en este grupo quedarán dentro del alcance operativo.	All students with active enrollment in this group will fall within the operational scope.
Asignación retirada	Assignment removed
No se pudieron cargar los ámbitos	Scopes could not be loaded
Cargando ámbitos y privacidad…	Loading scopes and privacy…
Ámbitos	Scopes
Incluye sus matrículas activas	Includes their active enrollments
+ Alumno	+ Student
Privacidad por defecto	Default privacy
Un monitor solo accede a alumnos/grupos asignados. Finanzas está desactivado hasta que el Gestor lo habilite expresamente por ámbito.	A Coach only accesses assigned students/groups. Finance is disabled until the Manager explicitly enables it per scope.
.kx-subview-back,[aria-label="Volver"],button[id$="-back"],button[id*="-back-"]	.kx-subview-back,[aria-label="Back"],button[id$="-back"],button[id*="-back-"]
.kx-subview-close,.kx-auto-subview-close,[aria-label="Cerrar"],button[id$="-close"]	.kx-subview-close,.kx-auto-subview-close,[aria-label="Close"],button[id$="-close"]
Elige qué parte debe quedar visible.	Choose which area should remain visible.
No hay contenido multimedia disponible para ajustar.	There is no media available to adjust.
Añadiendo…	Adding…
Añadido al álbum	Added to album
Contenido añadido al álbum sin duplicar el archivo.	Content added to the album without duplicating the file.
No se pudo guardar el encuadre.	The crop could not be saved.
Automático	Automatic
Formato de previsualización	Preview format
No hay vídeo disponible para capturar la portada.	There is no video available to capture the cover.
El vídeo no contiene dimensiones válidas.	The video does not contain valid dimensions.
No se pudo crear la portada.	The cover could not be created.
No se pudo abrir este vídeo para elegir portada.	This video could not be opened to choose a cover.
No hay vídeo disponible.	There is no video available.
Portada automática guardada.	Automatic cover saved.
No se pudo guardar la portada.	The cover could not be saved.
Mueve el control o reproduce el vídeo hasta el momento que quieras.	Move the control or play the video to the moment you want.
Automática	Automatic
La portada solo afecta a la miniatura. El vídeo original permanece intacto y se reproduce completo al abrirlo.	The cover only affects the thumbnail. The original video remains unchanged and plays in full when opened.
